player_name,pitch_group,pitch_count,plate_x_std,plate_z_std,command_delta,season,z_score,command_grade
"Abbott, Andrew",Curveball,324,0.6273411872382754,0.9627450603092262,1.1491018302810871,2023,-1.051110284410013,61.0
"Abbott, Andrew",Four-Seam,945,0.68487537258263,0.8797515873499575,1.114906781491155,2023,0.13824744856612584,49.0
"Abbott, Andrew",Offspeed,310,0.6693125266931859,0.9221428445800143,1.139441391295988,2023,-0.058763181999769404,51.0
"Abbott, Andrew",Sweeper,313,0.68171967736869,0.8749917315016674,1.1092124452547207,2023,-1.068980285421608,61.0
"Abbott, Cory",Curveball,332,0.8674525509777834,1.0196550440416459,1.3387196633490654,2023,0.39602569444009683,46.0
"Abbott, Cory",Four-Seam,323,0.7768277796936637,0.8863256826024195,1.1785731266851591,2023,0.9253284891859911,41.0
"Abreu, Albert",Offspeed,150,0.8003778948472874,0.7035047811912378,1.0656095681435611,2023,-0.5081945427669055,55.0
"Abreu, Albert",Sinker,539,0.7803319814796323,0.8057223379273224,1.121653461259314,2023,0.8077814886151916,42.0
"Abreu, Albert",Slider,293,0.7492290263794437,0.962295017494801,1.2195719883077047,2023,0.4011917889535746,46.0
"Abreu, Bryan",Four-Seam,496,0.8344530031086437,0.993735886413183,1.2976219890023553,2023,2.397080984977981,26.0
"Abreu, Bryan",Slider,711,0.8852637905740599,0.9246984217511938,1.2801402853166919,2023,0.9213767582991323,41.0
"Adam, Jason",Four-Seam,303,0.7144466791307855,0.7294006356336357,1.021008983596011,2023,-1.0225727030229121,60.0
"Adam, Jason",Offspeed,319,0.7739661079882816,0.9035290234662652,1.1897009004621417,2023,0.2471780589391027,48.0
"Adam, Jason",Sweeper,272,1.1362543909384768,0.8243113391785261,1.4037675109594407,2023,1.5800243787523192,34.0
"Adams, Austin",Slider,325,0.9811723454631688,0.8137664819968673,1.2747215612529874,2023,0.8748385700031679,41.0
"Adcock, Ty",Slider,116,0.7166036845132422,0.8628079294728481,1.1215874303054478,2023,-0.44033912437521,54.0
"Adon, Joan",Curveball,189,0.794318004835953,0.9217190163485546,1.2167608795096578,2023,-0.534746170079301,55.0
"Adon, Joan",Four-Seam,375,0.7982718908537156,0.7768379156126621,1.1138739420870711,2023,0.12547887656026568,49.0
"Adon, Joan",Offspeed,140,0.8489809142507493,0.7416977542325061,1.1273349774559385,2023,-0.13245771931209493,51.0
"Adon, Joan",Sinker,116,0.738619110979154,0.6520545532302636,0.9852580025008447,2023,-0.7671388240749043,58.0
"Adon, Joan",Slider,104,0.889154422448742,0.8951041219056872,1.2616683304310636,2023,0.7627321577334718,42.0
"Akin, Keegan",Four-Seam,271,0.6482022998057059,0.7912786770308133,1.0228822836460902,2023,-0.9994138590792758,60.0
"Akin, Keegan",Slider,113,0.7081239678434553,0.8005314839847038,1.0687797765139042,2023,-0.8938725589488943,59.0
"Alcala, Jorge",Slider,133,0.7287134715217454,0.9564488763471269,1.2024216301459962,2023,0.2538975942151965,47.0
"Alcantara, Sandy",Cutter,532,0.7866897670322657,0.7369584845373809,1.0779557493166931,2023,-0.217718183978864,52.0
"Alcantara, Sandy",Four-Seam,582,0.6371793669801551,0.6916892680432957,0.9404422306720925,2023,-2.0185865866138513,70.0
"Alcantara, Sandy",Offspeed,742,0.6768561195303101,0.792588945144293,1.042272249707615,2023,-0.6502541904024457,57.0
"Alcantara, Sandy",Sinker,789,0.728008596481502,0.6505462950250672,0.9763232039247086,2023,-0.8703064507351836,59.0
"Alexander, Scott",Sinker,522,0.7110447618760449,0.7581967355275552,1.0394454979247363,2023,-0.1414509308437137,51.0
"Alexander, Scott",Slider,111,0.8752933722203099,0.7253020216597202,1.1367504167918652,2023,-0.31011327933529165,53.0
"Alexander, Tyler",Cutter,241,0.7497125456437925,0.6558423218370516,0.9960913874782326,2023,-1.1900284942591428,62.0
"Alexander, Tyler",Four-Seam,190,0.646769265561013,0.7368624091924904,0.9804471902939461,2023,-1.5240215985785466,65.0
"Alexander, Tyler",Offspeed,116,0.6057255499312959,0.685257651507934,0.9145936205713114,2023,-1.4274634964105581,64.0
"Allen, Logan",Cutter,192,0.7400166755046896,0.864953863473416,1.1383188771001744,2023,0.4992200561366408,45.0
"Allen, Logan",Four-Seam,960,0.7500070142448121,0.7106774898440544,1.0332342502973195,2023,-0.8714367204594351,59.0
"Allen, Logan",Offspeed,454,0.7514713937138875,0.8924499172664246,1.1666945231718286,2023,0.10713292649586205,49.0
"Allen, Logan",Sweeper,475,0.8220319301266329,0.7812947994555615,1.1340890872431597,2023,-0.8452586512385438,58.0
"Almonte, Yency",Four-Seam,128,0.7519807805874205,0.7591359000732549,1.0685328301708361,2023,-0.43505478437387834,54.0
"Almonte, Yency",Sinker,213,0.6758228711893498,0.6072092878749096,0.9085371057387647,2023,-1.6530136165221043,67.0
"Almonte, Yency",Sweeper,401,0.8833343060248285,0.6870267361797546,1.1190555090906669,2023,-0.9804592411516666,60.0
"Alvarado, José",Cutter,306,0.6038169456987283,0.9005933950113912,1.0842801146618362,2023,-0.1426031339990462,51.0
"Alvarado, José",Sinker,432,0.6414927142755112,0.885049423698865,1.093080685429148,2023,0.477859616915962,45.0
"Alzolay, Adbert",Four-Seam,192,0.8633080582229584,0.6645607897487575,1.089468607470719,2023,-0.17623431441969278,52.0
"Alzolay, Adbert",Sinker,193,0.888157745482921,0.7580405794327517,1.1676684893102354,2023,1.33910418092514,37.0
"Alzolay, Adbert",Slider,448,0.6929746052402859,0.8562191054426731,1.1015103086367288,2023,-0.6127695448349427,56.0
"Anderson, Chase",Cutter,381,0.6871093061315962,0.7262476721809782,0.9997774151884674,2023,-1.146249215142398,61.0
"Anderson, Chase",Four-Seam,356,0.7996431965873704,0.766504673019564,1.107681658063045,2023,0.048926196512547204,50.0
"Anderson, Chase",Offspeed,332,0.805389474442962,0.6750670750758344,1.050889033816108,2023,-0.5978018352801621,56.0
"Anderson, Chase",Sinker,201,0.681462616891654,0.7113488902748749,0.9850931640794779,2023,-0.7690421673422349,58.0
"Anderson, Chase",Sweeper,113,0.8247345428423364,0.9147103903183754,1.2316177021761876,2023,0.031839677489583995,50.0
"Anderson, Grant",Four-Seam,104,0.9587272272561335,0.6029097847645634,1.132544968134637,2023,0.3563011511258657,46.0
"Anderson, Grant",Sinker,167,0.903735364641289,0.550313017164786,1.0581030319228528,2023,0.07398240942880625,49.0
"Anderson, Grant",Slider,298,0.8675238802581031,0.5376197196016672,1.020604059232889,2023,-1.3076250541413321,63.0
"Anderson, Nick",Curveball,274,0.6503596728392967,1.0466278975948566,1.2322327945966487,2023,-0.416666743572663,54.0
"Anderson, Nick",Four-Seam,229,0.6519211544978764,0.7621964267490484,1.0029678881354385,2023,-1.2456074028436748,62.0
"Anderson, Tyler",Cutter,538,0.6847620775177995,0.9387435891942688,1.1619546587796923,2023,0.7799443383814223,42.0
"Anderson, Tyler",Four-Seam,910,0.6717473464213333,0.9108171411295825,1.1317386456243193,2023,0.3463329150262096,47.0
"Anderson, Tyler",Offspeed,823,0.5601381652074017,1.0326305896021832,1.1747683595943785,2023,0.1562802336469599,48.0
"Anderson, Tyler",Sinker,135,0.8543704116868035,0.7884388507140226,1.162576716471273,2023,1.280310900381351,37.0
"Armstrong, Shawn",Cutter,300,0.6383085316125612,0.6685489402976289,0.924335148689298,2023,-2.0422837276058283,70.0
"Armstrong, Shawn",Four-Seam,165,0.7420198367529701,0.8457021379388058,1.1250802390270533,2023,0.2640177518504886,47.0
"Armstrong, Shawn",Sinker,273,0.7451639260604863,0.6523103583344773,0.9903424055811869,2023,-0.7084306400779955,57.0
"Ashcraft, Graham",Cutter,1231,0.7152764698859094,0.8994876578539844,1.1492164613353286,2023,0.6286516338223809,44.0
"Ashcraft, Graham",Sinker,222,0.872433743250582,0.9365208135196085,1.279926509811267,2023,2.635316227563225,24.0
"Ashcraft, Graham",Slider,868,0.8035516797709297,1.0106957033573964,1.291201419937178,2023,1.0163742447338406,40.0
"Assad, Javier",Cutter,466,0.7276949826365475,0.8577611714732882,1.1248529748556622,2023,0.3392843369112035,47.0
"Assad, Javier",Four-Seam,335,0.7221594812128849,0.8584921989782869,1.121839191690252,2023,0.22395000643845656,48.0
"Assad, Javier",Sinker,523,0.6869412634136083,0.8126668413496838,1.0641032348459225,2023,0.1432650787333527,49.0
"Assad, Javier",Sweeper,180,0.7771490615199425,1.0737889593013543,1.3255125019926493,2023,0.8762582314886654,41.0
"Avila, Pedro",Curveball,180,0.8871255483162909,1.0562918806927168,1.3793999694406391,2023,0.7064919286715925,43.0
"Avila, Pedro",Four-Seam,272,0.7839937258577194,0.9312293567075505,1.2173061558121798,2023,1.4041691196440138,36.0
"Avila, Pedro",Offspeed,229,0.8723077875171171,0.9317025526949294,1.2763191304925487,2023,0.7744432317012226,42.0
"Avila, Pedro",Sinker,206,0.6971802995414321,0.8250029499324054,1.0801343608393597,2023,0.3283720184524188,47.0
"Bachman, Sam",Sinker,121,0.7957570956521501,1.0721986860607196,1.3352300841694207,2023,3.2738911729010947,20.0
"Bachman, Sam",Slider,190,0.8058381718193766,0.9674762623682018,1.25912091453011,2023,0.7408539222904102,43.0
"Baker, Bryan",Four-Seam,445,0.737296587356073,0.8238902093436538,1.1056226005193819,2023,0.023470908491471282,50.0
"Baker, Bryan",Offspeed,113,0.9304163666559024,1.761222582606517,1.991878410150665,2023,5.130217842635072,20.0
"Baker, Bryan",Slider,226,1.0928653449680392,0.7717538472602428,1.3378933675719815,2023,1.4173835276180986,36.0
"Balazovic, Jordan",Four-Seam,186,0.565569567736489,0.8367847301462171,1.0099889210063229,2023,-1.158809239050814,62.0
"Banks, Tanner",Four-Seam,355,0.7595019475635274,0.7965143478868788,1.1005808987723034,2023,-0.03885759246917869,50.0
"Banks, Tanner",Offspeed,166,0.6893863523711506,0.7562875596917235,1.023339833965268,2023,-0.7655001779236471,58.0
"Banks, Tanner",Slider,306,0.7524134649502232,0.8390860548931605,1.1270276969775714,2023,-0.3936159194673624,54.0
"Banks, Tanner",Sweeper,151,0.7666800256728007,0.8541776389831264,1.1477881776287968,2023,-0.7220594312907492,57.0
"Bard, Daniel",Sinker,388,0.914371996690283,0.8393165706923188,1.2411802665890597,2023,2.187924165932021,28.0
"Bard, Daniel",Slider,423,0.8782314516419228,0.8559202440726634,1.2263319073018066,2023,0.45924870038041526,45.0
"Barlow, Scott",Curveball,402,0.9024822462894131,0.7741922879352025,1.189053364473575,2023,-0.7462059322994039,57.0
"Barlow, Scott",Four-Seam,256,0.776588890265417,0.8796234735179744,1.1733830404635557,2023,0.8611655715289684,41.0
"Barlow, Scott",Slider,310,0.7522614319143404,0.6673289994829562,1.0055969647412113,2023,-1.4365120358400414,64.0
"Barlow, Scott",Sweeper,134,0.8932785740831974,0.6635536576005788,1.1127668522342031,2023,-1.0370146471987705,60.0
"Barnes, Jacob",Four-Seam,105,0.6774007255085669,0.7669487274109396,1.0232702934204592,2023,-0.9946170526024728,60.0
"Barnes, Matt",Curveball,194,0.6525219994329735,1.0160253760356432,1.207515020400316,2023,-0.6053092345127546,56.0
"Barnes, Matt",Four-Seam,182,0.7597446049676149,1.031118430639797,1.2807876806022436,2023,2.1889653010432366,28.0
"Barria, Jaime",Four-Seam,408,0.6997740106872357,0.9208527397614239,1.1565696841779227,2023,0.6533089100340529,43.0
"Barria, Jaime",Offspeed,190,0.7923486011622118,0.9555178602658034,1.241302012827923,2023,0.5612859484296889,44.0
"Barria, Jaime",Slider,684,0.8151875525676628,0.8081412353517048,1.1478776076468413,2023,-0.21454847531019106,52.0
"Bass, Anthony",Slider,181,0.6622311757887428,0.9615044697761862,1.1674934584768026,2023,-0.046079634900885735,50.0
"Bassitt, Chris",Curveball,396,0.9940043526304116,0.9015099242470563,1.3419257790817407,2023,0.4204943077242093,46.0
"Bassitt, Chris",Cutter,484,0.7741828012036029,0.8134560068568022,1.1229735904155855,2023,0.31696272067882325,47.0
"Bassitt, Chris",Four-Seam,292,0.8007885731463775,0.7416107387545496,1.0914434601562648,2023,-0.15182001669184447,52.0
"Bassitt, Chris",Offspeed,309,0.9144351145832438,0.9509877534476848,1.3193063654778387,2023,1.0361164599942514,40.0
"Bassitt, Chris",Sinker,1232,0.7111140038941903,0.6816918066013901,0.9850821517629347,2023,-0.7691693234893057,58.0
"Bassitt, Chris",Slider,145,0.6992380774902434,0.7860896817510661,1.05207931106345,2023,-1.0373028935860393,60.0
"Bassitt, Chris",Sweeper,281,1.0410071992925625,0.8130698379438076,1.3209006587752594,2023,0.8347828144420225,42.0
"Battenfield, Peyton",Cutter,226,0.6752682387782433,1.0249760250526117,1.2274212994059222,2023,1.5574974546678786,34.0
"Battenfield, Peyton",Four-Seam,245,0.6830663383733951,1.0303004167701333,1.2361628417872572,2023,1.6372866321175223,34.0
"Baumann, Mike",Curveball,272,0.7579102425604988,1.0016183106952077,1.2560522186987433,2023,-0.23488033110336207,52.0
"Baumann, Mike",Four-Seam,550,0.6886387956887409,0.9038341273431953,1.136283204433593,2023,0.40251544075250656,46.0
"Baumann, Mike",Slider,223,0.6846388302562297,1.014722160137759,1.2240879830180749,2023,0.4399769733814943,46.0
"Bautista, Félix",Offspeed,245,0.7091532038790194,1.432698477541859,1.598600386001029,2023,2.736243672601703,23.0
"Bautista, Félix",Sinker,696,0.6936559823723111,0.9735779093681663,1.195413136740008,2023,1.6594638850040766,33.0
"Bazardo, Eduard",Sweeper,122,0.8903414860561194,0.8193835102057994,1.209998883714277,2023,-0.16258356490998788,52.0
"Beck, Tristan",Curveball,103,0.7156979584527012,1.121492454061847,1.3304017785056619,2023,0.3325447958871322,47.0
"Beck, Tristan",Four-Seam,475,0.7642269928724436,0.8690073307517483,1.1572452797636015,2023,0.6616610225197607,43.0
"Beck, Tristan",Slider,429,0.7031077827085165,0.822019707267861,1.0817009537030216,2023,-0.7829002765511871,58.0
"Beck, Tristan",Sweeper,285,0.8455668002607534,0.876559757109894,1.2179245549243867,2023,-0.09130609442392143,51.0
"Bednar, David",Curveball,281,0.8434915548494736,1.0064598963268139,1.3131791675230624,2023,0.20110431057305503,48.0
"Bednar, David",Four-Seam,640,0.6679595774753931,0.8044519639527131,1.0456160669425862,2023,-0.7183653748336662,57.0
"Bednar, David",Offspeed,183,0.6291674368310177,0.7806503006566413,1.002629819765908,2023,-0.8915668178318761,59.0
"Beeks, Jalen",Four-Seam,318,0.6302365779449727,0.8670946309071026,1.0719380780286303,2023,-0.39295709493821057,54.0
"Beeks, Jalen",Offspeed,324,0.6612541137244906,0.9832497612990014,1.1849207129644181,2023,0.21807995354099238,48.0
"Bellatti, Andrew",Four-Seam,216,0.8325139988567541,0.7885082311144013,1.1466580958714876,2023,0.5307759891532835,45.0
"Bellatti, Andrew",Slider,215,0.9070036881935654,0.7475587129483271,1.1753721622114799,2023,0.021585851221296266,50.0
"Bello, Brayan",Four-Seam,540,0.6925291734334653,0.8565791851099465,1.1015101254278412,2023,-0.027369942584709924,50.0
"Bello, Brayan",Offspeed,626,0.7935555332487473,0.7274804587972555,1.0765492103390206,2023,-0.4416024139492205,54.0
"Bello, Brayan",Sinker,951,0.7903157785140849,0.6290612730682016,1.0101074769758467,2023,-0.4802088744520432,55.0
"Bello, Brayan",Slider,308,0.8769885667320807,0.9224890737180563,1.272829539768773,2023,0.858589126212117,41.0
"Bello, Brayan",Sweeper,155,0.8205743745809241,0.9141699418317141,1.228433550000762,2023,0.0032038299139807666,50.0
"Bernardino, Brennan",Curveball,369,1.0084643175002592,0.7020799217369539,1.228786595051163,2023,-0.442967641921087,54.0
"Bernardino, Brennan",Sinker,481,0.7713236370366774,0.6818402402635432,1.029488351703959,2023,-0.25642332055719297,53.0
"Berríos, José",Curveball,870,0.8663244311098574,0.7807314359118093,1.166215929816916,2023,-0.9204979428216512,59.0
"Berríos, José",Four-Seam,597,0.7062406198213099,0.7396640954624615,1.0226821535559762,2023,-1.0018879857015324,60.0
"Berríos, José",Offspeed,543,0.6834605727491933,0.779652508827044,1.036810681379662,2023,-0.6835000182954802,57.0
"Berríos, José",Sinker,926,0.8243423273317153,0.6489397722153735,1.0491249213480773,2023,-0.029685328797219326,50.0
"Bibee, Tanner",Curveball,216,0.6969035755566656,1.0050949962004676,1.223066042783824,2023,-0.4866260725181232,55.0
"Bibee, Tanner",Cutter,629,0.7139926145091592,0.9404112572697653,1.1807450132748076,2023,1.0031190507852588,40.0
"Bibee, Tanner",Four-Seam,1092,0.7406124558118472,0.8657433821180547,1.139306110483422,2023,0.4398863944666741,46.0
"Bibee, Tanner",Offspeed,386,0.7176069818120802,0.9354466894906656,1.1789912167715622,2023,0.1819857406550788,48.0
"Bickford, Phil",Four-Seam,872,0.7782724892202337,0.786160986102902,1.1062355823003283,2023,0.031048952064698557,50.0
"Bickford, Phil",Slider,331,0.772017137721171,0.7777646986324217,1.0958687820053874,2023,-0.6612212514654107,57.0
"Bido, Osvaldo",Four-Seam,261,0.8999129978616863,0.7532448986781938,1.1735507151824032,2023,0.8632384656427106,41.0
"Bido, Osvaldo",Sinker,222,0.8474252109394161,0.7801819206555521,1.1518738287909402,2023,1.1567276420703405,38.0
"Bido, Osvaldo",Slider,341,0.7785441478794101,0.8524401913607389,1.154463195621415,2023,-0.15798878900816715,52.0
"Bieber, Shane",Curveball,266,0.7201805337024169,1.1223879617566357,1.333572171957751,2023,0.3567407818732395,46.0
"Bieber, Shane",Cutter,527,0.7695682403103903,0.8903728660343662,1.176859854470651,2023,0.9569746739462646,40.0
"Bieber, Shane",Four-Seam,687,0.7572186648069577,0.7336431608944053,1.054330305862051,2023,-0.6106347957334793,56.0
"Bieber, Shane",Slider,406,0.7274116665836978,1.021665005830776,1.2541639114650334,2023,0.698281180199442,43.0
"Bielak, Brandon",Curveball,154,1.0118372645078195,1.4005943724967267,1.727853942356288,2023,3.3658424392257293,20.0
"Bielak, Brandon",Four-Seam,425,0.7552898074335215,0.7900857752132113,1.093022518252587,2023,-0.13229876592952577,51.0
"Bielak, Brandon",Offspeed,344,0.7516801313792496,0.8061929152336489,1.1022567924414235,2023,-0.28511442390646047,53.0
"Bielak, Brandon",Sinker,300,0.7099262784197149,0.7357878936343167,1.0224378441791417,2023,-0.3378335640996277,53.0
"Bielak, Brandon",Sweeper,165,0.9195388596660738,1.0168598907830249,1.3709689099024998,2023,1.2850586582669208,37.0
"Bird, Jake",Curveball,278,0.9309904723037493,0.8071202036096187,1.23214702150157,2023,-0.41732135147476507,54.0
"Bird, Jake",Cutter,183,0.8527423973151946,0.7779994915119375,1.1543191954445264,2023,0.6892572609056541,43.0
"Bird, Jake",Sinker,824,0.8677796447765149,0.6513156014852649,1.0850131449095752,2023,0.3847059770999553,46.0
"Blach, Ty",Cutter,209,0.7507429477629323,0.6526748310694023,0.9947861120498465,2023,-1.2055313666724115,62.0
"Blach, Ty",Offspeed,279,0.8498427828001941,0.629285473706041,1.0574653483188063,2023,-0.5577702899439669,56.0
"Blach, Ty",Sinker,690,0.7671630700464764,0.6104656709378479,0.9804119090651294,2023,-0.8230953130854172,58.0
"Blackburn, Paul",Curveball,219,0.6713065037579026,1.081724257191884,1.2730984999539476,2023,-0.10478556886039933,51.0
"Blackburn, Paul",Cutter,383,0.5245228775907526,0.82028831322819,0.9736514601924205,2023,-1.4565495074564168,65.0
"Blackburn, Paul",Four-Seam,273,0.7440641480541532,0.9590157200107858,1.2138132507298471,2023,1.3609877597181148,36.0
"Blackburn, Paul",Offspeed,209,0.5190327005442352,0.8473444383285464,0.9936737600442922,2023,-0.9460844219751138,59.0
"Blackburn, Paul",Sinker,450,0.8320986187947772,0.7700148177571666,1.1337155423499223,2023,0.9470589740669163,41.0
"Blackburn, Paul",Sweeper,340,0.7333973756750415,0.8553871592030621,1.1267470447161256,2023,-0.911287408381609,59.0
"Blanco, Ronel",Four-Seam,364,0.7708940495162512,0.9328334524154284,1.2101470511986763,2023,1.3156640312502557,37.0
"Blanco, Ronel",Slider,440,0.6943927675045971,1.0569501483993373,1.2646441917646538,2023,0.7882900553966758,42.0
"Bleier, Richard",Cutter,178,0.7067390759389088,0.698704425446669,0.9938148698815804,2023,-1.217066896331184,62.0
"Bleier, Richard",Sinker,191,0.6739928784156562,0.581075744948195,0.8898962981843004,2023,-1.8682538212158684,69.0
"Bolton, Cody",Four-Seam,246,0.7992707843775514,0.8213216593604912,1.1460379814361201,2023,0.5231097674845958,45.0
"Bolton, Cody",Sweeper,131,0.8668638943679992,0.9024790193399495,1.2513678083232165,2023,0.20945713986877976,48.0
"Borucki, Ryan",Sinker,107,0.8567111426801862,0.7059784895232484,1.1101169351297717,2023,0.6745724396873208,43.0
"Borucki, Ryan",Slider,289,0.7764481903319692,0.8155132358299327,1.1260255903324745,2023,-0.40222241560813016,54.0
"Boxberger, Brad",Four-Seam,184,0.7245175230617762,0.8572873495086408,1.1224380788493955,2023,0.23135380395496605,48.0
"Boxberger, Brad",Slider,110,0.7674905215318473,0.7612273800647172,1.0809758668913108,2023,-0.7891276146067161,58.0
"Boyd, Matthew",Four-Seam,454,0.7429566303406409,0.6449284164742207,0.9838278390770743,2023,-1.482228017463019,65.0
"Boyd, Matthew",Offspeed,220,0.8215508758367343,0.7032896720311959,1.0814629926048567,2023,-0.4116910863406793,54.0
"Boyd, Matthew",Slider,334,0.9096073908082617,0.7228629251817441,1.1618590336246999,2023,-0.0944703485862321,51.0
"Boyle, Joe",Four-Seam,135,0.6922832577567997,0.9729359713170869,1.1940940135739275,2023,1.1172068790406289,39.0
"Bradford, Cody",Cutter,130,0.6221678223346117,0.7414665260763417,0.9679180794056443,2023,-1.524645381247573,65.0
"Bradford, Cody",Four-Seam,531,0.6451753878463115,0.7519351688731534,0.9907864448360888,2023,-1.3962016145749772,64.0
"Bradford, Cody",Offspeed,270,0.6814366034252783,0.8371603012427823,1.0794411584077597,2023,-0.4239984580897266,54.0
"Bradish, Kyle",Curveball,457,0.6652061430817184,1.1327119719213157,1.3135964464505572,2023,0.20428892321957326,48.0
"Bradish, Kyle",Four-Seam,586,0.6885545656655938,0.9687825551651441,1.1885482863944739,2023,1.0486473173742974,40.0
"Bradish, Kyle",Offspeed,173,0.6387553986878919,0.8534977936935918,1.066052035874777,2023,-0.5055011394884124,55.0
"Bradish, Kyle",Sinker,598,0.6794156120319659,0.8551083562098024,1.0921611029205358,2023,0.46724145422058694,45.0
"Bradish, Kyle",Slider,824,0.7717434387916966,0.9234247364525284,1.2034538542089825,2023,0.2627627508908515,47.0
"Bradley, Taj",Curveball,304,0.6613098583747321,1.2429679670725777,1.407941794234458,2023,0.9243190227422435,41.0
"Bradley, Taj",Cutter,451,0.693989180754978,0.9405037328587759,1.1688320044070735,2023,0.8616271843804996,41.0
"Bradley, Taj",Four-Seam,817,0.640504922201526,0.8924470557670163,1.098502754985894,2023,-0.06454883591939822,51.0
"Bradley, Taj",Offspeed,248,0.7064453034115021,1.1517854257710345,1.3511752786854607,2023,1.2301098955823377,38.0
"Brash, Matt",Curveball,109,0.9614414829482465,1.0699644413007927,1.4384691970222514,2023,1.157299761949548,38.0
"Brash, Matt",Four-Seam,439,0.8238139302394732,0.795386860897636,1.1451242946270954,2023,0.5118142303800796,45.0
"Brash, Matt",Slider,665,0.9280325045661263,0.9463452721395166,1.3254484915047031,2023,1.3105019114054797,37.0
"Brasier, Ryan",Cutter,121,0.6179956977541985,0.7350296942320339,0.9603058543222237,2023,-1.6150564559395006,66.0
"Brasier, Ryan",Four-Seam,328,0.6889297188578754,0.9094592039966508,1.1409382986208383,2023,0.4600644702423522,45.0
"Brasier, Ryan",Sinker,134,0.6320263571338979,0.7579504789980387,0.986887148931073,2023,-0.7483275247203081,57.0
"Brasier, Ryan",Slider,319,0.6757794305298037,0.9207862594723271,1.14215812143513,2023,-0.26366973026754864,53.0
"Brazobán, Huascar",Cutter,331,0.9251987327084951,0.8428644836889689,1.2515643143161592,2023,1.844246191130214,32.0
"Brazobán, Huascar",Four-Seam,168,0.7277292913301552,0.758063902961,1.0508333847153668,2023,-0.6538658046238253,57.0
"Brazobán, Huascar",Offspeed,287,0.7307735228345184,0.7937840832529273,1.0789453704899348,2023,-0.4270164336596909,54.0
"Brazobán, Huascar",Sinker,226,0.6581761988002149,0.7433786890402316,0.9928785343566823,2023,-0.6791466685991614,57.0
"Brebbia, John",Four-Seam,309,0.721996795260061,0.7725691661471366,1.057422568724103,2023,-0.5724064120573379,56.0
"Brebbia, John",Slider,364,0.7851013549796894,0.7957423967941881,1.1178506607086223,2023,-0.47243200917082667,55.0
"Brieske, Beau",Four-Seam,247,0.697240439708254,0.7917564111861297,1.0549987892973618,2023,-0.6023706078599919,56.0
"Brieske, Beau",Offspeed,150,0.6399994546199935,0.8439574886658663,1.0591806005536002,2023,-0.5473291534119492,55.0
"Brieske, Beau",Sinker,125,0.5701887082065781,0.6391727784976117,0.8565378005310934,2023,-2.253435087755641,73.0
"Brieske, Beau",Slider,102,0.678449133125329,0.8340381502124563,1.075133881081015,2023,-0.8393009455358489,58.0
"Brigham, Jeff",Cutter,127,0.7950889644555871,0.9218888166187043,1.2173928912252168,2023,1.4383891583247197,36.0
"Brigham, Jeff",Four-Seam,266,0.6809698338731973,0.8837729593210756,1.115694652793685,2023,0.14798757991464623,49.0
"Brigham, Jeff",Sweeper,287,0.9482009424848321,0.9206463617592874,1.3216182318467526,2023,0.8412361219372557,42.0
"Brito, Jhony",Curveball,151,0.8781552746156386,0.787122646402427,1.1792873894071911,2023,-0.8207384467705012,58.0
"Brito, Jhony",Four-Seam,239,0.7046841268038612,0.8034225100557517,1.0686755579845573,2023,-0.4332902986662925,54.0
"Brito, Jhony",Offspeed,419,0.6671746872825465,0.7491615128196208,1.0031774696636415,2023,-0.8882331464114345,59.0
"Brito, Jhony",Sinker,472,0.6499516933699354,0.7032469364113596,0.9575977533841699,2023,-1.0865240043766975,61.0
"Brito, Jhony",Sweeper,140,0.8349064369981036,0.7361713558430042,1.113111415674368,2023,-1.0339159051760631,60.0
"Brogdon, Connor",Cutter,133,0.6690520868326821,0.8334791950305594,1.068792900165395,2023,-0.32654615870772113,53.0
"Brogdon, Connor",Four-Seam,177,0.7079204691436506,0.8952986101168746,1.141363654542133,2023,0.4653229718910073,45.0
"Brogdon, Connor",Offspeed,234,0.7173949533802348,0.7770485136780263,1.0575726508115928,2023,-0.5571171148862799,56.0
"Brown, Hunter",Curveball,648,0.6837558576342174,1.134610593037362,1.3247125237883497,2023,0.28912522368205595,47.0
"Brown, Hunter",Cutter,643,0.630597414488642,0.8771450260576085,1.0802946338371595,2023,-0.18993904440294168,52.0
"Brown, Hunter",Four-Seam,1256,0.6632930811929204,0.8707457546240454,1.0946030699546738,2023,-0.11275905032874474,51.0
"Brown, Hunter",Offspeed,130,0.712853779232418,0.8226640103587918,1.08854792476287,2023,-0.3685634678590801,54.0
"Bruihl, Justin",Cutter,162,0.6142400941202812,0.911451190563318,1.0991060758653743,2023,0.0334861265079977,50.0
"Bruihl, Justin",Sinker,139,0.687646505467489,0.6993052140583715,0.9807576147503899,2023,-0.819103545977589,58.0
"Bruihl, Justin",Sweeper,137,0.8948637857084683,0.9597720183973739,1.312228456584851,2023,0.756791611010877,42.0
"Bubic, Kris",Four-Seam,112,0.7515880568897528,0.8876556155278204,1.1631066584958527,2023,0.734122855502156,43.0
"Bumgarner, Madison",Cutter,122,0.8290894193988995,0.6821007301578277,1.073615700071979,2023,-0.26926533505892186,53.0
"Bumgarner, Madison",Four-Seam,116,0.9777447613124066,0.786803890695659,1.25500804008886,2023,1.8702621271724837,31.0
"Bummer, Aaron",Cutter,116,0.9086756021055308,0.7421898956808118,1.173259217356737,2023,0.9142095865405317,41.0
"Bummer, Aaron",Sinker,488,0.8168384415200575,0.6760827692843928,1.0603362440604251,2023,0.09976868699276022,49.0
"Bummer, Aaron",Sweeper,418,0.988300466402535,0.7374461908488585,1.2331117939136578,2023,0.045276404411231326,50.0
"Burke, Brock",Four-Seam,589,0.7604290330384723,0.7237238712103267,1.04977547887512,2023,-0.6669442627492617,57.0
"Burke, Brock",Offspeed,102,0.7937333934175478,0.8369585495419737,1.153478354143475,2023,0.02668305302763225,50.0
"Burke, Brock",Slider,172,0.6930643264041495,0.8447056376194892,1.0926416497462401,2023,-0.688937165205721,57.0
"Burnes, Corbin",Curveball,530,0.7329576499605922,1.0027373758312166,1.2420584372422372,2023,-0.34167885473492093,53.0
"Burnes, Corbin",Cutter,1706,0.757923719530023,0.7921775207104744,1.0963546820920769,2023,0.0008075778289404238,50.0
"Burnes, Corbin",Offspeed,346,0.607465797031799,0.8514655999631612,1.0459485467670504,2023,-0.6278757210722865,56.0
"Burnes, Corbin",Sinker,236,0.777787727268734,0.7917368916406202,1.1098653315941596,2023,0.6716672438502518,43.0
"Burnes, Corbin",Slider,121,0.565524217688862,0.7303381165423201,0.9236944328440996,2023,-2.1399240211217303,71.0
"Burnes, Corbin",Sweeper,140,0.7614606789358699,0.8027674106708712,1.1064618751681827,2023,-1.0937168248219544,61.0
"Bush, Matt",Four-Seam,100,0.6755859989001536,0.9057496821005995,1.129955277227933,2023,0.32428585941214894,47.0
"Buttó, José",Four-Seam,373,0.7732284315067696,0.8201329344771047,1.127164689610372,2023,0.28978696365681705,47.0
"Buttó, José",Offspeed,168,0.7936977721717356,0.9498193234483447,1.2377854825236267,2023,0.5398800162400431,45.0
"Buttó, José",Slider,111,0.77494472941111,0.9749660180059311,1.2454308772101326,2023,0.6232783589131639,44.0
"Cabrera, Edward",Curveball,422,0.766535854351412,0.9506308316219829,1.221178199132523,2023,-0.5010338232345974,55.0
"Cabrera, Edward",Four-Seam,493,0.7008875119946268,0.9164343649748976,1.1537310127481892,2023,0.618215573733936,44.0
"Cabrera, Edward",Offspeed,565,0.6651382370081768,0.8215586811211811,1.0570560727113392,2023,-0.5602616450986814,56.0
"Cabrera, Edward",Sinker,177,0.7047404266978595,0.8761996938330981,1.124448741604301,2023,0.8400578109726606,42.0
"Cabrera, Edward",Slider,145,0.8273879554830134,0.9597640446023064,1.2671692271317745,2023,0.8099760777863629,42.0
"Cabrera, Génesis",Curveball,126,0.8129199512126283,0.940476022255887,1.2431146349061286,2023,-0.3336181063577007,53.0
"Cabrera, Génesis",Cutter,304,0.7195607117816657,0.811537770865514,1.0846018492889937,2023,-0.13878186320264313,51.0
"Cabrera, Génesis",Four-Seam,338,0.7766325261557051,0.7598064864421749,1.0864915910961277,2023,-0.21303795280847732,52.0
"Cabrera, Génesis",Sinker,139,0.8306322179052271,0.8208092659472173,1.1677661291915287,2023,1.3402316013962994,37.0
"Campbell, Isaiah",Four-Seam,219,0.7036399188308287,0.9505158869344525,1.1826197980276858,2023,0.9753558353704936,40.0
"Campbell, Isaiah",Slider,185,0.7082268409372929,0.8866814644172792,1.1348080355571988,2023,-0.326795232979496,53.0
"Canning, Griffin",Curveball,279,0.7298349871557062,1.0437403155388174,1.2735984275891832,2023,-0.10097019318573142,51.0
"Canning, Griffin",Four-Seam,724,0.661391618760279,0.9491280683700408,1.1568418057514118,2023,0.6566730379824103,43.0
"Canning, Griffin",Offspeed,443,0.6527924609259982,0.8246118808338496,1.0517237047124877,2023,-0.5927210007465473,56.0
"Canning, Griffin",Slider,624,0.7022194232461627,1.0179397445925942,1.236654131924286,2023,0.5479001296590973,45.0
"Cano, Yennier",Offspeed,284,0.7771251146744852,0.6062015111167712,0.9855981513467285,2023,-0.9952425173735706,60.0
"Cano, Yennier",Sinker,562,0.8268463069778325,0.6403777316768374,1.0458290752271384,2023,-0.06774154452914703,51.0
"Cano, Yennier",Slider,137,0.9832911618605827,0.5688378082262929,1.1359744544050396,2023,-0.3167775573542733,53.0
"Carasiti, Matt",Offspeed,114,1.0183399183649309,1.092235597258852,1.493316707619283,2023,2.0953576044899984,29.0
"Carasiti, Matt",Sinker,264,0.8400732290624924,0.6859351384039354,1.084541398142417,2023,0.37925884878053656,46.0
"Carlton, Drew",Four-Seam,159,0.6198989416741267,0.6883800563545733,0.9263594334141732,2023,-2.1926864613094335,72.0
"Carrasco, Carlos",Curveball,139,0.6997285708739989,0.8947870939570176,1.1358978899572856,2023,-1.151880854329525,62.0
"Carrasco, Carlos",Four-Seam,504,0.8949121543709452,0.8027941997706945,1.2022255575499616,2023,1.2177338383784153,38.0
"Carrasco, Carlos",Offspeed,473,0.7610511488821986,0.706595354959606,1.0384969171188743,2023,-0.6732355118741267,57.0
"Carrasco, Carlos",Sinker,168,0.8025096372946535,0.7935668030556878,1.1286141895540838,2023,0.8881550764335525,41.0
"Carrasco, Carlos",Slider,292,0.8254418858504095,0.7508188339904366,1.1158329751316005,2023,-0.489760706886668,55.0
"Castillo, Luis",Four-Seam,1420,0.7969460637070882,0.6691807979564769,1.0406372897469558,2023,-0.7799159652470189,58.0
"Castillo, Luis",Offspeed,499,0.7983285716019475,0.6541900541774507,1.0321303867344966,2023,-0.711990052827408,57.0
"Castillo, Luis",Sinker,578,0.8024424671453352,0.7300169485424173,1.0848219477119159,2023,0.3824982763959576,46.0
"Castillo, Luis",Slider,710,0.8529764353654634,0.7011409278823618,1.1041591370995902,2023,-0.590020337398076,56.0
"Castillo, Max",Four-Seam,112,0.7842534651913321,0.8119690207677669,1.1288698721957187,2023,0.310867440000038,47.0
"Castillo, Max",Slider,108,0.7852959163751821,0.7686993332458271,1.0989032446981473,2023,-0.6351600616885326,56.0
"Castro, Miguel",Offspeed,156,0.8767449939912276,0.6459275023685629,1.088992251030634,2023,-0.36585875123934425,54.0
"Castro, Miguel",Sinker,394,0.9333889659702618,0.604932634842993,1.1122762491814344,2023,0.6995054366682747,43.0
"Castro, Miguel",Slider,420,0.9297945995487646,0.7292744275954117,1.1816764312173884,2023,0.07572945672993521,49.0
"Cease, Dylan",Curveball,495,0.6645914891995723,1.165809195728023,1.341936260915743,2023,0.42057430357092723,46.0
"Cease, Dylan",Four-Seam,1408,0.6956087597878392,0.9470056467468415,1.1750281876040163,2023,0.8815038541701475,41.0
"Cease, Dylan",Slider,1260,0.6645840859728503,1.0131070282456727,1.211634374722485,2023,0.3330203612693557,47.0
"Cecconi, Slade",Four-Seam,245,0.6611599079629393,0.7696610035029937,1.014647960728645,2023,-1.101211432521158,61.0
"Cecconi, Slade",Slider,113,0.9892446014651426,0.9173248013606633,1.3491069908347926,2023,1.51369064803049,35.0
"Cessa, Luis",Four-Seam,105,0.6189357837254958,0.8079292213253404,1.0177578941218115,2023,-1.0627645952809621,61.0
"Cessa, Luis",Offspeed,103,0.6222149558872737,0.6986383364314906,0.9355463518509185,2023,-1.2999193815735075,63.0
"Cessa, Luis",Slider,174,0.6810835879077786,0.91821616456003,1.1432391607081454,2023,-0.25438532887499476,53.0
"Chafin, Andrew",Four-Seam,192,0.5686370972334,0.8982902633872973,1.0631432385367678,2023,-0.5016841060183392,55.0
"Chafin, Andrew",Sinker,398,0.5539069815074644,0.8133107390396848,0.984015905562501,2023,-0.7814809709200704,58.0
"Chafin, Andrew",Slider,323,0.7194435120739753,0.9134647509504324,1.1627625803637953,2023,-0.08671032467951909,51.0
"Chapman, Aroldis",Four-Seam,479,0.8258620186299391,1.0209294173576788,1.3131431563397067,2023,2.588962841903987,24.0
"Chapman, Aroldis",Sinker,166,0.6978871535433798,0.8104679415825705,1.0695348350633418,2023,0.20598225121615282,48.0
"Chapman, Aroldis",Slider,292,0.6599376748847775,1.0119584309352265,1.2081297946302012,2023,0.30292161360928604,47.0
"Chargois, JT",Sinker,372,0.8140450313508836,0.6340451886951106,1.0318345867310708,2023,-0.2293319992171867,52.0
"Chargois, JT",Slider,292,0.8718479390434827,0.7782986897535739,1.168703418017804,2023,-0.03568801423749223,50.0
"Chavez, Jesse",Cutter,295,0.940866571099217,0.6415004298404144,1.1387505021282909,2023,0.5043465050038628,45.0
"Chavez, Jesse",Sinker,172,0.7479529989183807,0.6247285885634807,0.9745355293469388,2023,-0.8909482303855975,59.0
"Chirinos, Yonny",Offspeed,343,0.7949260204625307,1.0017992953490658,1.2788702851228815,2023,0.7899726991866823,42.0
"Chirinos, Yonny",Sinker,634,0.7740953226524816,0.7559272923358193,1.0819656370932549,2023,0.3495172544936997,47.0
"Chirinos, Yonny",Slider,346,0.7639811734085769,0.8092818427649064,1.1129260237552667,2023,-0.5147267780371058,55.0
"Cimber, Adam",Four-Seam,146,0.7896614434447092,0.6473504208902161,1.0210914565747389,2023,-1.0215531232477206,60.0
"Cimber, Adam",Sinker,117,0.8540007036563668,0.4939118419364536,0.9865425026072775,2023,-0.752307059676825,58.0
"Cimber, Adam",Slider,108,1.2606207146881363,0.6021154622715732,1.3970352952618403,2023,1.9253182618210682,31.0
"Cisnero, José",Cutter,121,0.7923782588726874,0.8732770347298044,1.1791844997796534,2023,0.9845846931405493,40.0
"Cisnero, José",Four-Seam,371,0.7598695548149712,0.8323210934429621,1.1270138166521255,2023,0.2879217828518539,47.0
"Cisnero, José",Sinker,202,0.8186001315723914,0.7470742650162228,1.1082536410316304,2023,0.6530575025303962,43.0
"Cisnero, José",Slider,195,0.9075445074851205,0.8680201597277742,1.255824840795977,2023,0.7125459113503574,43.0
"Civale, Aaron",Curveball,490,0.6685604960580899,0.8878776648870673,1.1114404548579069,2023,-1.3385364747954223,63.0
"Civale, Aaron",Cutter,747,0.7794796856065828,0.737419746492305,1.0730221166360516,2023,-0.2763153783476325,53.0
"Civale, Aaron",Four-Seam,248,0.7519936465828605,0.7946122879920895,1.0940306818042222,2023,-0.11983525141619673,51.0
"Civale, Aaron",Sinker,371,0.7658821354658,0.7475894058653185,1.0702641567331468,2023,0.21440352508198543,48.0
"Civale, Aaron",Slider,116,0.6048113097644597,0.6783600938353409,0.9088284421865843,2023,-2.2675991461681466,73.0
"Clarke, Taylor",Four-Seam,310,0.7072305157517681,0.9075605899389341,1.1505829943210606,2023,0.5792979067630312,44.0
"Clarke, Taylor",Offspeed,164,0.6587401871756343,0.8642116379312648,1.0866463957221912,2023,-0.38013851433363527,54.0
"Clarke, Taylor",Slider,395,0.6242905270383892,0.9285227192638421,1.118880289547988,2023,-0.4635891413225983,55.0
"Clarke, Taylor",Sweeper,199,0.6836596106948056,1.2110443090766672,1.3906900380179457,2023,1.4624155142272854,35.0
"Clase, Emmanuel",Cutter,756,0.741909485720831,0.8166304372577675,1.1033199699354492,2023,0.08353492135290949,49.0
"Clase, Emmanuel",Slider,358,0.6080043268541911,0.9061898012873784,1.0912603802166907,2023,-0.7008000651611219,57.0
"Clevinger, Mike",Cutter,172,0.7370202467606388,0.8877726024187639,1.1538366599049008,2023,0.6835261433629503,43.0
"Clevinger, Mike",Four-Seam,993,0.7643359885773645,0.7662710120845675,1.0823034543951362,2023,-0.2648141774814947,53.0
"Clevinger, Mike",Offspeed,268,0.7343104781480343,0.9733928266930266,1.2193053240986997,2023,0.42738702346970014,46.0
"Clevinger, Mike",Sweeper,570,0.8209370944950297,0.9975882279033134,1.291944265659016,2023,0.5743709955548989,44.0
"Cobb, Alex",Curveball,406,0.8110680712525008,0.9367966914581523,1.2391204369762416,2023,-0.3641012494116343,54.0
"Cobb, Alex",Offspeed,971,0.6544515991303251,0.8010400494493206,1.0343945361543678,2023,-0.6982076523487957,57.0
"Cobb, Alex",Sinker,988,0.7905273467836774,0.7554417969877731,1.0934467498003533,2023,0.48208646009102946,45.0
"Cobb, Alex",Slider,128,0.8103486596165862,1.0123288259139458,1.2967168549528096,2023,1.0637430257003597,39.0
"Cole, Gerrit",Curveball,396,0.7310633445847561,1.0242188601095616,1.2583631777827813,2023,-0.21724342437337663,52.0
"Cole, Gerrit",Cutter,234,0.6110082740562239,0.8334494407205235,1.0334258953609199,2023,-0.7466032219140423,57.0
"Cole, Gerrit",Four-Seam,1736,0.7317869632794644,0.8227064402919532,1.1010713176373441,2023,-0.03279474420201851,50.0
"Cole, Gerrit",Offspeed,233,0.6575275610278436,0.9361234022492764,1.143970942703522,2023,-0.031190756373085892,50.0
"Cole, Gerrit",Slider,680,0.7013644369904402,0.8665502600170498,1.1148190106965945,2023,-0.49846904251087787,55.0
"Coleman, Dylan",Cutter,102,0.8106860128754412,0.84335106644337,1.1698088872730663,2023,0.8732297091081126,41.0
"Coleman, Dylan",Four-Seam,144,0.8619561478976245,0.7994107017083071,1.1755959641408604,2023,0.8885230437607716,41.0
"Coleman, Dylan",Sweeper,137,1.230781689662171,0.9626051775832261,1.562508334543436,2023,3.0076188458946844,20.0
"Contreras, Roansy",Curveball,133,0.882420530784826,1.2232227394316642,1.5082903776837133,2023,1.690164951822126,33.0
"Contreras, Roansy",Four-Seam,459,0.6863277142457863,0.8832589920103349,1.1185670200345432,2023,0.18349748377496647,48.0
"Contreras, Roansy",Slider,495,0.7162552293337958,0.9430409224358174,1.1842076401276111,2023,0.09746849999833097,49.0
"Corbin, Patrick",Four-Seam,498,0.6725307125307242,0.7447716323168326,1.003485098843507,2023,-1.2392133379560837,62.0
"Corbin, Patrick",Offspeed,186,0.6477249931713935,0.7469260277906111,0.9886587671031611,2023,-0.9766118423412196,60.0
"Corbin, Patrick",Sinker,1213,0.7470662273162441,0.740570043627209,1.0519277244728045,2023,0.002677856999316192,50.0
"Corbin, Patrick",Slider,1025,0.7175856639115238,0.8071968067546738,1.0800443832946331,2023,-0.7971275715167103,58.0
"Cordero, Jimmy",Sinker,361,0.7399556289238888,0.8980365652742525,1.1636167777003408,2023,1.29232019725245,37.0
"Cordero, Jimmy",Slider,143,0.7941325739111471,0.9619566331024668,1.2474001398575267,2023,0.6401911809744493,44.0
"Cortes, Nestor",Cutter,308,0.7228359044590255,0.8295317578797831,1.10027936548234,2023,0.047421391694228036,50.0
"Cortes, Nestor",Four-Seam,560,0.6587492202321673,0.9019359351003815,1.1168880723608288,2023,0.16274133893664253,48.0
"Cortes, Nestor",Sweeper,148,0.9243925136415181,0.7817381922696706,1.2106263339815206,2023,-0.1569407535039474,52.0
"Cosgrove, Tom",Four-Seam,201,0.7889872248193784,0.6504833876938293,1.0225602567056014,2023,-1.0033949467112935,60.0
"Cosgrove, Tom",Sinker,196,0.7828458896238348,0.6926874871335599,1.0453055255437709,2023,-0.07378682667082104,51.0
"Cosgrove, Tom",Sweeper,437,1.0309309832647575,0.6813751335945638,1.2357551395548592,2023,0.06904864854430547,49.0
"Coulombe, Danny",Cutter,357,0.5973609855342924,0.8890206472199074,1.0710732272920485,2023,-0.2994625105088631,53.0
"Coulombe, Danny",Sinker,150,0.6935178995514449,0.9604825328612565,1.1846914251946887,2023,1.535663272775271,35.0
"Coulombe, Danny",Sweeper,147,0.8041361339847637,1.1436593382508613,1.3980670956532666,2023,1.528759170674311,35.0
"Cousins, Jake",Sweeper,110,1.092874323670925,0.7990098678419248,1.353806136877785,2023,1.1307097059450342,39.0
"Covey, Dylan",Cutter,197,0.7098471663314813,0.8365469403347922,1.0971297931112507,2023,0.010013640377155313,50.0
"Covey, Dylan",Sinker,303,0.7720413908168896,0.7682944421272824,1.0891851352906674,2023,0.4328787861900656,46.0
"Covey, Dylan",Slider,159,0.758896423889806,0.9036500056594828,1.1800453868055751,2023,0.06172138932076834,49.0
"Cox, Austin",Cutter,112,0.531989812046104,0.8219118131822513,0.9790567852629309,2023,-1.3923499805994863,64.0
"Cox, Austin",Four-Seam,281,0.713806575184822,0.8326259150158116,1.0967158889762665,2023,-0.08663913109843198,51.0
"Crawford, Kutter",Curveball,250,0.6238874415688745,1.0428443922033896,1.2152201307160004,2023,-0.5465049428571346,55.0
"Crawford, Kutter",Cutter,591,0.6222768616878195,0.9428856684886131,1.129717609154279,2023,0.39706203135682444,46.0
"Crawford, Kutter",Four-Seam,822,0.6358837349300037,0.8192667591616318,1.0370854097015032,2023,-0.8238264085717136,58.0
"Crawford, Kutter",Offspeed,161,0.7637755362308738,1.1966210614151325,1.4195967858399219,2023,1.6466074132270314,34.0
"Crawford, Kutter",Slider,133,0.6237119944431352,0.9225051679890001,1.1135674371041238,2023,-0.5092180614363481,55.0
"Crawford, Kutter",Sweeper,141,0.7151072588854231,0.9997011390891578,1.2291382181051824,2023,0.00954107993152331,50.0
"Crismatt, Nabil",Offspeed,123,0.7335314712105357,0.8944849766332802,1.1567937554633205,2023,0.046864666633341504,50.0
"Criswell, Cooper",Sinker,189,0.8353432735337114,0.5979066779488529,1.0272734690304477,2023,-0.28199795291291824,53.0
"Criswell, Cooper",Sweeper,155,1.1321496763588081,0.5893614208332121,1.2763658464742373,2023,0.43427051898626856,46.0
"Crochet, Garrett",Four-Seam,187,0.8193918634240566,0.8439649215443012,1.1762992028573456,2023,0.8972168969902709,41.0
"Cruz, Fernando",Cutter,268,0.7315451872538843,0.8722273683655192,1.138393140843777,2023,0.500102093227791,45.0
"Cruz, Fernando",Four-Seam,392,0.7120486459254405,0.7999088378088292,1.07091896190558,2023,-0.4055560116217227,54.0
"Cruz, Fernando",Offspeed,402,0.8137683548127861,1.1339093629782293,1.3956967359510455,2023,1.501122289261119,35.0
"Cruz, Steven",Four-Seam,103,0.8462565909820554,0.7789961847531792,1.1502109691880786,2023,0.5746987118836656,44.0
"Cuas, Jose",Four-Seam,234,0.8330481414210446,0.6813160362263356,1.0761787709968182,2023,-0.3405311385843492,53.0
"Cuas, Jose",Sinker,581,0.8272469191133363,0.6651393756414665,1.0614837983743448,2023,0.11301917652780862,49.0
"Cuas, Jose",Slider,231,1.3160768665533895,0.6791655079446378,1.480987544126785,2023,2.6463340433250786,24.0
"Cueto, Johnny",Four-Seam,297,0.6086084174361497,0.6130163968455701,0.8638248135910777,2023,-2.965776443075264,80.0
"Cueto, Johnny",Offspeed,166,0.6569415005345157,0.7770506736998591,1.0175361834460463,2023,-0.800828339127058,58.0
"Cueto, Johnny",Sinker,169,0.7219321378468939,0.5572628789664026,0.9119911885156073,2023,-1.6131302862669852,66.0
"Cueto, Johnny",Slider,205,0.8590503360656763,0.7032339166448703,1.1101826072382128,2023,-0.5382883458423559,55.0
"Curry, Xzavion",Curveball,173,0.7040802123161237,1.0925522619270491,1.2997689757864777,2023,0.09875965959113489,49.0
"Curry, Xzavion",Four-Seam,723,0.6977049404090689,0.8886037197131855,1.1297826138507052,2023,0.3221512925509392,47.0
"Curry, Xzavion",Slider,539,0.622352115215435,0.8854372194509365,1.0822759467446978,2023,-0.7779620043439643,58.0
"Curtiss, John",Four-Seam,168,0.688982086087869,0.836655734986341,1.0838307680793742,2023,-0.24593262176662078,52.0
"Curtiss, John",Slider,127,0.7946735318595606,0.8357374870230478,1.1532402912896111,2023,-0.16849158475719728,52.0
"Daniel, Davis",Four-Seam,114,0.6717757396401153,0.8082916949377478,1.0510081391094748,2023,-0.6517053873743622,57.0
"Darvish, Yu",Curveball,259,0.8755495744541946,1.031645974455028,1.3531003192432502,2023,0.5057767880330557,45.0
"Darvish, Yu",Cutter,198,0.6912549209835924,0.8734790073773581,1.1139115503992978,2023,0.20933206501701487,48.0
"Darvish, Yu",Four-Seam,371,0.7351693985497596,0.8973482869849002,1.1600465476517527,2023,0.6962919541013141,43.0
"Darvish, Yu",Offspeed,172,0.7836186975225664,1.0825819700608057,1.336428817785556,2023,1.1403447820342003,39.0
"Darvish, Yu",Sinker,413,0.7624524564808134,0.812463688717321,1.1141952225161362,2023,0.7216632864371907,43.0
"Darvish, Yu",Slider,392,0.7210989210718763,0.8552813358937759,1.1187000569854575,2023,-0.46513705127953575,55.0
"Darvish, Yu",Sweeper,412,0.8082598505015246,0.7859966758917081,1.1274195139545713,2023,-0.9052397305224824,59.0
"Davidson, Tucker",Four-Seam,298,0.7083564057680898,0.9435914950345103,1.1798871586275312,2023,0.941573329775763,41.0
"Davidson, Tucker",Slider,375,0.650900090901481,0.8465443834902808,1.0678522002386361,2023,-0.9018389582063209,59.0
"Davies, Zach",Cutter,169,0.6087705141487015,0.8800788174083528,1.0701122668896752,2023,-0.31087592271920095,53.0
"Davies, Zach",Four-Seam,380,0.836139346364249,0.9106001155790263,1.2362530392403368,2023,1.6384017064164287,34.0
"Davies, Zach",Offspeed,370,0.6485324983972355,0.6732024956987073,0.9347705609893415,2023,-1.3046417997355164,63.0
"Davies, Zach",Sinker,445,0.8144985689550552,0.6682246745747706,1.0535331672711548,2023,0.021215457129107135,50.0
"Davis, Noah",Cutter,100,0.77212079037848,0.8198212756670872,1.1261782447601707,2023,0.3550246854965929,46.0
"Davis, Noah",Sinker,302,0.8317210532510073,0.7041250058774161,1.0897485647262106,2023,0.43938454870504684,46.0
"De León, José",Four-Seam,148,0.7839390709932847,0.8520213875567072,1.157800031043302,2023,0.6685191861724951,43.0
"De Los Santos, Enyel",Four-Seam,634,0.7832809187006864,0.6894245411503186,1.04347266161645,2023,-0.7448634200634455,57.0
"De Los Santos, Enyel",Slider,319,0.8492795448971042,0.8044399406207084,1.1697860331900367,2023,-0.02639007838670613,50.0
"De los Santos, Yerry",Sinker,244,0.7836590435576613,0.7520274014547335,1.086124628709094,2023,0.3975399704676366,46.0
"DeSclafani, Anthony",Four-Seam,217,0.7663330287962803,0.843875201342405,1.1399086219801853,2023,0.4473349981899269,46.0
"DeSclafani, Anthony",Offspeed,152,0.8446383043243879,0.9139311065939909,1.2444613022236144,2023,0.5805172726952615,44.0
"DeSclafani, Anthony",Sinker,407,0.800382773651632,0.6655084785169457,1.040919842896762,2023,-0.12442708074275295,51.0
"DeSclafani, Anthony",Slider,694,0.8155725544450727,0.7521404768632007,1.109447560049624,2023,-0.5446012276327559,55.0
"Detmers, Reid",Curveball,505,0.910160931731583,0.9877159829268762,1.3431216566565027,2023,0.42962107305391184,46.0
"Detmers, Reid",Four-Seam,990,0.6761939869816793,0.7861833633769079,1.0369776221697393,2023,-0.8251589418341153,58.0
"Detmers, Reid",Offspeed,141,0.6510047019434382,0.9668122177381129,1.1655612323340858,2023,0.10023432340569922,49.0
"Detmers, Reid",Sinker,133,0.685675534418987,0.750387187349139,1.0164801372572487,2023,-0.406625543933495,54.0
"Detmers, Reid",Slider,802,0.7526890566230013,0.9915880449280268,1.2449046818147202,2023,0.6187591805781395,44.0
"Devenski, Chris",Four-Seam,198,0.669143383380373,0.8986156321807581,1.1203851667713904,2023,0.20597448981758898,48.0
"Devenski, Chris",Offspeed,350,0.6443084132436104,0.8336824241298139,1.053641170265979,2023,-0.5810489450375809,56.0
"Diekman, Jake",Four-Seam,314,0.8793707050506423,0.7352544584518493,1.1462512619729524,2023,0.5257464677123589,45.0
"Diekman, Jake",Offspeed,146,0.8676955533447421,0.8877763947129961,1.241387328880009,2023,0.5618052869445338,44.0
"Diekman, Jake",Sinker,322,0.8325680914243261,0.680197460948724,1.075099164142097,2023,0.2702320068340588,47.0
"Diekman, Jake",Sweeper,178,1.1605652316597306,0.9081068562814596,1.473624687416304,2023,2.2082667952170185,28.0
"Dodd, Dylan",Four-Seam,278,0.6652482102725648,0.6212165453280749,0.9102006248405891,2023,-2.392451216589772,74.0
"Dodd, Dylan",Offspeed,101,0.7424051081182822,0.9327670156883344,1.1921491727616305,2023,0.262081257913562,47.0
"Dodd, Dylan",Slider,162,0.6980556752903029,0.7731807077901742,1.0416765969838795,2023,-1.126645598793503,61.0
"Domínguez, Seranthony",Four-Seam,330,0.8110556685760227,0.8427784908839293,1.169652462155273,2023,0.815045954515465,42.0
"Domínguez, Seranthony",Sinker,257,0.7484236818430265,0.7769108228698597,1.0787624549620711,2023,0.31253100400144124,47.0
"Domínguez, Seranthony",Slider,238,0.967105898192124,1.0060469531832419,1.3955014476263645,2023,1.9121449595384836,31.0
"Doval, Camilo",Cutter,384,0.8186580103645716,0.7469165015708086,1.1081900551136772,2023,0.14137735638071858,49.0
"Doval, Camilo",Sinker,339,0.8211138116549291,0.7646833017085749,1.1220376302078348,2023,0.8122173802939711,42.0
"Doval, Camilo",Slider,412,0.8834712188113697,0.8324565485898293,1.2138802658244914,2023,0.35230898009707906,46.0
"Doyle, Tommy",Cutter,170,0.6359017522117391,0.9112694360276867,1.1112079119157576,2023,0.17722071016392404,48.0
"Doyle, Tommy",Four-Seam,154,0.9323660226857827,0.9227448231559535,1.3117791006568207,2023,2.5720995782271134,24.0
"Duarte, Daniel",Cutter,113,0.7705779524934615,0.7700770227872749,1.0894076380739803,2023,-0.08170308215879543,51.0
"Duarte, Daniel",Four-Seam,152,0.7285163592803576,0.8200983830834019,1.096949152730024,2023,-0.08375538651584545,51.0
"Duarte, Daniel",Sinker,164,0.704181809567823,0.6743507997881737,0.9749979600497446,2023,-0.8856086720623976,59.0
"Duarte, Daniel",Sweeper,104,0.7816234470014359,0.834662075598101,1.1435016367911925,2023,-0.7606093256706636,58.0
"Dunning, Dane",Curveball,127,1.1790511419969796,1.211424884260448,1.6904768101484922,2023,3.0805855521018937,20.0
"Dunning, Dane",Cutter,542,0.7428317625925422,0.7750039030580127,1.0735129609238523,2023,-0.2704855770634973,53.0
"Dunning, Dane",Offspeed,418,0.723681297783172,0.778283650845894,1.0627511759274368,2023,-0.5255942364010007,55.0
"Dunning, Dane",Sinker,917,0.7709245245172319,0.7317072799364609,1.06288295028857,2023,0.12917479336659546,49.0
"Dunning, Dane",Slider,628,0.8107152655410784,0.7837649027911906,1.1276287796205922,2023,-0.38845357923865353,54.0
"Duran, Jhoan",Curveball,282,0.8770672536226115,1.1193666602617072,1.4220508737322157,2023,1.0319974844106758,40.0
"Duran, Jhoan",Four-Seam,459,0.699532049958611,0.8453411513267035,1.0972450733749746,2023,-0.08009704036044847,51.0
"Duran, Jhoan",Offspeed,276,0.6555196000538343,0.6982412766208784,0.9577300383886332,2023,-1.1648821577615827,62.0
"Díaz, Alexis",Four-Seam,561,0.9499805056262973,0.7476567676477347,1.2089059530333426,2023,1.3003208411785527,37.0
"Díaz, Alexis",Slider,598,0.9459799871288291,0.7233155785411455,1.1908247403411518,2023,0.15429882612135862,48.0
"Edwards Jr., Carl",Four-Seam,361,0.6584205771967703,0.9175797928245392,1.129367226669896,2023,0.31701603037222875,47.0
"Edwards Jr., Carl",Offspeed,133,0.693388506655324,1.0983646550648611,1.2989197575899183,2023,0.9120184690022336,41.0
"Eflin, Zach",Curveball,679,0.742970272110756,0.7605375139873742,1.0632131185338272,2023,-1.706600556266389,67.0
"Eflin, Zach",Cutter,672,0.6400055012245749,0.6718742742174408,0.9279127555718437,2023,-1.9997921723074075,70.0
"Eflin, Zach",Four-Seam,150,0.6205020595275662,0.7286888079473484,0.9570842098298763,2023,-1.8128485906040515,68.0
"Eflin, Zach",Offspeed,131,0.928321045745908,0.7713109365014965,1.2069384925262727,2023,0.35210726327064346,46.0
"Eflin, Zach",Sinker,832,0.7453250656279772,0.6335259849722237,0.9781945752703676,2023,-0.8486982478544446,58.0
"Eflin, Zach",Sweeper,106,0.7618406926340423,0.7214520063158144,1.0492350729794688,2023,-1.6083712428370531,66.0
"Elder, Bryce",Four-Seam,360,0.6526142416838266,0.8219532795042569,1.0495296766344242,2023,-0.6699830155283624,57.0
"Elder, Bryce",Offspeed,399,0.5960378151865457,1.0638503122923155,1.219441906815084,2023,0.42821843401139953,46.0
"Elder, Bryce",Sinker,1082,0.7664241116871359,0.826949886632881,1.1274981303654343,2023,0.8752682523239539,41.0
"Elder, Bryce",Slider,1008,0.6347972621339186,0.8969951505171321,1.0988939275762568,2023,-0.6352400808900672,56.0
"Englert, Mason",Four-Seam,290,0.6781750616027589,0.7689020038970347,1.02524714375451,2023,-0.970178058761484,60.0
"Englert, Mason",Offspeed,256,0.7122786412701135,0.6878747989291436,0.9902083628264351,2023,-0.9671790952571858,60.0
"Englert, Mason",Slider,341,0.7285522360946444,0.7897496913674132,1.0744733294658508,2023,-0.8449740292884647,58.0
"Eovaldi, Nathan",Curveball,301,0.8607727281487317,0.9296154930368787,1.266931195613562,2023,-0.15185354690385075,52.0
"Eovaldi, Nathan",Cutter,393,0.74887872687405,0.5968608040204788,0.9576336287643988,2023,-1.6467947166785823,66.0
"Eovaldi, Nathan",Four-Seam,830,0.8522738325818975,0.7478337144983134,1.1338544660776273,2023,0.3724899397318045,46.0
"Eovaldi, Nathan",Offspeed,616,0.69414036386573,0.8158469069071898,1.071184867451775,2023,-0.47425640812811226,55.0
"Erceg, Lucas",Four-Seam,287,0.7387215898745491,0.9570259790133843,1.2089699383579842,2023,1.3011118656318936,37.0
"Erceg, Lucas",Offspeed,233,0.7395238083940514,0.8657072692217391,1.1385712710081008,2023,-0.06405980516738181,51.0
"Erceg, Lucas",Sinker,331,0.6663034764094847,0.8796861535175339,1.10354340710542,2023,0.5986697453760537,44.0
"Erceg, Lucas",Slider,155,0.9604347846572419,0.8498534278325142,1.2824530495804816,2023,0.9412397108184086,41.0
"Estrada, Jeremiah",Four-Seam,199,0.6789725813543678,0.8948027618232737,1.1232434058553702,2023,0.24130973304073886,48.0
"Estévez, Carlos",Four-Seam,747,0.7034714783428748,0.888806556275699,1.133511894653328,2023,0.36825486903153914,46.0
"Estévez, Carlos",Slider,300,0.6770685524587945,0.9426295673222823,1.160591369052364,2023,-0.10535756333825302,51.0
"Faedo, Alex",Four-Seam,502,0.7224598511021912,0.8041911751517898,1.0810511933514606,2023,-0.2802953696620808,53.0
"Faedo, Alex",Offspeed,138,0.8227375340617502,0.7180817544826869,1.0920340910772628,2023,-0.34734236828927206,53.0
"Faedo, Alex",Slider,394,0.7166104306914145,0.775026508591395,1.055555113859576,2023,-1.0074512969547904,60.0
"Fairbanks, Pete",Four-Seam,363,0.7243344718808955,1.0119895416449758,1.2445012091411498,2023,1.7403704644621278,33.0
"Fairbanks, Pete",Slider,366,0.5940836869356736,0.8336062992105956,1.023638065512742,2023,-1.281567784222627,63.0
"Falter, Bailey",Curveball,292,0.6056557493360359,0.9601159386229351,1.1351834663619775,2023,-1.1573332322635088,62.0
"Falter, Bailey",Four-Seam,587,0.5782655237459197,0.8066015954164519,0.9924702260932106,2023,-1.375385714117785,64.0
"Falter, Bailey",Slider,245,0.5950431317685175,0.7921982348155847,0.990784725311111,2023,-1.5637255236609475,66.0
"Farmer, Buck",Four-Seam,523,0.7488072285835011,0.7911756838462132,1.0893444029729198,2023,-0.17776980393270836,52.0
"Farmer, Buck",Offspeed,280,0.8053270685947826,0.8776490370486311,1.1911421072415562,2023,0.2559510174868261,47.0
"Farmer, Buck",Slider,414,0.8008284132376403,0.8217611356548535,1.1474395459114486,2023,-0.21831072621783867,52.0
"Faucher, Calvin",Cutter,162,0.6999224067889152,0.9374614000018459,1.1699253189920322,2023,0.8746125789949822,41.0
"Faucher, Calvin",Four-Seam,148,0.7951184401463256,0.973459026171552,1.2569151958249183,2023,1.8938395151438974,31.0
"Faucher, Calvin",Sweeper,152,0.6808333408482532,0.8905246147862864,1.120967496206227,2023,-0.9632642804238932,60.0
"Feltner, Ryan",Four-Seam,208,0.7135108789734854,0.7848089348633197,1.0606709379703085,2023,-0.5322481488677336,55.0
"Feltner, Ryan",Offspeed,115,0.8587680829529492,1.1225041907370619,1.413328793494617,2023,1.6084526960773202,34.0
"Feltner, Ryan",Sinker,142,0.7649371660549328,0.7030933296071273,1.0389750228711894,2023,-0.1468833750408266,51.0
"Feltner, Ryan",Slider,241,0.6403069158924636,0.8001865056016705,1.0248372506338412,2023,-1.271268698623999,63.0
"Ferguson, Caleb",Cutter,320,0.7726916562736471,0.9288149941408278,1.2082010134972319,2023,1.3292164086074363,37.0
"Ferguson, Caleb",Four-Seam,707,0.6570820854216664,0.776178974388758,1.0169614876018023,2023,-1.0726102440395835,61.0
"Ferrer, José A.",Four-Seam,153,0.8166483326278817,0.6535830050983791,1.0459852980502773,2023,-0.7138007213486086,57.0
"Ferrer, José A.",Offspeed,133,0.9147815318503401,0.9982261454221145,1.3539869602100114,2023,1.247225250447865,38.0
"Ferrer, José A.",Sinker,249,0.8174707265232442,0.6361331403035875,1.0358203323525486,2023,-0.1833097064105267,52.0
"Festa, Matt",Four-Seam,100,0.8763304934242079,0.7667370885913498,1.1644058127331103,2023,0.7501837690958374,42.0
"Finnegan, Kyle",Four-Seam,773,0.7127677810381833,0.8230809886374808,1.0888067888944064,2023,-0.18441610736160463,52.0
"Finnegan, Kyle",Offspeed,277,0.6243969828093933,0.9680206901082369,1.151926928506796,2023,0.01723916683803886,50.0
"Flaherty, Jack",Curveball,512,0.8043302062377738,0.9009310671647323,1.2077350158246978,2023,-0.6036302611342795,56.0
"Flaherty, Jack",Cutter,219,0.7280649812046875,0.7677463967754155,1.0580704828215441,2023,-0.45389726363817384,55.0
"Flaherty, Jack",Four-Seam,1087,0.8328317712042128,0.7984769742722285,1.1537652436999823,2023,0.6186387570198092,44.0
"Flaherty, Jack",Slider,666,0.707773377527684,0.7081406740838326,1.0012024611580068,2023,-1.474253805455571,65.0
"Fleming, Josh",Curveball,168,1.072590388121938,0.6378099407836305,1.2478988986508435,2023,-0.29710529485013043,53.0
"Fleming, Josh",Offspeed,220,0.7479876477812957,0.6110055820026125,0.9658226247462558,2023,-1.1156207154249482,61.0
"Fleming, Josh",Sinker,335,0.7584220799339831,0.607764767484289,0.9718961178678619,2023,-0.9214247784304015,59.0
"Flexen, Chris",Cutter,513,0.593670480030555,0.9549133089423608,1.1244127651600895,2023,0.3340559271846945,47.0
"Flexen, Chris",Four-Seam,719,0.6245775018746622,0.9266052668820219,1.117449943604409,2023,0.16968752379685234,48.0
"Flexen, Chris",Offspeed,281,0.6757706329954034,1.3630195204804243,1.5213441956472882,2023,2.2659673977400643,27.0
"Flexen, Chris",Slider,117,0.5655403828125898,0.9994892655125923,1.1483965850117772,2023,-0.21009128833281646,52.0
"Floro, Dylan",Four-Seam,313,0.6615250630306665,0.6723950160168835,0.9432552499626345,2023,-1.9838103772408016,70.0
"Floro, Dylan",Offspeed,114,0.643404337816348,0.7083208038312085,0.9569156196138626,2023,-1.1698397129532483,62.0
"Floro, Dylan",Sinker,321,0.7439217968311584,0.6183961674659842,0.9673848560614937,2023,-0.9735150600232342,60.0
"Floro, Dylan",Slider,213,1.0075014562466675,0.7238959595039263,1.2405984622452446,2023,0.5817756296882978,44.0
"Foley, Jason",Offspeed,140,0.7494225413197901,0.6550932280213863,0.9953799690759768,2023,-0.9356983335091676,59.0
"Foley, Jason",Sinker,722,0.7776995289488962,0.6504237185597599,1.0138380398231468,2023,-0.4371331059516852,54.0
"Foley, Jason",Slider,182,0.8012023068301178,0.836733500077817,1.1584679911945674,2023,-0.12359398900006428,51.0
"France, J.P.",Curveball,302,0.7839566528444384,1.2039037770821939,1.4366531724852132,2023,1.143440124364298,39.0
"France, J.P.",Cutter,425,0.6357581159026252,0.8263380337675235,1.0426039171165782,2023,-0.6375950408130598,56.0
"France, J.P.",Four-Seam,940,0.6755296792902029,0.8439336258218846,1.0810015320964153,2023,-0.2809093114892813,53.0
"France, J.P.",Offspeed,334,0.7198155146485989,0.9521401978633419,1.1936102092040228,2023,0.27097492419997005,47.0
"France, J.P.",Sweeper,200,0.8143298250383306,0.9949194360236654,1.285689600224178,2023,0.5181212825510052,45.0
"Francis, Bowden",Curveball,183,0.8660282339121163,0.9615353878552696,1.2940460594704204,2023,0.055083186914929735,49.0
"Francis, Bowden",Four-Seam,278,0.6809537662065084,0.7938891959802259,1.0459245131485149,2023,-0.7145521802801267,57.0
"Freeland, Kyle",Curveball,426,0.9155830886070612,0.9595668657264551,1.3262959556386116,2023,0.3012097473974477,47.0
"Freeland, Kyle",Cutter,569,0.8906583318053007,0.7016672488606078,1.133847076169364,2023,0.44610807855685297,46.0
"Freeland, Kyle",Four-Seam,439,0.6408138289218835,0.7605963389660154,0.9945597790912474,2023,-1.3495534232408137,63.0
"Freeland, Kyle",Offspeed,307,0.6364933554765019,0.738072574342191,0.9746152659187345,2023,-1.0620978777357593,61.0
"Freeland, Kyle",Sinker,673,0.7807837360951188,0.6712737050759372,1.0296754972694204,2023,-0.2542624029199206,53.0
"Fried, Max",Curveball,287,0.7879405583720853,1.0884056265305027,1.3436804424382196,2023,0.43388564562131615,46.0
"Fried, Max",Four-Seam,399,0.7548350679976319,0.6758883565698183,1.0132132304829222,2023,-1.118948416973009,61.0
"Fried, Max",Offspeed,205,0.6323006460444439,0.856074938580046,1.0642689544720596,2023,-0.5163551678323607,55.0
"Fried, Max",Sinker,160,0.8026389653541017,0.8323223959251573,1.1562827852490485,2023,1.2076366323464534,38.0
"Frías, Luis",Cutter,256,0.7430524701047138,0.9578490447821804,1.2122713252068829,2023,1.377559862980874,36.0
"Frías, Luis",Four-Seam,206,0.7100530685372749,0.8994282234502256,1.145926040055827,2023,0.5217258818881951,45.0
"Fujinami, Shintaro",Cutter,227,0.870516479225382,0.933969944762993,1.276753225303756,2023,2.1434171283727266,29.0
"Fujinami, Shintaro",Four-Seam,793,0.9030250489249286,0.9239355110130903,1.2919408142391393,2023,2.3268469401156655,27.0
"Fujinami, Shintaro",Offspeed,278,0.8088626343694587,0.9812736274745542,1.2716747592274413,2023,0.746171871081078,43.0
"Fulmer, Michael",Cutter,209,0.7485867173183988,0.7900806935425027,1.0883977102392939,2023,-0.09369808492009882,51.0
"Fulmer, Michael",Four-Seam,271,0.760943123812878,0.759944488234969,1.0754301757328597,2023,-0.3497857162982758,53.0
"Fulmer, Michael",Sinker,106,0.8302237203807663,0.7651321363999165,1.1290255143418069,2023,0.8929045290120668,41.0
"Fulmer, Michael",Sweeper,290,1.0528554645382746,0.9017702643769876,1.3862518670583093,2023,1.422501973632252,36.0
"Gaddis, Hunter",Four-Seam,273,0.7277275352833505,0.7086704606719062,1.0157761502607314,2023,-1.0872640857993503,61.0
"Gaddis, Hunter",Offspeed,125,0.8719912349659898,0.9607955914663255,1.2974963901447427,2023,0.9033541026024468,41.0
"Gaddis, Hunter",Slider,217,0.7400653737231002,0.7900086692603052,1.0825019422108906,2023,-0.776021064108576,58.0
"Gallegos, Giovanny",Four-Seam,444,0.6946181115718514,0.9656409912535617,1.189519585762591,2023,1.0606550950326754,39.0
"Gallegos, Giovanny",Slider,409,0.6294036315668207,1.0730740090711477,1.2440404978832191,2023,0.6113372203429008,44.0
"Gallen, Zac",Curveball,736,0.625008652207529,0.8962649035029704,1.0926694800283665,2023,-1.4817938498766958,65.0
"Gallen, Zac",Cutter,313,0.6530463724739539,0.8620056681930702,1.0814450224576244,2023,-0.17627577639000233,52.0
"Gallen, Zac",Four-Seam,1614,0.7072245822910146,0.8002885700929417,1.0680020623660356,2023,-0.44161645011512585,54.0
"Gallen, Zac",Offspeed,453,0.5960215117842647,0.6500533863905273,0.8819359657409332,2023,-1.6262581844352417,66.0
"Gallen, Zac",Slider,131,0.6218881895130786,0.6594888126150286,0.9064603765307312,2023,-2.2879370493523066,73.0
"Garcia, Luis",Cutter,201,0.5563130207542787,1.0941039298932673,1.2274150017286907,2023,1.5574226565949996,34.0
"Garcia, Luis",Four-Seam,143,0.6479722796274096,0.8643835150059129,1.0802902092398685,2023,-0.28970310564287166,53.0
"Garcia, Rico",Four-Seam,148,0.6972930013796208,0.8007559539951435,1.0618039497156113,2023,-0.5182411870920884,55.0
"Garcia, Robert",Four-Seam,254,0.7825637517139199,0.7216003968765032,1.0644778805916506,2023,-0.4851844710194844,55.0
"Garcia, Robert",Offspeed,142,0.769102259454124,0.8492816888725798,1.1457738313261043,2023,-0.02021615690686505,50.0
"Garcia, Robert",Slider,126,0.861451049423851,0.7648803088265496,1.1520155369542773,2023,-0.17901026908287598,52.0
"García, Deivi",Four-Seam,162,0.9026733318397868,0.8750262722402019,1.2571754535964048,2023,1.8970569757502322,31.0
"García, Luis",Four-Seam,112,0.7868912015381897,0.922764242400695,1.2127207469617827,2023,1.3474815815319938,37.0
"García, Luis",Sinker,467,0.7072582218456716,0.6796227093267365,0.9808675850495391,2023,-0.8178337496112061,58.0
"García, Luis",Sweeper,344,1.0169452812456414,0.983313290898891,1.4145963145385978,2023,1.6774104179975802,33.0
"García, Yimi",Curveball,361,0.9326806744144759,0.7432213480565448,1.1925901276772457,2023,-0.7192138651615511,57.0
"García, Yimi",Four-Seam,370,0.774368304572428,0.7273286058335414,1.0623808977904956,2023,-0.511108613519979,55.0
"García, Yimi",Sinker,169,0.6967956511837845,0.6599730959550526,0.9597336437226379,2023,-1.0618614744775998,61.0
"García, Yimi",Slider,116,0.8089057532284472,0.7378460225012676,1.0948722621963818,2023,-0.6697797656039691,57.0
"Garrett, Amir",Four-Seam,150,0.896467296640095,0.996856587606634,1.3406627727359117,2023,2.9291766274539777,21.0
"Garrett, Amir",Sinker,114,0.9150373254925095,0.8010744596132089,1.2161470293057002,2023,1.8988723584244944,31.0
"Garrett, Amir",Slider,212,0.7886975613890825,0.8573358817604925,1.1649328982800369,2023,-0.06807075885909138,51.0
"Garrett, Braxton",Curveball,206,0.7209752634846661,0.9234879921118282,1.1715952381823338,2023,-0.8794438365122788,59.0
"Garrett, Braxton",Four-Seam,187,0.6882238673870503,0.7890939620023797,1.047053662669589,2023,-0.7005929656062782,57.0
"Garrett, Braxton",Offspeed,219,0.8400583040950479,0.8603807344611253,1.2024778428357479,2023,0.32495425830990676,47.0
"Garrett, Braxton",Sinker,787,0.746004805666316,0.6896706976400767,1.015957106014121,2023,-0.41266483979034624,54.0
"Garrett, Braxton",Slider,438,0.6115672110548276,0.8279626397013241,1.0293379359464823,2023,-1.232614997479937,62.0
"Garrett, Braxton",Sweeper,642,0.8042873951916344,0.8367255489778792,1.1605980606465263,2023,-0.6068570674125308,56.0
"Garrett, Reed",Four-Seam,108,0.8332393405120806,0.953278467595244,1.266107276401863,2023,2.007477455627478,30.0
"Garza, Justin",Four-Seam,177,0.6699842146515611,0.9252430771552659,1.1423456568421024,2023,0.4774630655275395,45.0
"Gausman, Kevin",Four-Seam,1555,0.6537167840897181,0.7062192191839718,0.9623363337967771,2023,-1.7479187256222288,67.0
"Gausman, Kevin",Offspeed,1176,0.6524719022230075,0.7497469744333107,0.9939014583259315,2023,-0.9446983699423718,59.0
"Gausman, Kevin",Slider,313,0.8096690729566425,0.9454525651604041,1.24476687000854,2023,0.6175755971902371,44.0
"Germán, Domingo",Curveball,676,0.8063663909046791,0.8101872621558286,1.143079243158669,2023,-1.0970738014990742,61.0
"Germán, Domingo",Four-Seam,458,0.7575667389968738,0.8520786230529241,1.1401514565609803,2023,0.45033706300090665,45.0
"Germán, Domingo",Offspeed,340,0.8384786125734631,0.7901195916279822,1.1521004091733884,2023,0.0182951837251269,50.0
"Germán, Domingo",Sinker,179,0.971462228175365,0.724522453860887,1.2118876379103989,2023,1.8496903542051577,32.0
"Gibaut, Ian",Cutter,328,0.6360650006473682,0.7744741500166,1.0021920445166543,2023,-1.1175704477450041,61.0
"Gibaut, Ian",Four-Seam,535,0.6766256886338713,0.8157578616129499,1.0598505608351554,2023,-0.5423901365579253,55.0
"Gibaut, Ian",Sweeper,253,0.7347348065348115,0.9010848184702127,1.1626646489900874,2023,-0.5882717405979219,56.0
"Gibson, Kyle",Curveball,256,0.7280522260347946,0.9564652962732298,1.20203407056924,2023,-0.6471390538419256,56.0
"Gibson, Kyle",Cutter,504,0.7864261785101725,0.7697887956841885,1.1004730456521992,2023,0.049721748306334114,50.0
"Gibson, Kyle",Four-Seam,409,0.7351114015189849,0.9589996725489928,1.20833320925657,2023,1.2932402436280401,37.0
"Gibson, Kyle",Offspeed,517,0.7196520442448442,0.8171515815201423,1.0888690334317774,2023,-0.3666088052236573,54.0
"Gibson, Kyle",Sinker,792,0.7616172531604745,0.7800497882085425,1.0902011339179107,2023,0.44461023891052803,46.0
"Gibson, Kyle",Sweeper,560,0.7125860360062091,0.7847525070039246,1.0600072433526042,2023,-1.5114945196564795,65.0
"Gilbert, Logan",Curveball,392,0.7035171515834456,1.1386062103180847,1.3384171564751386,2023,0.3937170055682433,46.0
"Gilbert, Logan",Four-Seam,1220,0.6394684168424437,0.857893807081043,1.070000766526355,2023,-0.4169072863394809,54.0
"Gilbert, Logan",Offspeed,432,0.7511139995936139,1.0853792317257194,1.3199319365206026,2023,1.0399244554222586,40.0
"Gilbert, Logan",Slider,867,0.6371576255591974,0.9867154933975876,1.1745540876090292,2023,0.014559896505497901,50.0
"Gilbert, Tyler",Cutter,122,0.8712093770141756,0.7239462053088542,1.1327417564381201,2023,0.4329800977516609,46.0
"Ginkel, Kevin",Four-Seam,485,0.720700903240653,0.8718942186095364,1.131198179090042,2023,0.339651347850917,47.0
"Ginkel, Kevin",Sinker,116,0.701915293644551,0.9115385036082851,1.150472738926285,2023,1.1405496482585578,39.0
"Ginkel, Kevin",Slider,454,0.719467692834294,0.8663286234849306,1.1261256789992833,2023,-0.40136281375952554,54.0
"Giolito, Lucas",Four-Seam,1336,0.6437439685498207,0.9243959877293317,1.1264609354852744,2023,0.28108673864100275,47.0
"Giolito, Lucas",Offspeed,902,0.5825520236796652,1.0119511110544654,1.16765230760601,2023,0.11296318157011342,49.0
"Giolito, Lucas",Slider,901,0.6021103208335312,0.9357311566307094,1.1127127373871941,2023,-0.5165585674106985,55.0
"Gipson-Long, Sawyer",Slider,107,0.7767007528612627,0.6942862772268487,1.0417761248179807,2023,-1.125790813602444,61.0
"Glasnow, Tyler",Curveball,404,0.6867802354729443,1.3978664789682798,1.5574651793409215,2023,2.065459952189798,29.0
"Glasnow, Tyler",Four-Seam,826,0.5936709210183361,0.9214931761074939,1.0961728130525024,2023,-0.0933529570909458,51.0
"Glasnow, Tyler",Slider,659,0.635519838914535,1.003332536069267,1.187670679771604,2023,0.12721048153011358,49.0
"Gomber, Austin",Curveball,362,0.7284083270636996,1.066826263614932,1.2917805416069457,2023,0.037793081032396196,50.0
"Gomber, Austin",Four-Seam,966,0.7072433906073403,0.8155571484213802,1.0795029763270596,2023,-0.2994353448398249,53.0
"Gomber, Austin",Offspeed,390,0.592778034418412,0.826839422540007,1.017373691794342,2023,-0.8018174633423447,58.0
"Gomber, Austin",Slider,434,0.6583205812572812,0.9194579884763934,1.1308355230890035,2023,-0.36091277265848676,54.0
"Gonsolin, Tony",Curveball,251,0.7192920504992155,0.97505906272318,1.2116605257703053,2023,-0.5736713348787202,56.0
"Gonsolin, Tony",Four-Seam,656,0.7045473668824366,0.830550388653748,1.0891285233037773,2023,-0.18043863617240397,52.0
"Gonsolin, Tony",Offspeed,452,0.7623984630462589,0.922111322819051,1.1964701033149128,2023,0.2883837602144026,47.0
"Gonsolin, Tony",Slider,304,0.6263710210454625,0.8954923179395836,1.0928161544808639,2023,-0.6874384481455823,57.0
"Gonzales, Marco",Curveball,196,0.6965862522465736,0.7013254874215694,0.9884785511714601,2023,-2.2769640054421116,73.0
"Gonzales, Marco",Four-Seam,228,0.6480853837783398,0.7293127126336371,0.9756596217309355,2023,-1.5832083547074074,66.0
"Gonzales, Marco",Offspeed,245,0.6735006673698175,0.5873895115948041,0.893660778639844,2023,-1.554886540191559,66.0
"González, Victor",Sinker,325,0.8377154827102651,0.7414057668836759,1.1186821448207993,2023,0.7734725265937098,42.0
"González, Victor",Slider,152,0.9315843189916967,0.7293901057442639,1.1831564857400951,2023,0.08844076205869014,49.0
"Gore, MacKenzie",Curveball,453,0.6895966916784536,1.0463196458976116,1.2531274470560332,2023,-0.2572017668333493,53.0
"Gore, MacKenzie",Four-Seam,1464,0.7401487540397863,0.859704884031294,1.1344217318677867,2023,0.3795028151696233,46.0
"Gore, MacKenzie",Slider,461,0.6798438761853329,1.022405981458146,1.2278036027427566,2023,0.4718882145427987,45.0
"Gott, Trevor",Cutter,381,0.7879990273743825,0.655469982345851,1.0249796899936325,2023,-0.8469195546494414,58.0
"Gott, Trevor",Four-Seam,216,0.8491679473109867,0.7957952439518708,1.1637767281728795,2023,0.7424066534345636,43.0
"Gott, Trevor",Sinker,271,0.8566423396691283,0.6694929276991135,1.0872243919048765,2023,0.41023862929361704,46.0
"Graterol, Brusdar",Cutter,202,0.6687189117745527,0.6479026273501173,0.9311083704339291,2023,-1.9618375702276685,70.0
"Graterol, Brusdar",Sinker,403,0.7131730472019202,0.5984508696119419,0.9309990540245258,2023,-1.393651765769555,64.0
"Graterol, Brusdar",Slider,226,0.7749586939852353,0.7816003946430716,1.1006635063858103,2023,-0.6200422241851715,56.0
"Graveman, Kendall",Four-Seam,250,0.7480589547833194,0.8677755557070391,1.1456991816852156,2023,0.5189213244431249,45.0
"Graveman, Kendall",Offspeed,101,0.6118619564050142,0.8042538353677953,1.010544054160718,2023,-0.8433910450875645,58.0
"Graveman, Kendall",Sinker,439,0.8972790069861837,0.7688692387576692,1.1816384906924409,2023,1.5004118897404672,35.0
"Graveman, Kendall",Slider,298,0.8231301946337253,0.7606534852208612,1.1207751968599222,2023,-0.44731491287888026,54.0
"Gray, Jon",Curveball,148,0.9089985534770507,1.0513818929995247,1.389849723945231,2023,0.786242949285379,42.0
"Gray, Jon",Four-Seam,1010,0.784712192646794,0.7710751434013073,1.1001500361586531,2023,-0.04418417110790266,50.0
"Gray, Jon",Offspeed,278,0.6451748834668021,0.6646570495195713,0.9262934868239457,2023,-1.356243708164789,64.0
"Gray, Jon",Slider,801,0.7760411198207473,0.8452077693256608,1.1474388842030319,2023,-0.21831640923666978,52.0
"Gray, Jon",Sweeper,152,0.8317004217042662,0.9347255692149218,1.2511744407584473,2023,0.20771813877657994,48.0
"Gray, Josiah",Curveball,454,0.9674255952358641,0.9009872532788114,1.3220023876258178,2023,0.2684418550087273,47.0
"Gray, Josiah",Cutter,507,0.7942236408421359,0.8967156163538664,1.1978689779293197,2023,1.206501902768048,38.0
"Gray, Josiah",Four-Seam,413,0.8019609958139938,0.8469838652777989,1.1664146376172984,2023,0.7750180512499627,42.0
"Gray, Josiah",Sinker,549,0.7538805127380588,0.7640848601656847,1.0733878614091983,2023,0.2504720715712802,47.0
"Gray, Josiah",Slider,688,0.8017846996907879,0.9266638535963476,1.2253834510961377,2023,0.45110297585726566,45.0
"Gray, Josiah",Sweeper,156,1.005996809930013,0.8859453444713877,1.3404957049464532,2023,1.0110057851045977,40.0
"Gray, Sonny",Curveball,476,0.7543065109340292,0.9713379922729429,1.2298275520048738,2023,-0.43502320844784315,54.0
"Gray, Sonny",Cutter,369,0.6499638926419425,0.9186082508069715,1.1252973741144652,2023,0.3445625064530088,47.0
"Gray, Sonny",Four-Seam,756,0.5999186480795806,0.842581093060252,1.0343332551437379,2023,-0.8578501720949989,59.0
"Gray, Sonny",Offspeed,188,0.7486120521696467,0.9535549331159574,1.212306485639431,2023,0.3847834772177731,46.0
"Gray, Sonny",Sinker,451,0.6846435843811597,0.9419964355850434,1.1645145436142947,2023,1.3026864498153794,37.0
"Gray, Sonny",Sweeper,578,0.8356167410928154,1.027138472877571,1.3241105620226152,2023,0.8636502476109247,41.0
"Green, Chad",Four-Seam,110,0.6351135963124839,0.7817999020157198,1.0072638020959384,2023,-1.1924987718999578,62.0
"Greene, Hunter",Four-Seam,1139,0.7587714463476761,0.7427447354004083,1.0617927527335862,2023,-0.518379610810888,55.0
"Greene, Hunter",Offspeed,108,0.8719002558783598,0.9073807896842022,1.2583918124688653,2023,0.6653155061450591,43.0
"Greene, Hunter",Slider,838,0.7884931575031235,0.8075095994088897,1.1286244781001125,2023,-0.37990211900905796,54.0
"Greinke, Zack",Curveball,313,0.8571614093249974,0.8092800134674509,1.178838335750027,2023,-0.8241655595752528,58.0
"Greinke, Zack",Cutter,156,0.6372712764803348,0.8412163212442993,1.055348084261618,2023,-0.48623143358787113,55.0
"Greinke, Zack",Four-Seam,592,0.727728889698804,0.7530472230045865,1.0472198704079165,2023,-0.6985382071739654,57.0
"Greinke, Zack",Offspeed,367,0.6609030769157394,0.7559896150988047,1.0041479847183534,2023,-0.8823253971095696,59.0
"Greinke, Zack",Sinker,347,0.7877273583781277,0.7307277979093398,1.0744661491991343,2023,0.26292275987684294,47.0
"Greinke, Zack",Slider,444,0.8639695560525751,0.8153701540803038,1.1879696468978582,2023,0.1297781318205429,49.0
"Grove, Michael",Curveball,195,0.6897740506788154,1.0648715819790302,1.2687551880076722,2023,-0.13793309978156226,51.0
"Grove, Michael",Four-Seam,366,0.6973021452372969,0.7866460399061684,1.0512099095102716,2023,-0.649210982260616,56.0
"Grove, Michael",Slider,447,0.6282658743035305,0.9313654877565417,1.1234588023591967,2023,-0.42426702622344836,54.0
"Guerra, Javy",Four-Seam,127,0.7749322185644932,0.92074428546358,1.2034492023276786,2023,1.2328612593425017,38.0
"Guerra, Javy",Sinker,120,0.9860447353514857,0.7609221297002243,1.245506606799782,2023,2.237879209446631,28.0
"Hader, Josh",Sinker,765,0.7346451028974739,0.8109335143867719,1.0942196269336977,2023,0.4910106567438905,45.0
"Hader, Josh",Slider,242,0.9457247371959748,0.9896082591836602,1.3688388455873504,2023,1.6831557769256817,33.0
"Hall, DL",Four-Seam,199,0.7169202058305236,0.8290294319221578,1.0960220711834485,2023,-0.0952165172937239,51.0
"Hamilton, Ian",Four-Seam,217,0.7597159362717569,0.8772739304848154,1.1605075841775223,2023,0.7019915605002793,43.0
"Hamilton, Ian",Sinker,231,0.7449818261436094,0.8167925667089051,1.1055080362960679,2023,0.6213547705771814,44.0
"Hamilton, Ian",Slider,531,0.7757384885394376,0.9044450837465899,1.1915498781481315,2023,0.16052660214482953,48.0
"Hand, Brad",Four-Seam,314,0.8466901533629845,0.7848848788533369,1.1545252222686395,2023,0.6280340618837016,44.0
"Hand, Brad",Sinker,172,0.7851842642970959,0.6093871112848844,0.99391497639381,2023,-0.667179161527765,57.0
"Hand, Brad",Sweeper,483,1.0546467179788268,0.7250673016655064,1.2798446357617044,2023,0.4655561090885161,45.0
"Harris, Hobie",Four-Seam,121,0.7829237681188502,0.8134490035542496,1.1290123595731008,2023,0.3126289532912966,47.0
"Harris, Hobie",Offspeed,175,0.7086835388517687,0.8324830665251074,1.0932796596893737,2023,-0.3397603044532739,53.0
"Harris, Hogan",Cutter,210,0.6541501026242925,0.7922710181101478,1.027426748192134,2023,-0.8178556266736293,58.0
"Harris, Hogan",Four-Seam,520,0.7064997018965609,0.8224383955236911,1.0842263339411715,2023,-0.2410424024649093,52.0
"Harris, Hogan",Offspeed,225,0.7360304550293825,0.8743138080418401,1.1428759625013483,2023,-0.03785615377577578,50.0
"Harris, Hogan",Sweeper,117,0.811972834241257,0.8972757178413573,1.2101254469572578,2023,-0.16144535117678685,52.0
"Harrison, Kyle",Curveball,156,0.8992465910813292,0.7944788804426345,1.1999337994409414,2023,-0.6631680204529485,57.0
"Harrison, Kyle",Four-Seam,356,0.7845356044397631,0.7589717384388915,1.0915741909657894,2023,-0.1502038450506393,52.0
"Hartwig, Grant",Cutter,112,0.8294858595932886,0.708077179024446,1.0906053744230468,2023,-0.06747746096000298,51.0
"Hartwig, Grant",Sinker,299,0.9489692551824792,0.7048380071342147,1.1820910555378215,2023,1.5056375297602094,35.0
"Hartwig, Grant",Sweeper,201,1.0926845481844543,0.6628286818922163,1.2780068009913084,2023,0.449028018264098,46.0
"Harvey, Hunter",Four-Seam,578,0.7813790618910337,0.7048334359044802,1.0523038585554207,2023,-0.6356869367037777,56.0
"Harvey, Hunter",Offspeed,180,0.6707615832534386,0.8069860402822754,1.0493557884622002,2023,-0.6071350538893527,56.0
"Harvey, Hunter",Slider,134,0.8041223885685929,0.8593037909769387,1.1768669512670484,2023,0.034423702662515154,50.0
"Hatch, Thomas",Cutter,166,0.8463082542068002,0.8937951483271686,1.230897001504085,2023,1.598778677774156,34.0
"Hatch, Thomas",Offspeed,129,0.7442495733385166,1.0331606220514333,1.2733139040991694,2023,0.7561497245152854,42.0
"Hatch, Thomas",Sinker,114,0.7355514578217471,0.7913054506799428,1.080370428778706,2023,0.33109782909329727,47.0
"Headrick, Brent",Four-Seam,278,0.678081568126303,0.6882330046844363,0.9661569653889546,2023,-1.7006858166146077,67.0
"Headrick, Brent",Slider,189,0.8744488385368828,1.1205952853290748,1.4214058409617762,2023,2.134622339926065,29.0
"Heaney, Andrew",Four-Seam,1505,0.7529747642898935,0.7578357159411817,1.0683098651671734,2023,-0.43781120971241305,54.0
"Heaney, Andrew",Offspeed,441,0.7573855139500476,0.8204351338770569,1.116578087569894,2023,-0.1979373926113214,52.0
"Heaney, Andrew",Slider,651,0.8445030259202423,0.7616332541732462,1.137220547937371,2023,-0.30607560339606193,53.0
"Hearn, Taylor",Four-Seam,152,0.7615374480624614,0.8665600747789313,1.1536315044252012,2023,0.6169853929505241,44.0
"Hearn, Taylor",Slider,125,0.6734845550171298,1.0299685381848198,1.2306163640620078,2023,0.4960453434845943,45.0
"Heller, Ben",Sinker,120,0.8049468046090933,0.6124714595307538,1.0114646049121647,2023,-0.4645384967629198,55.0
"Helsley, Ryan",Four-Seam,341,0.65192680595977,0.9476926292353074,1.1502738281973721,2023,0.5754758121600563,44.0
"Helsley, Ryan",Slider,223,0.6807795102425904,0.9574719362017112,1.1748247742450766,2023,0.016884662537034956,50.0
"Hendricks, Kyle",Four-Seam,431,0.6431632921987364,0.7395908689066794,0.9801294168639436,2023,-1.5279501017964643,65.0
"Hendricks, Kyle",Offspeed,867,0.9536712448253614,0.7529795494894046,1.2150996029774765,2023,0.4017858275921974,46.0
"Hendricks, Kyle",Sinker,736,0.7792447600550354,0.6681805553557273,1.0264928887375293,2023,-0.2910110958004663,53.0
"Henry, Tommy",Curveball,266,0.7872933177945725,0.97650008451413,1.254345719209855,2023,-0.24790408930322588,52.0
"Henry, Tommy",Four-Seam,680,0.8461913647687413,0.8190680428778566,1.1776724012529747,2023,0.9141931882932476,41.0
"Henry, Tommy",Offspeed,269,0.7635146951061518,0.9442852528913445,1.2143431675070726,2023,0.3971812301668527,46.0
"Henry, Tommy",Slider,175,0.8457022787380611,0.7502137513883357,1.1305012238095582,2023,-0.3637838697343164,54.0
"Hentges, Sam",Curveball,307,0.7204392527001716,1.1257403529032073,1.3365343463547128,2023,0.3793476700340983,46.0
"Hentges, Sam",Four-Seam,266,0.6486386917806378,0.9318605356395672,1.1353837282422883,2023,0.3913955837148882,46.0
"Hentges, Sam",Sinker,154,0.6490602738595503,0.8193979264010962,1.0453191861307487,2023,-0.07362909168381722,51.0
"Hentges, Sam",Slider,125,0.723457189459475,1.0006270630607186,1.2347650887153077,2023,0.5316762644972772,45.0
"Herget, Jimmy",Slider,157,0.8927767789097192,0.57459234246712,1.061699927937393,2023,-0.9546771546963555,60.0
"Herget, Jimmy",Sweeper,196,1.0522840978409491,0.5607986931921163,1.1923912935169083,2023,-0.32093286522197145,53.0
"Herget, Kevin",Four-Seam,185,0.7192060274041198,0.8649477579561685,1.1248964102742163,2023,0.26174515200769943,47.0
"Herget, Kevin",Offspeed,147,0.7069952412078179,0.8627803937169997,1.1154516031065451,2023,-0.20479456372845256,52.0
"Hernandez, Jose E.",Four-Seam,286,0.743769521623519,0.872963914413122,1.1468474602856122,2023,0.5331170241172261,45.0
"Hernandez, Jose E.",Slider,481,0.7359168705103754,1.1312098305359621,1.3495218860778009,2023,1.5172539357556485,35.0
"Hernández, Carlos",Curveball,115,0.7528491344176615,1.181526049030019,1.4009945123839382,2023,0.8712983687328952,41.0
"Hernández, Carlos",Four-Seam,699,0.707431337596484,0.8691666071547495,1.1206737653779753,2023,0.20954231660111242,48.0
"Hernández, Carlos",Offspeed,140,0.7432128055263637,1.0917655261728174,1.3207260270161172,2023,1.0447582676827871,40.0
"Hernández, Carlos",Slider,296,0.8101716682951945,1.1270753443492039,1.388047896849419,2023,1.848130858533701,32.0
"Hernández, Jonathan",Sinker,257,0.9796369613288528,0.7245016943153042,1.2184380497454004,2023,1.9253261323266113,31.0
"Hernández, Jonathan",Slider,242,0.942903747506748,0.7161133554945387,1.1840125907184926,2023,0.09579333698544107,49.0
"Herrin, Tim",Four-Seam,210,0.8027836890365266,0.7784893099507002,1.1182608180074147,2023,0.1797120330879855,48.0
"Herrin, Tim",Slider,204,0.9009655919983681,0.8875293057982048,1.264692558140362,2023,0.7887054453433574,42.0
"Hicks, Jordan",Four-Seam,121,0.7729128486417322,0.9776262386943521,1.2462533186231215,2023,1.7620310788754094,32.0
"Hicks, Jordan",Sinker,714,0.7600979065130751,0.8401170443619994,1.1329366600622919,2023,0.9380654375727435,41.0
"Hicks, Jordan",Sweeper,221,0.971218770915652,1.0348379426206882,1.4192094519366507,2023,1.7188974739226943,33.0
"Hill, Garrett",Four-Seam,121,0.9034444852023272,0.8731629826059313,1.2564336560422853,2023,1.8878864353486033,31.0
"Hill, Rich",Curveball,913,0.9293215572996932,0.8240891609515831,1.2420795071410733,2023,-0.34151805230308674,53.0
"Hill, Rich",Cutter,372,0.6829639025772809,0.7540632151800256,1.0173745744371772,2023,-0.9372461888569591,59.0
"Hill, Rich",Four-Seam,861,0.7164039049424403,0.7524510462697199,1.0389500142206907,2023,-0.8007750639274668,58.0
"Hill, Rich",Sinker,106,0.7776526635135773,0.6938590855244515,1.042201561903737,2023,-0.10962742892428315,51.0
"Hill, Rich",Sweeper,174,1.2989409411732793,0.7156576920372374,1.4830419754100657,2023,2.29295873476883,27.0
"Hill, Tim",Four-Seam,336,0.7384474453380154,0.6615273096343403,0.9914247378990952,2023,-1.38831065795228,64.0
"Hill, Tim",Sinker,311,0.7296893914489305,0.608610924726679,0.9501862268470187,2023,-1.1721028337427906,62.0
"Hjelle, Sean",Curveball,223,0.9702450922661238,0.9588032477681766,1.3640671563369975,2023,0.5894741084578704,44.0
"Hjelle, Sean",Sinker,272,0.7390124393949712,0.6581881659886756,0.9896216688351374,2023,-0.7167527862241194,57.0
"Hoeing, Bryan",Four-Seam,102,0.6851736417443777,0.7447853822650058,1.0120119490287076,2023,-1.133799369296084,61.0
"Hoeing, Bryan",Sinker,590,0.7546217173276984,0.7472576251770991,1.062001833636799,2023,0.1190007851895268,49.0
"Hoeing, Bryan",Slider,357,0.8176897136562183,0.825558822356328,1.1619655059379155,2023,-0.09355592140697719,51.0
"Hoffman, Jeff",Four-Seam,238,0.697746647343259,0.8697865981868536,1.115069105600284,2023,0.1402541952757339,49.0
"Hoffman, Jeff",Offspeed,155,0.7634690822729252,0.9665483760050829,1.2317064596504825,2023,0.502875599914426,45.0
"Hoffman, Jeff",Slider,416,0.798644749060168,1.0644490252199197,1.3307460924207202,2023,1.3559998452452644,36.0
"Holderman, Colin",Cutter,189,0.7987781079555509,0.9066617326550127,1.2083385135010964,2023,1.3308495083888152,37.0
"Holderman, Colin",Sinker,465,0.806044782712375,0.8094743552672086,1.1423471116841426,2023,1.0467252972612164,40.0
"Holderman, Colin",Sweeper,275,1.0643595086404571,0.8683615288803602,1.3736494853028527,2023,1.3091657185926908,37.0
"Hollowell, Gavin",Four-Seam,210,0.883930878529248,0.6749381846330917,1.1121489788213186,2023,0.10415385973854578,49.0
"Hollowell, Gavin",Sinker,183,0.7410403831961111,0.6747877412019412,1.002237170136818,2023,-0.571085111980152,56.0
"Hollowell, Gavin",Sweeper,199,0.9254256588071389,0.7251168006122639,1.175673009177634,2023,-0.47128442371840384,55.0
"Holmes, Clay",Sinker,710,0.750019161219962,0.9272685930030666,1.1926255849037375,2023,1.6272768015807697,34.0
"Holmes, Clay",Slider,214,0.7839255341249649,0.9639654946203637,1.242484896436087,2023,0.5979770875498287,44.0
"Holton, Tyler",Cutter,232,0.7072308295638374,0.8016819835041418,1.069050723287108,2023,-0.3234839705486682,53.0
"Holton, Tyler",Four-Seam,334,0.6961996527838217,0.8674771821938423,1.1122996979965798,2023,0.10601713938722802,49.0
"Holton, Tyler",Offspeed,269,0.7701467296693463,0.7796052314661721,1.0958605304279432,2023,-0.32404994815332594,53.0
"Holton, Tyler",Sinker,147,0.6966518053390224,0.6549221479468572,0.9561625163921896,2023,-1.1030962855418396,61.0
"Holton, Tyler",Sweeper,170,0.7941048221421586,0.9415588892895254,1.2317205894802417,2023,0.032764967800485295,50.0
"Honeywell, Brent",Four-Seam,426,0.7945392070168992,0.8582910541219801,1.1695965479911707,2023,0.8143547105256781,42.0
"Honeywell, Brent",Offspeed,324,0.7248238045594653,0.8434123854224798,1.1120764360151218,2023,-0.2253399853901003,52.0
"Honeywell, Brent",Sweeper,165,0.7193554382623234,0.8201164761273412,1.0909002158644516,2023,-1.2336665757428693,62.0
"Houck, Tanner",Cutter,192,0.7838773454710104,0.640724127717256,1.0124184414468733,2023,-0.996110621405784,60.0
"Houck, Tanner",Four-Seam,177,0.9041962082141065,0.73373052047748,1.1644446142384453,2023,0.7506634562697062,42.0
"Houck, Tanner",Offspeed,198,0.8616078776923471,0.6506918812382896,1.079707395182109,2023,-0.422377813350465,54.0
"Houck, Tanner",Sinker,510,0.7985186099863112,0.595837044593739,0.9963201062934903,2023,-0.6394077975238323,56.0
"Houck, Tanner",Slider,647,0.9965660130654276,0.6385737423718224,1.1836047663151228,2023,0.09229077648363544,49.0
"Houser, Adrian",Curveball,157,0.735929085273892,1.16289469805193,1.376196096967782,2023,0.6820404356231677,43.0
"Houser, Adrian",Four-Seam,443,0.7116354231463805,0.8268692461598098,1.0909343361181827,2023,-0.15811410937891773,52.0
"Houser, Adrian",Sinker,873,0.8284672552997864,0.6878684129424218,1.0768105435163084,2023,0.289992827052694,47.0
"Houser, Adrian",Slider,309,0.8138884590124815,0.7870872049734478,1.1322193656472344,2023,-0.34902777449475114,53.0
"Hudson, Bryan",Four-Seam,142,0.7566209263673906,0.5596491674918386,0.9411070167049848,2023,-2.0103681082173934,70.0
"Hudson, Dakota",Four-Seam,294,0.7162893054242075,0.8264606446055804,1.093667027091411,2023,-0.12433096620732481,51.0
"Hudson, Dakota",Sinker,495,0.7003370736309532,0.8185404608231184,1.0772560061129806,2023,0.29513645938787997,47.0
"Hudson, Dakota",Slider,421,0.8445371741549663,0.9575698998051956,1.2767862591454329,2023,0.8925710284497081,41.0
"Hughes, Brandon",Slider,132,0.8060861293834638,0.8278081135591812,1.1554397954280546,2023,-0.14960135588611165,51.0
"Hunter, Tommy",Cutter,115,0.757643479866097,0.7942703603504656,1.0976743815516818,2023,0.016481765744522377,50.0
"Hunter, Tommy",Sinker,144,0.6880078972208301,0.6505799610120805,0.9468944779164722,2023,-1.210111740360231,62.0
"Iglesias, Raisel",Four-Seam,302,0.767177144058082,0.7303489006220035,1.0592309885029254,2023,-0.5500496564267802,56.0
"Iglesias, Raisel",Offspeed,307,0.6595335349732853,0.6903848211784788,0.9547856749386209,2023,-1.1828051781534823,62.0
"Iglesias, Raisel",Sinker,127,0.7131162668614816,0.593501603811597,0.9277817436172118,2023,-1.4308011515249912,64.0
"Iglesias, Raisel",Slider,134,0.8232319372375898,0.7608863556081162,1.121007969926421,2023,-0.4453157638778245,54.0
"Irvin, Cole",Curveball,184,0.9595911130294043,0.9666495481948425,1.3620669782467762,2023,0.5742090374904727,44.0
"Irvin, Cole",Cutter,201,0.7931181282921812,0.8246130941886589,1.1441254828615115,2023,0.5681856294666028,44.0
"Irvin, Cole",Four-Seam,328,0.6597115293198096,0.7030823328878104,0.9641286577715901,2023,-1.7257609558472395,67.0
"Irvin, Cole",Offspeed,270,0.6879887699464673,0.74808409506913,1.016345591257153,2023,-0.8080757487768012,58.0
"Irvin, Cole",Sinker,290,0.6464832026281312,0.6691076561563446,0.9304007667706226,2023,-1.400560021789019,64.0
"Irvin, Jake",Curveball,656,0.901271296097023,0.815771312908751,1.2156367813344886,2023,-0.543325125374418,55.0
"Irvin, Jake",Four-Seam,775,0.7491597572092871,0.8250082678298577,1.1143962418320965,2023,0.13193585513469752,49.0
"Irvin, Jake",Offspeed,112,0.7484475342753167,0.809744612026209,1.1026604410553038,2023,-0.2826573215613989,53.0
"Irvin, Jake",Sinker,604,0.7460974409487164,0.7335902050940476,1.0463345451623731,2023,-0.06190502419554135,51.0
"Jackson, Andre",Four-Seam,446,0.6701312377225449,0.9083805979360742,1.1288184913785961,2023,0.31023223992870574,47.0
"Jackson, Andre",Offspeed,320,0.607308975409761,0.8323995322014587,1.0303946684753666,2023,-0.7225557707766811,57.0
"Jackson, Andre",Slider,170,0.6267270030457788,0.9022573253127637,1.0985695323589153,2023,-0.6380261178850252,56.0
"Jackson, Jay",Four-Seam,171,0.8825476468623534,0.7790624911742592,1.177212263840689,2023,0.9085046972673162,41.0
"Jackson, Jay",Slider,265,0.8256620069338773,0.726999205788011,1.100111628386173,2023,-0.6247819750862291,56.0
"Jackson, Luke",Four-Seam,142,0.75555461513202,0.9791089440759364,1.2367364718551765,2023,1.6443781865237475,34.0
"Jackson, Luke",Slider,370,0.6916014483494457,0.9377365374883346,1.1651877003726316,2023,-0.0658824156949122,51.0
"Jackson, Zach",Four-Seam,219,0.8943157581022887,1.0737028266620259,1.3973683963694383,2023,3.6302051083958657,20.0
"Jackson, Zach",Slider,150,0.7406355295155247,1.2743129100658377,1.4739112525322566,2023,2.5855599963738527,24.0
"Jacques, Joe",Sinker,265,0.9320881895860058,0.5546109961745145,1.0846113360293654,2023,0.38006640205088954,46.0
"Jacques, Joe",Sweeper,152,1.174192397927079,0.6502369644875394,1.3422130595906572,2023,1.0264503691305182,40.0
"Jameson, Drey",Four-Seam,182,0.6971708579312198,0.8579492150938958,1.1054972007331294,2023,0.021920642115156586,50.0
"Jameson, Drey",Sinker,202,0.7615196237298908,0.8207949432241647,1.1196501579279459,2023,0.7846499038999077,42.0
"Jameson, Drey",Slider,176,0.7813802720532695,1.00013685069798,1.2691843245479024,2023,0.827282547332325,42.0
"Jansen, Kenley",Cutter,557,0.7165916605427237,0.8135745909736434,1.0841619911421492,2023,-0.14400609755362548,51.0
"Jarvis, Bryce",Four-Seam,194,0.722654949519593,0.8308358840164896,1.1011441514327844,2023,-0.03189432971563992,50.0
"Jarvis, Bryce",Slider,120,1.0191189087140364,0.8053311351291451,1.2989078440393245,2023,1.0825601238703157,39.0
"Javier, Cristian",Curveball,217,0.8331385668352739,1.1510654147313881,1.420940343765028,2023,1.0235220797237532,40.0
"Javier, Cristian",Four-Seam,1682,0.6777773617509265,0.7942003512992434,1.044095948706769,2023,-0.7371579761564923,57.0
"Javier, Cristian",Offspeed,119,0.6422608129483466,0.7966413282346841,1.0232968082138205,2023,-0.7657620856105415,58.0
"Javier, Cristian",Sweeper,862,0.8744000283234488,1.049338883007309,1.3659017171535714,2023,1.2394881731894873,38.0
"Jax, Griffin",Four-Seam,236,0.6430370073427495,0.8637578214933336,1.076835255275025,2023,-0.33241529139275794,53.0
"Jax, Griffin",Sinker,135,0.6652625114643148,0.721087236337945,0.9810917447258961,2023,-0.8152454403610728,58.0
"Jax, Griffin",Sweeper,552,0.712971847672757,0.9156078600679224,1.1604596541853858,2023,-0.6081017900596725,56.0
"Jiménez, Dany",Four-Seam,151,0.8195986418910359,1.1792924496671895,1.4361311275895634,2023,4.109412933708218,20.0
"Jiménez, Dany",Slider,254,0.6921593892774194,1.2211197705695922,1.4036445825923398,2023,1.982081487752643,30.0
"Jiménez, Joe",Four-Seam,582,0.7144142760118721,0.7456238443002785,1.0326386952650446,2023,-0.8787993242514538,59.0
"Jiménez, Joe",Slider,287,0.7739913229376236,0.7104462807650621,1.0506171928136538,2023,-1.0498601549671376,60.0
"Johnson, Pierce",Curveball,615,0.7551507984236708,0.984882123806161,1.2410662859625354,2023,-0.34925081033681765,53.0
"Johnson, Pierce",Four-Seam,382,0.7376361063582514,0.8150092465015549,1.0992484238271139,2023,-0.055330436375387836,51.0
"Joyce, Ben",Four-Seam,157,0.8999930669612105,0.7647769576942731,1.1810467033942196,2023,0.955908308465514,40.0
"Junis, Jakob",Offspeed,138,0.7154944197674862,0.7954475768131577,1.0698921030535444,2023,-0.48212576361522474,55.0
"Junis, Jakob",Sinker,368,0.85801303134862,0.7600675428837488,1.1462499865689801,2023,1.0917907047899476,39.0
"Junis, Jakob",Sweeper,849,0.8962756307732064,0.79055336807676,1.1951086285754187,2023,-0.29649521643499316,53.0
"Justice, Evan",Four-Seam,129,0.8356436781608865,0.8025983854520117,1.1586477140099276,2023,0.6789987447124783,43.0
"Kahnle, Tommy",Four-Seam,119,0.8038927668942244,0.9468423753563943,1.2420765131163984,2023,1.710394937132378,33.0
"Kahnle, Tommy",Offspeed,518,0.8321646465902898,0.8439722216610125,1.1852371534718977,2023,0.22000619999957952,48.0
"Kaprielian, James",Four-Seam,450,0.7371389004302521,0.8019929596632098,1.0892963168380199,2023,-0.17836427319242623,52.0
"Kaprielian, James",Sinker,154,0.7251727761428766,0.7422356576070054,1.0376845988459453,2023,-0.16178354127685213,52.0
"Kaprielian, James",Slider,330,0.8207446325401468,0.7812553648100803,1.133129161608681,2023,-0.34121407974540763,53.0
"Karinchak, James",Curveball,319,0.6499172287649025,1.152230582837405,1.3228861327685302,2023,0.2751864705939852,47.0
"Karinchak, James",Four-Seam,413,0.6618554356302765,0.8507525837613198,1.0778833779448982,2023,-0.31945777860971425,53.0
"Kauffmann, Karl",Four-Seam,106,0.9343990850206699,0.7576353865967645,1.2029601111886852,2023,1.2268148252105617,38.0
"Kauffmann, Karl",Offspeed,117,0.6512724425586437,0.6380043391326525,0.9117046293555795,2023,-1.4450494532228413,64.0
"Kauffmann, Karl",Sinker,197,0.8072456885256397,0.6814330482495528,1.056407402894315,2023,0.05440345405786335,49.0
"Kay, Anthony",Four-Seam,132,0.7095125487359831,0.7086934434722968,1.0028232414710243,2023,-1.2473956105192117,62.0
"Keller, Brad",Curveball,173,0.7798059888061404,0.9452706917126467,1.2254117923330214,2023,-0.46872364997119936,55.0
"Keller, Brad",Four-Seam,274,0.8862809619240717,0.9853916340029124,1.3253266072300773,2023,2.7395818726636962,23.0
"Keller, Brad",Offspeed,108,0.838340265504087,0.9983637072166985,1.303665790244161,2023,0.9409086659791924,41.0
"Keller, Brad",Slider,210,0.8290674322899312,1.0249400395829054,1.3182772439908181,2023,1.2489123447114359,38.0
"Keller, Mitch",Curveball,249,0.8625312928531472,1.053558757510681,1.3615969619084687,2023,0.5706219405238682,44.0
"Keller, Mitch",Cutter,743,0.7072175556710797,0.8672959547265048,1.1190884433923605,2023,0.2708184837630017,47.0
"Keller, Mitch",Four-Seam,813,0.7603859586947228,0.7781648594365476,1.0879923504519664,2023,-0.19448467741762335,52.0
"Keller, Mitch",Sinker,712,0.7499522770999786,0.7118884509991821,1.0340278451731646,2023,-0.20400705582923,52.0
"Keller, Mitch",Sweeper,501,0.9903384115345619,0.8628099003485539,1.3134729131201301,2023,0.7679833084221206,42.0
"Kelley, Trevor",Sinker,127,0.7763803495138915,0.5224068962571328,0.9357753001486644,2023,-1.3385017841808449,63.0
"Kelley, Trevor",Sweeper,105,1.0598005266334913,0.6237153297635859,1.2297145883637894,2023,0.014724516514724657,50.0
"Kelly, Joe",Curveball,121,0.8015174346731678,1.0061091116983254,1.2863458876707496,2023,-0.003683414698093089,50.0
"Kelly, Joe",Four-Seam,107,0.7193037437861103,0.7706179240925556,1.054158366070978,2023,-0.6127604171943847,56.0
"Kelly, Joe",Sinker,224,0.773165932534103,0.7665366143773858,1.0887442033886905,2023,0.4277874685226187,46.0
"Kelly, Joe",Slider,184,0.7497775425268293,1.1328619129029498,1.3585074445816268,2023,1.5944255371657365,34.0
"Kelly, Kevin",Cutter,105,0.8692530224855484,0.6743816027894539,1.1001778780184295,2023,0.046216016054470774,50.0
"Kelly, Kevin",Sinker,510,0.7789649338196907,0.5669837034650782,0.9634608908075567,2023,-1.0188239921604767,60.0
"Kelly, Kevin",Sweeper,436,1.217924725762188,0.5897729220513874,1.353208312569773,2023,1.1253333279272548,39.0
"Kelly, Merrill",Curveball,308,0.7806093291842874,0.8749964642996783,1.1725910358460367,2023,-0.8718440522331135,59.0
"Kelly, Merrill",Cutter,530,0.7862927616589955,0.734301298729582,1.0758506886893184,2023,-0.24272017636964693,52.0
"Kelly, Merrill",Four-Seam,822,0.812468461447352,0.7496092840930365,1.1054497182798964,2023,0.021333635925497495,50.0
"Kelly, Merrill",Offspeed,647,0.6624314925632669,0.6689783211768878,0.9414602894143995,2023,-1.2639198776582397,63.0
"Kelly, Merrill",Sinker,341,0.8441193648888937,0.7099522283652951,1.1029821706361702,2023,0.5921893044311014,44.0
"Kelly, Merrill",Slider,155,0.6565988673834983,0.6460543735635228,0.9211451168246232,2023,-2.1618185755492174,72.0
"Kelly, Michael",Sweeper,145,0.7603404472779324,0.9201186471998196,1.19362302285589,2023,-0.30985562655301196,53.0
"Kennedy, Brett",Four-Seam,133,0.7501389073842549,0.789516306797189,1.089056646401057,2023,-0.18132722098463547,52.0
"Kennedy, Ian",Four-Seam,191,0.7202240393284128,0.7711092999155992,1.0551455914909849,2023,-0.6005557522566111,56.0
"Kennedy, Ian",Offspeed,105,0.9163016508631516,1.0727610967703358,1.4108242577013024,2023,1.5932070082205332,34.0
"Kerr, Ray",Curveball,185,0.9269753628387525,1.0348455316224072,1.3893122750587428,2023,0.7821412168278037,42.0
"Kerr, Ray",Four-Seam,219,0.7267460753382272,0.7781607965005665,1.064750714125101,2023,-0.48181154140070853,55.0
"Kershaw, Clayton",Curveball,355,0.6229824623605361,1.3291063413580262,1.4678660753103177,2023,1.3816525010787162,36.0
"Kershaw, Clayton",Four-Seam,746,0.703381379867424,0.889052250019122,1.1336486531585812,2023,0.3699455586148708,46.0
"Kershaw, Clayton",Slider,879,0.5346437938170938,0.9075984673521988,1.0533655415890513,2023,-1.0262562269374478,60.0
"Keuchel, Dallas",Cutter,167,0.9312613394597147,0.8231696402263532,1.2429223382668306,2023,1.741604672583498,33.0
"Keuchel, Dallas",Offspeed,178,0.5981523652719544,0.7664253118805793,0.9722108880133347,2023,-1.0767338813949314,61.0
"Keuchel, Dallas",Sinker,228,0.7343859110146369,0.7018786764859213,1.015852520202823,2023,-0.41387246297759694,54.0
"Kikuchi, Yusei",Curveball,533,0.669133453495542,0.9601566113914941,1.1703163234722769,2023,-0.8892043292932533,59.0
"Kikuchi, Yusei",Four-Seam,1274,0.7963565841579998,0.8729325298978654,1.1816069612547504,2023,0.9628345477295763,40.0
"Kikuchi, Yusei",Offspeed,257,0.8352105512496375,1.1973433585934357,1.459865673028355,2023,1.8917334306126783,31.0
"Kikuchi, Yusei",Slider,741,0.6788072677664642,0.8477355171106036,1.0860178699005623,2023,-0.7458248587042587,57.0
"Kimbrel, Craig",Curveball,357,0.815523239834456,0.826414318986947,1.1610507229818803,2023,-0.9599180571022676,60.0
"Kimbrel, Craig",Four-Seam,754,0.7387028026026433,0.7611524742749787,1.0606766329414077,2023,-0.5321777442644011,55.0
"King, John",Offspeed,196,0.7424076535109648,0.6197591001653124,0.9670938249360166,2023,-1.1078826262555646,61.0
"King, John",Sinker,286,0.7153235011244726,0.6701615254762662,0.9802061933540562,2023,-0.8254706550136436,58.0
"King, Michael",Four-Seam,391,0.739112402854267,0.7972278718344556,1.0871335813425613,2023,-0.20510128941605166,52.0
"King, Michael",Offspeed,244,0.8440416160793048,0.7020528516430807,1.0978544785962965,2023,-0.3119123251021917,53.0
"King, Michael",Sinker,553,0.8033731388808669,0.692850060239403,1.060872097026329,2023,0.10595603170569275,49.0
"King, Michael",Sweeper,493,0.9881937243720245,0.7777404789585807,1.2575400945890254,2023,0.2649659971604588,47.0
"Kinley, Tyler",Four-Seam,109,0.7988358196357259,0.9545821180403565,1.2447351874256207,2023,1.743263042496294,33.0
"Kinley, Tyler",Slider,183,0.7343278522791845,0.8747337773392673,1.1421018237666827,2023,-0.2641532373559373,53.0
"Kirby, George",Curveball,324,0.6868764486605801,0.8590223244564292,1.0998720878534454,2023,-1.4268245848209018,64.0
"Kirby, George",Four-Seam,1114,0.6411464722181511,0.6710606412267699,0.9281116220808056,2023,-2.17102486796851,72.0
"Kirby, George",Offspeed,222,0.8027767986897637,0.9156369514170685,1.2177198427039482,2023,0.41773583201472186,46.0
"Kirby, George",Sinker,607,0.7192667783003533,0.7014503259615009,1.0046776886932771,2023,-0.5429051250286004,55.0
"Kirby, George",Sweeper,554,0.7644185842960495,0.8115804080873764,1.114898439683386,2023,-1.0178447677690248,60.0
"Kluber, Corey",Curveball,279,0.8110572103806658,0.7944802783806622,1.1353469563293337,2023,-1.156085500390857,62.0
"Kluber, Corey",Cutter,271,0.7617850572478659,0.8606632734219293,1.1493727609716027,2023,0.630508018510778,44.0
"Kluber, Corey",Offspeed,157,0.705039086612981,0.9314766395413706,1.1682160945918145,2023,0.11639508317289324,49.0
"Kluber, Corey",Sinker,263,0.8640781847120541,0.8378772523470263,1.2036068291995858,2023,1.754074166079314,32.0
"Koch, Matt",Cutter,276,0.7741538814263783,0.8264178913129792,1.1323783657460602,2023,0.428664074165635,46.0
"Koch, Matt",Four-Seam,258,0.666932497786605,0.8150023809936647,1.053103906378294,2023,-0.6257962720040218,56.0
"Kopech, Michael",Four-Seam,1496,0.8044671752380171,0.8864821331899744,1.1970873019544073,2023,1.1542116815968972,38.0
"Kopech, Michael",Offspeed,166,1.0084520962262111,1.2885258995658997,1.6362379485377885,2023,2.9653522090647906,20.0
"Kopech, Michael",Slider,672,0.9227772008887838,1.041175643418911,1.39124565872779,2023,1.875594527595223,31.0
"Kowar, Jackson",Four-Seam,216,0.8557972278880935,0.8577474406378254,1.2116598397164466,2023,1.3343660182604449,37.0
"Kowar, Jackson",Offspeed,202,0.777805804646657,0.9613678191116563,1.236612289024145,2023,0.5327385164313951,45.0
"Kowar, Jackson",Slider,149,0.8540719407190622,0.9967594903286486,1.3126188942278154,2023,1.2003161542394258,38.0
"Kremer, Dean",Curveball,261,0.9035930268754195,1.2167210901371532,1.515549593184738,2023,1.7455662385038129,33.0
"Kremer, Dean",Cutter,697,0.8573394439020818,0.7634317793023446,1.1479804021493898,2023,0.6139708488798865,44.0
"Kremer, Dean",Four-Seam,1071,0.7168040415419991,0.8373836182622069,1.1022791652321335,2023,-0.017862617362945706,50.0
"Kremer, Dean",Offspeed,357,0.9465699901466642,0.9577259483107611,1.34656367777911,2023,1.2020380157050483,38.0
"Kremer, Dean",Sinker,443,0.733540649949402,0.7121068450046425,1.0223394953882283,2023,-0.3389691701524094,53.0
"Kuhl, Chad",Four-Seam,267,0.8052450979144953,1.0264501378088722,1.3046147144360967,2023,2.4835291954789427,25.0
"Kuhl, Chad",Slider,331,0.8402986935740469,0.8384658401429678,1.1870664932971964,2023,0.12202148434529854,49.0
"La Sorsa, Joe",Sinker,266,0.8597553607357774,0.6540447548889904,1.08025636851245,2023,0.3297808070176913,47.0
"La Sorsa, Joe",Sweeper,206,1.0120245437052928,0.6622310290639979,1.2094393795957976,2023,-0.1676153202319696,52.0
"Lambert, Jimmy",Curveball,107,0.7882142819525152,1.1902158712971755,1.4275487993626046,2023,1.0739568605940626,39.0
"Lambert, Jimmy",Four-Seam,295,0.7779925452263687,0.8410705359725609,1.1457190087054392,2023,0.5191664378018774,45.0
"Lambert, Jimmy",Slider,206,0.6633186380283908,0.9550331530167998,1.1627897225711317,2023,-0.08647721645312904,51.0
"Lambert, Peter",Four-Seam,646,0.7655431350768307,0.7928944798077449,1.1021515085381215,2023,-0.019440784968749403,50.0
"Lambert, Peter",Offspeed,290,0.738562851344533,1.0226636316068007,1.261473736863902,2023,0.6840758917823359,43.0
"Lambert, Peter",Slider,307,0.6478243563845248,0.8039999952585495,1.0325175006268763,2023,-1.2053076132958054,62.0
"Lambert, Peter",Sweeper,161,0.7592704076849269,0.9323017808585989,1.2023635733746054,2023,-0.2312497501402944,52.0
"Lamet, Dinelson",Four-Seam,144,0.8264825769905726,1.0782730529905975,1.358582432859575,2023,3.1507100717675915,20.0
"Lamet, Dinelson",Sinker,166,0.6742036728506199,0.9259727350734989,1.1454152515942686,2023,1.0821522528990084,39.0
"Lamet, Dinelson",Slider,277,0.7601560609084415,1.2149096937571755,1.4331234423178598,2023,2.2352578275197375,28.0
"Lange, Alex",Offspeed,117,0.8575430230251143,0.9323923863582497,1.2667815906768947,2023,0.7163860239187374,43.0
"Lange, Alex",Sinker,306,0.8485543617283484,0.8434497882457371,1.1964330529118559,2023,1.6712405725192283,33.0
"Lange, Alex",Slider,670,0.8454908000629763,0.9643961696331499,1.282542266357808,2023,0.9420059404941716,41.0
"Lauer, Eric",Curveball,105,0.841416227572101,0.9992531069384502,1.3063261613195272,2023,0.14880315471677277,49.0
"Lauer, Eric",Cutter,299,0.7110755579325946,0.8715589040892225,1.1248303749394204,2023,0.3390159156949398,47.0
"Lauer, Eric",Four-Seam,364,0.7687778384933514,0.8301433452910176,1.1314403822957138,2023,0.3426456072289392,47.0
"Law, Derek",Curveball,100,0.6447276618220519,1.2109650388800477,1.3719001725010043,2023,0.6492545591171969,44.0
"Law, Derek",Cutter,341,0.7554385000537265,0.8694029937345595,1.151759042889631,2023,0.6588501011952145,43.0
"Law, Derek",Four-Seam,186,0.7152087056583042,0.9446694595322366,1.1848729385138117,2023,1.0032104915955182,40.0
"Law, Derek",Sinker,112,0.642599818779383,1.039843032358766,1.2223780344232178,2023,1.970820036282538,30.0
"Law, Derek",Slider,174,0.7348608687576836,0.9817344053357497,1.2263045865735136,2023,0.4590140589440298,45.0
"Lawrence, Casey",Sinker,151,0.7800910701455859,0.5413936831752928,0.9495521038379068,2023,-1.1794248752307188,62.0
"Lawrence, Justin",Sinker,607,0.8930138605094124,0.6094941475070959,1.0811830885226266,2023,0.34048138445251613,47.0
"Lawrence, Justin",Sweeper,576,1.0270061748604893,0.5919076787228154,1.185367615270725,2023,-0.3840984956934156,54.0
"Leclerc, José",Cutter,156,0.6838079653026987,0.8270934431007758,1.0731621019360091,2023,-0.2746527604834031,53.0
"Leclerc, José",Four-Seam,351,0.8118366897896222,0.8874390141455636,1.2027580033889698,2023,1.2243162489716923,38.0
"Leclerc, José",Offspeed,130,0.6871193915503643,0.7482564504210157,1.0158842324995505,2023,-0.810884146096248,58.0
"Leclerc, José",Slider,309,0.8016774009244191,0.8788850404188854,1.1895905049322804,2023,0.1436987145112577,49.0
"Lee, Dylan",Four-Seam,157,0.7346729846032058,0.7260347001641604,1.0328943702761888,2023,-0.8756385184408066,59.0
"Lee, Dylan",Slider,186,0.5525883606181848,0.8728612309468411,1.0330733878968752,2023,-1.2005334291634524,62.0
"Legumina, Casey",Four-Seam,148,0.814652435862284,0.7279856815128251,1.0925299738423861,2023,-0.1383878914439726,51.0
"Leiter Jr., Mark",Cutter,216,0.8493190594648894,0.802907844389855,1.168761682873411,2023,0.8607919692676087,41.0
"Leiter Jr., Mark",Offspeed,361,0.928286731982186,1.1728941651332825,1.4957930937726203,2023,2.1104319389864052,29.0
"Leiter Jr., Mark",Sinker,292,0.6742605327267905,0.8165894066027116,1.05898325056102,2023,0.08414604849330501,49.0
"Leone, Dominic",Cutter,279,0.7827292421701875,0.9006619715027673,1.1932548149743907,2023,1.1516990787596766,38.0
"Leone, Dominic",Four-Seam,332,0.7347353429726817,0.8201310237789968,1.1011134911433833,2023,-0.032273370359704096,50.0
"Leone, Dominic",Slider,265,0.7630538875772813,0.7756103841305748,1.088036168203052,2023,-0.7284908986549116,57.0
"Liberatore, Matthew",Curveball,237,1.0036997392357443,1.3136942940910945,1.6532410183846153,2023,2.79640735487949,22.0
"Liberatore, Matthew",Four-Seam,389,0.7241725873461476,0.7882539404504169,1.0704065633670334,2023,-0.41189058562157005,54.0
"Liberatore, Matthew",Sinker,211,0.6896619560347493,0.7638093857185759,1.029095909676773,2023,-0.260954739167421,53.0
"Liberatore, Matthew",Slider,135,0.8316508154916183,1.1887431733880778,1.450776830248068,2023,2.386872244843671,26.0
"Littell, Zack",Four-Seam,413,0.60677417574165,0.7282809775868716,0.9479283109296021,2023,-1.9260392317862756,69.0
"Littell, Zack",Offspeed,256,0.6892343204334324,0.936997278948374,1.163188655902383,2023,0.08579190266223692,49.0
"Littell, Zack",Sinker,135,0.6487764151557727,0.7909200321097088,1.0229688822514587,2023,-0.33170181561975565,53.0
"Littell, Zack",Slider,427,0.616771906639128,0.8060488513214021,1.0149494251123141,2023,-1.356189333177198,64.0
"Lively, Ben",Four-Seam,451,0.7136897678726537,0.8043319435437417,1.0753152840776399,2023,-0.35120607493946066,54.0
"Lively, Ben",Offspeed,141,0.770063669421263,0.7673055966152995,1.0870859825973753,2023,-0.3774626474912104,54.0
"Lively, Ben",Sinker,298,0.7693727364428186,0.6699356491311076,1.020170662957051,2023,-0.3640120732063209,54.0
"Lively, Ben",Sweeper,319,0.8275614474545945,0.7648436088016947,1.1268734158005254,2023,-0.9101509227768184,59.0
"Llovera, Mauricio",Sinker,389,0.7266465336140445,0.662551666767605,0.9833564439967016,2023,-0.7890955896534914,58.0
"Llovera, Mauricio",Slider,211,0.95154154865941,0.7906791530801863,1.2371761563903294,2023,0.5523834863700526,44.0
"Lodolo, Nick",Curveball,231,0.9489879892412457,0.7965611069948485,1.2389866023896308,2023,-0.36512265569165275,54.0
"Lodolo, Nick",Four-Seam,243,0.6515221955587057,0.7800154949987937,1.0163195086899837,2023,-1.0805467673067897,61.0
"Long, Sam",Curveball,237,0.7019918157537861,1.066611331419101,1.2768916327147442,2023,-0.07583692620432698,51.0
"Long, Sam",Four-Seam,384,0.6702259115998161,0.8235550488046698,1.0618124556584683,2023,-0.5181360315921945,55.0
"Lopez, Jacob",Four-Seam,103,0.7301050785924365,0.7709495708019526,1.0617987881449964,2023,-0.5183049974829386,55.0
"Lorenzen, Michael",Four-Seam,817,0.7392097641695917,0.8145043818174992,1.0999311175903561,2023,-0.04689057201753847,50.0
"Lorenzen, Michael",Offspeed,510,0.7535610346708184,0.9441659733195524,1.2080163981290204,2023,0.3586687236428364,46.0
"Lorenzen, Michael",Sinker,288,0.6755645430047097,0.7666756555720045,1.0218507780551547,2023,-0.3446122528622554,53.0
"Lorenzen, Michael",Slider,538,0.7769663444476327,0.9188014548175016,1.2032758676957978,2023,0.2612341309118018,47.0
"Lorenzen, Michael",Sweeper,151,0.8826913460126395,1.0393572778765134,1.3636009546052985,2023,1.2187968613393578,38.0
"Loup, Aaron",Cutter,186,0.8203909297467307,0.561725628506375,0.9942720751039864,2023,-1.2116366292201235,62.0
"Loup, Aaron",Offspeed,147,0.939982061607666,0.6300909680565591,1.1316275465764563,2023,-0.10632785960324818,51.0
"Loup, Aaron",Sinker,456,0.8042395221254366,0.5983616051961054,1.002415991253836,2023,-0.5690203144268243,56.0
"Lovelady, Richard",Four-Seam,118,0.8926822272789422,0.7566417430753203,1.170208650738727,2023,0.8219218869678758,42.0
"Lovelady, Richard",Slider,177,0.8152452417600753,0.7309769572794108,1.0949667192594983,2023,-0.6689685302397911,57.0
"Loáisiga, Jonathan",Sinker,165,0.6722233010889572,0.7465726077305922,1.0046167553552905,2023,-0.5436087052840478,55.0
"Lucchesi, Joey",Curveball,172,0.6496098013872341,1.495150175037346,1.6301738986907404,2023,2.62036242124985,24.0
"Lucchesi, Joey",Four-Seam,168,0.5816269428739675,0.873266966260549,1.0492307158288974,2023,-0.6736789459481404,57.0
"Lucchesi, Joey",Sinker,347,0.6520859564133642,0.7738394232186616,1.0119503680907098,2023,-0.4589295248513086,55.0
"Luetge, Lucas",Cutter,139,0.7707508157734845,0.7713482556072041,1.0904287924682512,2023,-0.06957474055030921,51.0
"Luetge, Lucas",Sweeper,101,0.8367277121620055,0.8544125807872013,1.1958821524328012,2023,-0.28953873004371805,53.0
"Lugo, Seth",Curveball,749,0.8535724502320604,0.9283380375920145,1.2611096065907024,2023,-0.19628307546005383,52.0
"Lugo, Seth",Four-Seam,753,0.6892120435340404,0.7964032661324892,1.053219541813987,2023,-0.6243667183084186,56.0
"Lugo, Seth",Offspeed,139,0.6744640138733862,0.934249370161933,1.152268888609845,2023,0.01932075696922371,50.0
"Lugo, Seth",Sinker,473,0.7415816613943162,0.7150022370168058,1.030131816543587,2023,-0.24899341155834076,52.0
"Lugo, Seth",Slider,204,0.7861114307494406,0.9169618201680574,1.2078038587456363,2023,0.30012234474267363,47.0
"Luzardo, Jesús",Four-Seam,1235,0.6169119620795447,0.7849396019449966,0.9983539190379348,2023,-1.3026480196339896,63.0
"Luzardo, Jesús",Offspeed,626,0.7075149950057937,0.8149163403641789,1.0791969745836925,2023,-0.4254848614269608,54.0
"Luzardo, Jesús",Sinker,253,0.6345898626681209,0.694485069699924,0.9407517238024349,2023,-1.2810404085000513,63.0
"Luzardo, Jesús",Slider,863,0.8999535874968483,1.067826309593827,1.3964846891782305,2023,1.9205894346479757,31.0
"Lyles, Jordan",Curveball,370,0.9119596959631083,1.324086386049666,1.6077547215863464,2023,2.4492624920973527,26.0
"Lyles, Jordan",Cutter,215,0.563810516472164,0.7412767695862696,0.9313289148377515,2023,-1.9592181447182604,70.0
"Lyles, Jordan",Four-Seam,853,0.6707172125216757,0.7820554971163969,1.0302778167770192,2023,-0.9079859014213815,59.0
"Lyles, Jordan",Offspeed,307,0.7313329099361672,0.9910714119068957,1.23169410514739,2023,0.5028003952005314,45.0
"Lyles, Jordan",Sinker,376,0.7551064279457488,0.7516662886596348,1.0654519825089903,2023,0.15883869174506074,48.0
"Lyles, Jordan",Sweeper,695,0.7558339550887969,0.938540683097297,1.2050492029348487,2023,-0.2070972365370835,52.0
"Lynch IV, Daniel",Four-Seam,343,0.6040113917446978,0.815406927072556,1.0147503230229964,2023,-1.09994596925461,61.0
"Lynch IV, Daniel",Offspeed,226,0.7262029161588506,0.7943853307880618,1.0762986245503043,2023,-0.44312778752396154,54.0
"Lynch IV, Daniel",Slider,151,0.6321974791540812,0.885205368276812,1.087778560496051,2023,-0.7307033375674594,57.0
"Lynn, Lance",Curveball,442,1.0922828507580717,0.9930688338820987,1.4762342411989133,2023,1.445517137323302,36.0
"Lynn, Lance",Cutter,718,0.7873966380887504,0.8212298843469598,1.137722280971058,2023,0.4921342308228399,45.0
"Lynn, Lance",Four-Seam,1385,0.7249885883414945,0.738435208978781,1.0348405727864214,2023,-0.8515784111369697,59.0
"Lynn, Lance",Offspeed,220,0.7019296870574447,0.8188553328470746,1.0785311037261074,2023,-0.42953817113599785,54.0
"Lynn, Lance",Sinker,402,0.711287356290813,0.7414410082478153,1.027455338168385,2023,-0.2798979607123257,53.0
"López, Jorge",Curveball,211,0.7979596227429436,0.9201232843558603,1.2179353094240581,2023,-0.5257830902029623,55.0
"López, Jorge",Four-Seam,154,0.77821222754246,0.8610566275733114,1.160617416285195,2023,0.703349370020161,43.0
"López, Jorge",Offspeed,112,0.8239242734522298,0.9429157938126004,1.2521746693672697,2023,0.6274703200866639,44.0
"López, Jorge",Sinker,332,0.8204084455346587,0.7717733426090156,1.1263676619410237,2023,0.8622150487886963,41.0
"López, Jorge",Slider,157,0.7788382511763949,0.8798813226538368,1.175066025145213,2023,0.018956622593521443,50.0
"López, Pablo",Curveball,374,0.7521683675816235,1.0047212624202861,1.255078510831023,2023,-0.24231152924263388,52.0
"López, Pablo",Four-Seam,1042,0.6881812021580784,0.7364150692905785,1.0079189061040503,2023,-1.1843999884242011,62.0
"López, Pablo",Offspeed,638,0.6487032974932073,0.6669158791105247,0.930372375980889,2023,-1.331414567748756,63.0
"López, Pablo",Sinker,321,0.6534301217586674,0.656945855993655,0.9265790747306908,2023,-1.4446880336548162,64.0
"López, Pablo",Sweeper,649,0.8360910232319194,0.8065172925987492,1.1616877129374374,2023,-0.5970575618632182,56.0
"López, Reynaldo",Four-Seam,770,0.6992048104814,0.8125264378990777,1.0719545602707674,2023,-0.39275333170579146,54.0
"López, Reynaldo",Slider,354,0.8316616212978909,0.8933526237170414,1.2205490414735323,2023,0.4095831157072318,46.0
"Machado, Andrés",Four-Seam,236,0.8728778680156398,0.7870244914448044,1.1752971209891911,2023,0.8848285678476148,41.0
"Machado, Andrés",Offspeed,213,0.7826108079297059,0.6718781354912069,1.0314552368569019,2023,-0.7160998460744572,57.0
"Machado, Andrés",Sinker,223,0.7056571742178015,0.6277211681893629,0.9444500582445167,2023,-1.238336772404144,62.0
"Machado, Andrés",Slider,102,0.7900661570512995,0.7412509009754551,1.0833547114009947,2023,-0.7686971382774215,58.0
"Maeda, Kenta",Four-Seam,459,0.7491920628379768,0.7939572275228062,1.0916303523423687,2023,-0.14950954487389825,51.0
"Maeda, Kenta",Offspeed,542,0.6930223400303066,0.7633108367133918,1.030981763769457,2023,-0.7189819861177511,57.0
"Maeda, Kenta",Sinker,116,0.563030582412913,0.8047787936157927,0.9821773482349889,2023,-0.802710279487238,58.0
"Maeda, Kenta",Slider,376,0.8245788491355426,0.7972160247870292,1.1469453642693401,2023,-0.2225549575244112,52.0
"Maeda, Kenta",Sweeper,145,0.7718846005946952,0.7508165517086484,1.0768153653040513,2023,-1.3603350298719044,64.0
"Mahle, Tyler",Four-Seam,218,0.681880097707327,0.7090636875713814,0.9837335923316228,2023,-1.4833931515108258,65.0
"Mahle, Tyler",Slider,111,0.6784150248825385,0.9421670995857272,1.1610020626717925,2023,-0.10183036085142773,51.0
"Manaea, Sean",Four-Seam,286,0.7932860505426479,0.725433495796777,1.0749681459510718,2023,-0.3554976019160045,54.0
"Manaea, Sean",Offspeed,349,0.7863802841465213,0.8137917281728483,1.1316584856470235,2023,-0.1061395263345814,51.0
"Manaea, Sean",Sinker,883,0.7288127401332161,0.6887546003873304,1.002771613945667,2023,-0.5649140384106257,56.0
"Manaea, Sean",Slider,286,0.8411385241583401,0.9136133518469315,1.2418548117619288,2023,0.5925656661776298,44.0
"Manaea, Sean",Sweeper,247,0.9872632717317038,1.0262263657813442,1.42401872232607,2023,1.7621484010875883,32.0
"Manning, Matt",Curveball,204,0.7376442027590477,0.9649390346063991,1.2145889470809292,2023,-0.5513220454091159,56.0
"Manning, Matt",Four-Seam,563,0.7093356265436966,0.8544956961935334,1.1105493802156705,2023,0.0843786750429095,49.0
"Manning, Matt",Sweeper,373,0.7639531311118628,0.8783224334618737,1.1640767516182111,2023,-0.5755723614877967,56.0
"Manoah, Alek",Four-Seam,489,0.7931892403720571,0.922677911236507,1.2167512888531347,2023,1.3973095258947565,36.0
"Manoah, Alek",Offspeed,219,0.7334208813748481,0.9855979561614799,1.2285395884652417,2023,0.48359812354466847,45.0
"Manoah, Alek",Sinker,474,0.7592999376106306,0.8040290037309915,1.1058928673683353,2023,0.6257983076141547,44.0
"Manoah, Alek",Slider,507,0.9339659890766565,0.9234538062629379,1.3134151670562682,2023,1.2071548665247973,38.0
"Mantiply, Joe",Curveball,159,1.0394005472309709,0.7384091176771278,1.2749907931639177,2023,-0.09034385975332525,51.0
"Mantiply, Joe",Offspeed,138,0.8221751769479518,0.6263504499689329,1.0335796571942004,2023,-0.7031680087952626,57.0
"Mantiply, Joe",Sinker,231,0.7530446529903433,0.543948498559053,0.928954368352932,2023,-1.4172611808231883,64.0
"Marinaccio, Ron",Four-Seam,460,0.8164302608322563,0.7923345425298937,1.1376960921479347,2023,0.41998239490378253,46.0
"Marinaccio, Ron",Offspeed,332,0.9991911013518904,1.0138808323726376,1.423494713468735,2023,1.6703349990239118,33.0
"Marinaccio, Ron",Sweeper,100,1.05844368588985,0.8582289216401653,1.362666473550932,2023,1.2103928481010295,38.0
"Marsh, Alec",Curveball,200,0.8014900107543448,1.070474720567966,1.337274229436156,2023,0.38499435109766145,46.0
"Marsh, Alec",Four-Seam,500,0.8111005963683031,0.9018371198885359,1.2129280144501018,2023,1.3500439448951767,36.0
"Marsh, Alec",Offspeed,200,0.7689479009401897,0.7604135646188732,1.0814387008132755,2023,-0.4118389560868082,54.0
"Marsh, Alec",Slider,132,0.7624828875865558,0.9361564262394113,1.2073810534589644,2023,0.2964911223714396,47.0
"Marsh, Alec",Sweeper,214,0.9672970926351973,1.0658405323578175,1.43933307675371,2023,1.899874079682091,31.0
"Marte, Yunior",Sinker,346,0.7682330339193751,0.7500633927960771,1.073674572492862,2023,0.2537826444719148,47.0
"Marte, Yunior",Slider,308,0.8978050192265402,0.7923354310381172,1.1974344607646497,2023,0.21106577163032272,48.0
"Martin, Chris",Cutter,249,0.6220451087551172,0.6933660551276563,0.9315023369425616,2023,-1.9571583949474127,70.0
"Martin, Chris",Four-Seam,248,0.6398890885295905,0.714622600596738,0.9592411098899353,2023,-1.786183715486575,68.0
"Martin, Chris",Sinker,109,0.510579223296007,0.6064444029393886,0.792758448153071,2023,-2.989877477441359,80.0
"Martinez, Adrián",Four-Seam,547,0.8331082256980982,0.8317816526677552,1.177255296628788,2023,0.9090366940630245,41.0
"Martinez, Adrián",Offspeed,221,0.8636801054207814,0.8696962097863945,1.225689529129001,2023,0.46624915407510453,45.0
"Martinez, Adrián",Slider,164,0.8417330889251936,0.7943770716451188,1.1573890983360013,2023,-0.13285995611941512,51.0
"Martinez, Justin",Four-Seam,142,0.8567542878549844,0.7715867751064674,1.1529848486762955,2023,0.6089910518552306,44.0
"Martinez, Nick",Curveball,335,0.615321270586604,1.129376541577143,1.2861227152573975,2023,-0.00538663439859924,50.0
"Martinez, Nick",Cutter,286,0.6596659825934978,0.7950075793739371,1.0330519153716582,2023,-0.7510450155252254,58.0
"Martinez, Nick",Four-Seam,237,0.647269198698544,0.930866665279748,1.1337857664095514,2023,0.37164063377471473,46.0
"Martinez, Nick",Offspeed,504,0.5824536042749513,0.9893983599162413,1.1481120658445454,2023,-0.005982783321519512,50.0
"Martinez, Nick",Sinker,384,0.7647357031896074,0.7332485566806453,1.0594688016204878,2023,0.0897525711251057,49.0
"Martinez, Seth",Four-Seam,306,0.8863157835708649,0.6797795833912263,1.1169852059013072,2023,0.16394216125314143,48.0
"Martinez, Seth",Offspeed,123,0.796773129443502,0.7894752125047397,1.121658830020339,2023,-0.16700973979558925,52.0
"Martinez, Seth",Sinker,130,0.7337144624605921,0.6178676626293313,0.9592170562218276,2023,-1.0678263662394925,61.0
"Martinez, Seth",Sweeper,205,0.903163869509907,0.6736413822175902,1.1267198795726177,2023,-0.9115317110612572,59.0
"Maton, Phil",Curveball,420,1.017742217250495,0.6662897444764396,1.2164461535014335,2023,-0.5371481136233878,55.0
"Maton, Phil",Cutter,334,0.7833558887288069,0.6916884661203843,1.0450260200445103,2023,-0.6088275088064521,56.0
"Maton, Phil",Sweeper,243,0.7859139695888749,0.7937154549307814,1.1169803001803211,2023,-0.9991220948000636,60.0
"Matz, Steven",Curveball,276,0.9067556266336838,0.9842134138598891,1.3382383234886013,2023,0.39235217798406463,46.0
"Matz, Steven",Offspeed,511,0.6758785730297456,0.7561738950467893,1.0142045183447754,2023,-0.8211089541268157,58.0
"Matz, Steven",Sinker,1046,0.7632914228503819,0.7307026823312659,1.0566646611688437,2023,0.05737394358772752,49.0
"May, Dustin",Cutter,107,0.7033778290378687,0.8013996361822834,1.0662934620708886,2023,-0.35623220736942585,54.0
"May, Dustin",Four-Seam,202,0.7068148218041787,0.7755357667695993,1.0493059219603134,2023,-0.6727492032403485,57.0
"May, Dustin",Sinker,245,0.6376334670606351,0.6864195018739315,0.9368821542054381,2023,-1.3257212491611035,63.0
"May, Trevor",Four-Seam,329,0.7877139215096506,0.8082748423949,1.128628124312261,2023,0.30787880958470976,47.0
"May, Trevor",Offspeed,173,0.618547726302836,0.8968365165587683,1.089457216758728,2023,-0.36302839745739945,54.0
"May, Trevor",Slider,201,0.766770742271031,0.7947611769783924,1.1043471825630506,2023,-0.5884053270960494,56.0
"Mayers, Mike",Four-Seam,143,0.7056944317515103,0.8380292317733603,1.095580952879218,2023,-0.10066988284929765,51.0
"Mayers, Mike",Slider,141,0.6634870875313649,0.6899497208656681,0.9572072568903071,2023,-1.8521023683753635,69.0
"Mayza, Tim",Sinker,619,0.7916254201425984,0.868305492962998,1.1750000999683619,2023,1.4237602439298889,36.0
"Mayza, Tim",Slider,190,0.7349546998380305,0.9260512367508869,1.1822560229924213,2023,0.08070722471445806,49.0
"McArthur, James",Curveball,132,0.8233558744697462,0.9024366829720195,1.2216001239347438,2023,-0.49781375394162086,55.0
"McArthur, James",Sinker,118,0.8634846150697628,0.6700349787558725,1.092955878898393,2023,0.47641851072202135,45.0
"McClanahan, Shane",Curveball,312,0.6634582588274496,1.0964613051014327,1.2815632074896222,2023,-0.040184140676549386,50.0
"McClanahan, Shane",Four-Seam,762,0.6231236504053578,0.902612662081925,1.0968102394877237,2023,-0.08547271423384703,51.0
"McClanahan, Shane",Offspeed,470,0.7183050600393295,1.009337132017487,1.2388396205108194,2023,0.5462967976466494,45.0
"McClanahan, Shane",Slider,276,0.610508070535041,0.9369907004884288,1.1183343314904604,2023,-0.46827804937257683,55.0
"McGough, Scott",Four-Seam,624,0.7245612006039872,0.8991344914223186,1.1547431606577987,2023,0.63072834523871,44.0
"McGough, Scott",Offspeed,487,0.7176343699369837,1.0271530629754186,1.2530133693199907,2023,0.6325756804168368,44.0
"McGough, Scott",Slider,116,0.684285658092036,0.9136556475176041,1.1414961691180847,2023,-0.26935484381299485,53.0
"McHugh, Collin",Cutter,466,0.7910294787955293,0.6950465966999237,1.0530039923512509,2023,-0.5140724217970268,55.0
"McHugh, Collin",Sweeper,488,0.963351966120332,0.701096099594006,1.1914624423345612,2023,-0.32928624766499315,53.0
"McKenzie, Triston",Four-Seam,190,0.6487135909444113,0.8959232841844046,1.106122892910079,2023,0.029655819126504893,50.0
"Means, John",Four-Seam,142,0.7755127369743754,0.9296765771524788,1.210668634811126,2023,1.3221121565699392,37.0
"Means, John",Offspeed,113,0.6677192541381524,0.7421865762921908,0.9983435863344515,2023,-0.9176581107380267,59.0
"Mears, Nick",Four-Seam,217,0.59115788066652,0.842439589542853,1.0291608727032242,2023,-0.9217942251320942,59.0
"Medina, Luis",Curveball,235,0.8365298036780273,1.2286882994396404,1.4864242495403102,2023,1.5232858126479034,35.0
"Medina, Luis",Four-Seam,805,0.7652881078529744,0.8589252193299469,1.150399243924553,2023,0.577026275607562,44.0
"Medina, Luis",Offspeed,170,0.8849094482072897,1.2462395158057349,1.5284559732888097,2023,2.309258430880389,27.0
"Medina, Luis",Sinker,280,0.7327130460543723,0.8840062376165404,1.1481878922908166,2023,1.1141671615516293,39.0
"Medina, Luis",Slider,455,0.9098839436254486,0.9382251516254628,1.3069641257548048,2023,1.1517507213306422,38.0
"Megill, Trevor",Curveball,167,0.7278055392541409,1.1809640673189583,1.3872191720371903,2023,0.7661669561745738,42.0
"Megill, Trevor",Four-Seam,432,0.6651931452207754,0.9143859316855443,1.1307446893588087,2023,0.3340450393926264,47.0
"Megill, Tylor",Curveball,192,0.937624560325413,1.220915399269821,1.5394071028482395,2023,1.9276433144898029,31.0
"Megill, Tylor",Four-Seam,1242,0.8260408286664107,0.8298790665968534,1.1709153324641175,2023,0.8306583047112293,42.0
"Megill, Tylor",Offspeed,325,0.7630786530193157,0.9194783857064242,1.1948763670250846,2023,0.27868231930642606,47.0
"Megill, Tylor",Slider,463,0.7769185306448319,0.8383355996254414,1.1429824936798783,2023,-0.25658968885908556,53.0
"Mejía, J.C.",Sinker,116,0.7851463898389617,0.6240403584699807,1.0029363003084975,2023,-0.5630124509207962,56.0
"Merryweather, Julian",Four-Seam,501,0.6552986712241801,0.8837629618911548,1.1002060358491053,2023,-0.04349186979076045,50.0
"Merryweather, Julian",Slider,604,0.6517640744975269,1.0865403287064512,1.2670305026758988,2023,0.8087846561946931,42.0
"Middleton, Keynan",Four-Seam,225,0.7832896373260458,0.8653108323586183,1.1671784321771599,2023,0.7844605316556421,42.0
"Middleton, Keynan",Offspeed,367,0.6889949145413349,0.8777724720745709,1.115884628891233,2023,-0.20215863575932022,52.0
"Middleton, Keynan",Slider,264,0.7267469377170519,0.857471833058108,1.124019152848004,2023,-0.41945451016740515,54.0
"Mikolas, Miles",Curveball,639,0.7851048686881588,1.0128564533796693,1.2815099882524106,2023,-0.04059030222628201,50.0
"Mikolas, Miles",Four-Seam,831,0.6482612576005309,0.7477840536271222,0.9896583496160847,2023,-1.4101477953550035,64.0
"Mikolas, Miles",Offspeed,172,0.6467189101447121,0.8607879161978406,1.0766620571985366,2023,-0.4409154890506459,54.0
"Mikolas, Miles",Sinker,779,0.7280087607021195,0.6884789385642343,1.0019980062383211,2023,-0.5738466707976775,56.0
"Mikolas, Miles",Slider,776,0.6261866713860063,0.7627117004013838,0.9868327544982769,2023,-1.5976666433167237,66.0
"Miley, Wade",Cutter,829,0.7055266670182883,0.7745868890531482,1.0477369548541124,2023,-0.5766294948394571,56.0
"Miley, Wade",Four-Seam,364,0.5838889206841549,0.9052076133736623,1.0771848007688138,2023,-0.3280940031178165,53.0
"Miley, Wade",Offspeed,460,0.5485531094879083,0.768710162214376,0.9443653040113796,2023,-1.246236382823313,62.0
"Miller, Bobby",Curveball,362,0.7131546760459443,0.8905701201435066,1.1409227541155516,2023,-1.1135318151352305,61.0
"Miller, Bobby",Four-Seam,498,0.7007449777740098,0.8241810777587714,1.081812355638032,2023,-0.27088543097674284,53.0
"Miller, Bobby",Offspeed,314,0.6732757779294791,1.0163917778559788,1.2191605797596077,2023,0.4265059312454545,46.0
"Miller, Bobby",Sinker,445,0.6768564724050269,0.7764640728716556,1.0300636585653418,2023,-0.2497804127194318,52.0
"Miller, Bobby",Slider,328,0.6313752224421711,0.7812182969696285,1.0044584108035672,2023,-1.4462903963751537,64.0
"Miller, Bryce",Four-Seam,1216,0.6952665012830845,0.7683954744213312,1.0362562969254294,2023,-0.8340763914252108,58.0
"Miller, Bryce",Offspeed,117,0.7375217034782205,0.8448260852051618,1.1214585936825736,2023,-0.16822862463297314,52.0
"Miller, Bryce",Sinker,159,0.6536252821388944,0.819753332367518,1.0484376640405475,2023,-0.03762089720635616,50.0
"Miller, Bryce",Slider,395,0.7141168930376876,1.0084922887917627,1.2357263586547989,2023,0.5399320385358446,45.0
"Miller, Bryce",Sweeper,178,0.9050656614425052,0.8587918753236005,1.2476647533068272,2023,0.176154674040739,48.0
"Miller, Mason",Four-Seam,342,0.7291102007378623,0.8856184156381949,1.1471362878653575,2023,0.536687681602478,45.0
"Miller, Mason",Slider,149,1.0727901595701492,0.9800281301025684,1.453042966420086,2023,2.4063347364999763,26.0
"Miller, Shelby",Four-Seam,382,0.6671686203252999,0.9421499126691809,1.1544524355248724,2023,0.6271342290779552,44.0
"Miller, Shelby",Offspeed,174,0.7471460004225768,1.042808823526692,1.2828395801395343,2023,0.8141347147573601,42.0
"Miller, Shelby",Sweeper,107,0.7709617874251697,1.0133554766144808,1.2732915611337312,2023,0.4066227303240083,46.0
"Miller, Tyson",Four-Seam,131,0.7780450302502979,0.7391702522709117,1.0731853199421946,2023,-0.3775379522146646,54.0
"Milner, Hoby",Four-Seam,191,0.7119367328848633,0.5884838186879185,0.9236704588154198,2023,-2.2259291567859525,72.0
"Milner, Hoby",Offspeed,178,0.6694786808765992,0.5163280920724249,0.845456328151503,2023,-1.8483181642932727,68.0
"Milner, Hoby",Sinker,318,0.7777691490068135,0.5545816513617285,0.9552411513193328,2023,-1.1137350310092742,61.0
"Milner, Hoby",Sweeper,340,0.8927691603304099,0.5663088921084367,1.0572334344496253,2023,-1.5364400513313086,65.0
"Minter, A.J.",Cutter,413,0.7370955549214372,0.8455862613678577,1.1217513015365805,2023,0.3024454868971371,47.0
"Minter, A.J.",Four-Seam,501,0.7995309960154644,0.8038201731775169,1.1337445410658495,2023,0.37113098167639,46.0
"Minter, A.J.",Offspeed,148,0.8963950924148167,0.8870901238151493,1.261131654299322,2023,0.6819935561995282,43.0
"Misiewicz, Anthony",Cutter,103,0.6497744977201213,0.9883293665570659,1.1827940795787435,2023,1.0274559936138867,40.0
"Mlodzinski, Carmen",Four-Seam,308,0.8555628934860061,0.7725932571867933,1.1527741347552196,2023,0.6063860816505158,44.0
"Mlodzinski, Carmen",Sweeper,136,0.9247000586101933,0.7636024065588841,1.1992326019985506,2023,-0.259407329975905,53.0
"Moll, Sam",Four-Seam,265,0.7660848763770556,0.7600219769942383,1.079129020705068,2023,-0.3040584055668986,53.0
"Moll, Sam",Sinker,358,0.8435186866539001,0.7017676453486946,1.0972700683024994,2023,0.5262332522622893,45.0
"Moll, Sam",Sweeper,388,1.1225297662286078,0.6266435411207631,1.2855952721201267,2023,0.5172729671876393,45.0
"Montero, Rafael",Four-Seam,616,0.7271310816972434,0.716990649458799,1.0211734433393544,2023,-1.0205395543391547,60.0
"Montero, Rafael",Offspeed,277,0.5491644244780902,0.6407722073551851,0.8439020007270919,2023,-1.8577797143350285,69.0
"Montero, Rafael",Sinker,184,0.5149817405509826,0.6386518047342363,0.8204159437695105,2023,-2.6705240910386516,77.0
"Montero, Rafael",Slider,176,0.6862277920553349,0.6518919578915205,0.9465049959470789,2023,-1.9440177028919543,69.0
"Montgomery, Jordan",Curveball,647,0.71575925906425,1.0139909963094476,1.2411643958528742,2023,-0.3485020497909709,53.0
"Montgomery, Jordan",Four-Seam,318,0.6760498744664319,0.8963782047057808,1.1227365312652995,2023,0.23504344936133284,48.0
"Montgomery, Jordan",Offspeed,670,0.6200689272851428,0.8709114219627284,1.069098769754081,2023,-0.48695496664849697,55.0
"Montgomery, Jordan",Sinker,1246,0.735616483083564,0.7806196034795312,1.0726129663213901,2023,0.24152457416116538,48.0
"Moore, Matt",Curveball,172,0.7525838061175936,1.063170820503843,1.3025799702134446,2023,0.1202127640053843,49.0
"Moore, Matt",Four-Seam,398,0.715381388349465,0.7248851760639711,1.0184444262079804,2023,-1.0542772793033581,61.0
"Moore, Matt",Offspeed,260,0.7008287467873846,1.0276852807925188,1.2439043245688852,2023,0.5771268210635171,44.0
"Moreta, Dauri",Four-Seam,254,0.7328761679045507,0.8873722593393245,1.1508853131947754,2023,0.5830353516092428,44.0
"Moreta, Dauri",Slider,623,0.7604329039497264,1.1076080316140111,1.3435228889398492,2023,1.4657321282026565,35.0
"Morgan, Eli",Four-Seam,481,0.6487970147531541,0.8173144454239537,1.0435231042249469,2023,-0.7442398186824286,57.0
"Morgan, Eli",Offspeed,377,0.7036811607767572,0.8727352193118023,1.1210860533693852,2023,-0.17049636356651182,52.0
"Morgan, Eli",Slider,302,0.6177694934913882,0.9525165913672732,1.1353092107080498,2023,-0.3224909385985014,53.0
"Morton, Charlie",Curveball,1228,0.9678449622260844,0.7331754099284797,1.2141952283838893,2023,-0.5543268497717323,56.0
"Morton, Charlie",Cutter,227,0.8834454726284714,0.6984692526934847,1.1262038892074286,2023,0.35532926687865435,46.0
"Morton, Charlie",Four-Seam,920,0.8863810769948638,0.7919276655895572,1.1886214036356153,2023,1.0495512359841925,40.0
"Morton, Charlie",Offspeed,292,0.8768065914581927,0.7503058935144311,1.1540141821775949,2023,0.02994476203371367,50.0
"Morton, Charlie",Sinker,175,0.8761767022348393,0.7675144945415117,1.1648021775694062,2023,1.3060076788551715,37.0
"Morán, Jovani",Four-Seam,342,0.7419200157159679,0.8799633626823049,1.1509912377525433,2023,0.5843448536844935,44.0
"Morán, Jovani",Offspeed,354,0.7511134633655552,1.011712118129913,1.260052715095648,2023,0.6754258040597612,43.0
"Muller, Kyle",Curveball,216,0.9509413680841463,1.3546001016280798,1.6550622105723252,2023,2.810306431230029,22.0
"Muller, Kyle",Four-Seam,749,0.7305718117575059,0.7765187681789024,1.0661691092264511,2023,-0.4642765016716494,55.0
"Muller, Kyle",Offspeed,121,1.0254384160506858,1.661189398621274,1.9521972654432875,2023,4.888669549484896,20.0
"Muller, Kyle",Slider,368,0.68506539185616,0.7682170662833917,1.0293065879746885,2023,-1.232884226508188,62.0
"Murfee, Penn",Sweeper,140,1.0796120414134351,0.5756897500846571,1.2235116870375289,2023,-0.041059669390761715,50.0
"Murphy, Chris",Curveball,159,0.9298635618685627,1.0571826032490501,1.4079351193515022,2023,0.9242680809973463,41.0
"Murphy, Chris",Four-Seam,336,0.8379267958819864,0.885457659680297,1.2190802198147423,2023,1.4261011488347621,36.0
"Murphy, Chris",Slider,275,0.8211055650183248,0.8120214323251962,1.1548130391797304,2023,-0.1549841913944847,52.0
"Musgrove, Joe",Curveball,370,0.8542523499036057,0.8362739997442286,1.1954502415257786,2023,-0.6973858883998105,57.0
"Musgrove, Joe",Cutter,316,0.6323559528875795,0.6693691653084053,0.9208306742382282,2023,-2.083906682507899,71.0
"Musgrove, Joe",Four-Seam,381,0.6699942466309837,0.7468522941503009,1.0033347595873408,2023,-1.2410719208200551,62.0
"Musgrove, Joe",Offspeed,176,0.8286846665222329,0.6872746489599969,1.076598680861235,2023,-0.4413012754540933,54.0
"Musgrove, Joe",Slider,223,0.8332051243806236,0.6959055997205312,1.0855944836892468,2023,-0.7494610702906894,57.0
"Muñoz, Andrés",Four-Seam,270,0.8475934987398597,0.7053805419867095,1.1027132211593096,2023,-0.012496561092432506,50.0
"Muñoz, Andrés",Sinker,160,0.8563673599308175,0.7010051158161452,1.1066947309693336,2023,0.6350572029227982,44.0
"Muñoz, Andrés",Slider,406,0.8544895783709768,0.7189637635666716,1.1167190035396382,2023,-0.48215113747437355,55.0
"Márquez, Germán",Four-Seam,112,0.6666183118279604,0.7713125577777346,1.0194621304638987,2023,-1.0416958169569555,60.0
"Naile, James",Curveball,119,0.8543659996406935,0.8133263597207417,1.179593586265471,2023,-0.818401596469777,58.0
"Naile, James",Sinker,170,0.7687671659435088,0.7061910393237462,1.0438911530681574,2023,-0.09011819108595152,51.0
"Nardi, Andrew",Four-Seam,587,0.6086133161972173,0.8276332560026622,1.0273202884661348,2023,-0.9445486168324884,59.0
"Nardi, Andrew",Sweeper,362,0.710440850393394,0.8585709464123098,1.1143923330367174,2023,-1.0223963067635669,60.0
"Neal, Zach",Cutter,147,0.6351667454714299,0.6963687008062095,0.9425317830265971,2023,-1.8261606823487424,68.0
"Neal, Zach",Sinker,126,0.7940735669222669,0.5800428785765253,0.9833628885980972,2023,-0.7890211756389969,58.0
"Nelson, Kyle",Four-Seam,291,0.6207146428470334,0.7829747946750517,0.9991677521523399,2023,-1.292586933001406,63.0
"Nelson, Kyle",Slider,520,0.6377543232583418,0.8123742667408135,1.0328032368739846,2023,-1.202853595133121,62.0
"Nelson, Ryne",Curveball,123,0.7602929547477638,1.043212980389046,1.290867421345539,2023,0.030824278774092603,50.0
"Nelson, Ryne",Cutter,305,0.6176574876083827,0.850448608955907,1.0510773560845732,2023,-0.5369552521786657,55.0
"Nelson, Ryne",Four-Seam,1283,0.6846140308962664,0.7595063169150367,1.0225195434483774,2023,-1.003898268093497,60.0
"Nelson, Ryne",Offspeed,313,0.812208074091151,0.9473199739160789,1.247836963949705,2023,0.6010657053123766,44.0
"Nelson, Ryne",Slider,259,0.7664882846259296,0.9705171052892562,1.2366922584571463,2023,0.5482275757044134,45.0
"Neris, Héctor",Four-Seam,567,0.7345768607294026,0.8196239151550191,1.1006300589267521,2023,-0.038249845544132605,50.0
"Neris, Héctor",Offspeed,314,0.7749727581773448,1.0372273411378947,1.2947676753460398,2023,0.8867437853603188,41.0
"Neris, Héctor",Sinker,168,0.5810668294139517,0.8148356496696443,1.0007975800419053,2023,-0.5877076572104907,56.0
"Newcomb, Sean",Curveball,105,1.0537397708331828,1.0481543015948147,1.4862687995740482,2023,1.5220994409050725,35.0
"Newcomb, Sean",Four-Seam,144,0.7579842321618485,0.6745593873407308,1.0146775168769087,2023,-1.1008460419233275,61.0
"Nogosek, Stephen",Four-Seam,307,0.777409541687128,0.9158322975071846,1.2012969627296486,2023,1.2062539996149515,38.0
"Nola, Aaron",Curveball,977,0.7887997192174864,0.7234532826303723,1.0703222174589513,2023,-1.6523449376608144,67.0
"Nola, Aaron",Cutter,230,0.6680374335564422,0.7490438594414685,1.0036636468457192,2023,-1.1000920959317249,61.0
"Nola, Aaron",Four-Seam,918,0.7697807465792962,0.7195717148849428,1.0537294959649919,2023,-0.6180623632740856,56.0
"Nola, Aaron",Offspeed,385,0.6463676676324134,0.5955172601189981,0.8788810891469928,2023,-1.6448539238599045,66.0
"Nola, Aaron",Sinker,577,0.8387905629184458,0.6413222537690254,1.055871129267405,2023,0.04821125208964401,50.0
"Norris, Daniel",Four-Seam,106,0.9110132477135409,0.7814835722862378,1.2002756813594253,2023,1.1936283148643727,38.0
"Norris, Daniel",Offspeed,110,1.0014030953484059,0.9910803675225502,1.408917476029736,2023,1.5815999877685436,34.0
"Ober, Bailey",Curveball,156,0.7475869481630211,0.9414103530344238,1.2021396332639973,2023,-0.6463334145666744,56.0
"Ober, Bailey",Four-Seam,1063,0.5957618356809049,0.6862732185078453,0.9087921078525045,2023,-2.4098641372362164,74.0
"Ober, Bailey",Offspeed,652,0.7473983066928258,0.7759915537385441,1.0773890292372867,2023,-0.43649024233906714,54.0
"Ober, Bailey",Sweeper,399,0.9324002445931528,0.9745374765349849,1.3487377466685462,2023,1.0851284518185607,39.0
"Ohtani, Shohei",Cutter,255,0.8195119682647698,0.7800252734541708,1.1313882151394592,2023,0.41690396730218493,46.0
"Ohtani, Shohei",Four-Seam,688,0.8195917854893039,0.8036091444538392,1.1478320225065062,2023,0.5452887650113333,45.0
"Ohtani, Shohei",Offspeed,121,1.1326738589033136,1.2801279477806724,1.7092915589015467,2023,3.4100464088403086,20.0
"Ohtani, Shohei",Sinker,137,0.9375398608335839,0.9188979403588798,1.3127659408469003,2023,3.0145039766714254,20.0
"Ohtani, Shohei",Sweeper,733,0.9219379619765657,0.7741437320604467,1.2038555243973341,2023,-0.21783227518201514,52.0
"Okert, Steven",Four-Seam,393,0.8315433682958225,0.8202850526651544,1.1680462066984496,2023,0.7951884738856987,42.0
"Okert, Steven",Slider,625,0.8994234865964728,0.8014427137263731,1.204687939520625,2023,0.27336157340539635,47.0
"Oller, Adam",Curveball,155,0.9304918181756027,1.0692500547246844,1.4174310223853857,2023,0.9967394446326338,40.0
"Oller, Adam",Four-Seam,186,0.8716772926786045,0.909862918089523,1.2600285045529263,2023,1.9323280802711162,31.0
"Olson, Reese",Curveball,101,1.047647227287049,1.0556251749914056,1.4872488772622683,2023,1.5295792525965342,35.0
"Olson, Reese",Four-Seam,518,0.7571263147151722,0.8717366811993498,1.1546276879508106,2023,0.6293008032916667,44.0
"Olson, Reese",Offspeed,264,0.8232597195375944,0.9372842505386029,1.2475008345170873,2023,0.5990196078188426,44.0
"Olson, Reese",Sinker,326,0.6598428118541989,0.7057649334795345,0.9661763181143634,2023,-0.9874697105586506,60.0
"Olson, Reese",Slider,534,0.8066526176376695,0.7450298760901579,1.0980701078750028,2023,-0.6423153768320927,56.0
"Ort, Kaleb",Four-Seam,276,0.788037282432987,0.8120490556071915,1.1315592901907081,2023,0.3441156170032539,47.0
"Ortiz, Luis",Four-Seam,401,0.7786861703787263,0.8640248992217254,1.1631385035386799,2023,0.7345165427692766,43.0
"Ortiz, Luis",Offspeed,217,0.7658707354078608,0.8308928618196575,1.130018110995146,2023,-0.11612486572460617,51.0
"Ortiz, Luis",Sinker,506,0.7323724235159254,0.7654487492444614,1.0593777203842358,2023,0.08870088149860404,49.0
"Ortiz, Luis",Slider,494,0.8633714742370194,0.9334380067374666,1.27150179510224,2023,0.847185919373452,42.0
"Ortiz, Luis",Sweeper,113,0.8078283776312132,0.7312858426457354,1.089663099935187,2023,-1.2447922573158723,62.0
"Ottavino, Adam",Cutter,154,0.7838188417279508,0.793422095782959,1.1152984348255712,2023,0.2258042147601927,48.0
"Ottavino, Adam",Offspeed,142,0.890564642524986,0.841179914877571,1.2250261351126732,2023,0.4622109214708862,45.0
"Ottavino, Adam",Sinker,386,0.9095907760545181,0.7403592951788256,1.1728116924046876,2023,1.398491312281817,36.0
"Ottavino, Adam",Sweeper,284,1.0286156820609065,0.7895922856408023,1.29672903835963,2023,0.6174016091028738,44.0
"Otto Jr., Glenn",Sweeper,103,0.817280576901681,0.9862552340060163,1.2808774055252152,2023,0.47484405636592125,45.0
"Oviedo, Johan",Curveball,450,0.7284125529112184,0.988020242704539,1.2275051312449063,2023,-0.45274758903694345,55.0
"Oviedo, Johan",Four-Seam,1157,0.875685427907648,0.84844767351434,1.2192983323787894,2023,1.4287975854428205,36.0
"Oviedo, Johan",Offspeed,126,0.952500863563427,1.2290927087526375,1.5549684182638468,2023,2.470645807131345,25.0
"Oviedo, Johan",Sinker,156,0.8808421890164632,0.7811857119853003,1.17734195481232,2023,1.4508009885169404,35.0
"Oviedo, Johan",Slider,1091,0.7987737615586809,0.8428073273441208,1.161190644631425,2023,-0.10021074290383984,51.0
"Pagán, Emilio",Cutter,319,0.7167773820534793,0.8914267740191835,1.1438581681579618,2023,0.5650107089454639,44.0
"Pagán, Emilio",Four-Seam,584,0.7214175049295819,0.738701073277513,1.032532077990884,2023,-0.8801173900967396,59.0
"Pagán, Emilio",Offspeed,131,0.6965170341596775,0.9094528004790947,1.1455306085713561,2023,-0.021696709993172254,50.0
"Palencia, Daniel",Four-Seam,317,0.74150307963476,0.8884559773102894,1.157229813272288,2023,0.6614698166002024,43.0
"Palencia, Daniel",Slider,137,0.7701407938100399,0.9712503566804377,1.2395338227100685,2023,0.572632075860336,44.0
"Pallante, Andre",Curveball,153,0.7833562643646087,1.375712762322619,1.5831085374466924,2023,2.26116636615401,27.0
"Pallante, Andre",Four-Seam,753,0.7239604109414243,0.8285964674851297,1.100313947262013,2023,-0.042157805036339355,50.0
"Pallante, Andre",Slider,200,0.6491588107690628,0.981231188848231,1.176529560855832,2023,0.03152605770000123,50.0
"Patiño, Luis",Four-Seam,106,0.7722097700016642,0.9301561605160185,1.2089244855787826,2023,1.3005499514738876,37.0
"Patiño, Luis",Sinker,117,0.8439369689068094,0.7688710698187406,1.1416620907658395,2023,1.0388155518146052,40.0
"Patiño, Luis",Slider,112,0.8213355543484875,0.8971351481102756,1.2163237919286884,2023,0.3732949680540827,46.0
"Patton, Spencer",Four-Seam,108,0.7360620310370255,0.9059673384341967,1.1672892237333015,2023,0.7858302024453518,42.0
"Paxton, James",Curveball,333,0.7942348629668066,1.1647470448661068,1.4097676035702589,2023,0.9382533365017015,41.0
"Paxton, James",Cutter,275,0.782007039729493,1.0073064882996328,1.2752260080303504,2023,2.1252782329166005,29.0
"Paxton, James",Four-Seam,907,0.6597574578597009,0.7720763043195595,1.0155696543778985,2023,-1.0898169101188335,61.0
"Paxton, James",Offspeed,114,0.9160038819750717,1.0746019971502685,1.4120313608672954,2023,1.6005549240014905,34.0
"Payamps, Joel",Four-Seam,230,0.7503460151881381,0.8465193564532142,1.1312003197306308,2023,0.33967781171682737,47.0
"Payamps, Joel",Offspeed,138,0.6843765316120022,0.8005001962872598,1.0531722562227013,2023,-0.5839033331260073,56.0
"Payamps, Joel",Sinker,262,0.6850959550291954,0.6934264160699017,0.974780314789396,2023,-0.8881217611681775,59.0
"Payamps, Joel",Slider,163,0.8901790383934176,0.8031341374146963,1.198934177958022,2023,0.2239459479071242,48.0
"Payamps, Joel",Sweeper,327,0.8782616549111526,0.7764643753374685,1.1722800265531619,2023,-0.5017983338295195,55.0
"Pearson, Nate",Curveball,105,1.0243197877231318,1.1378368799958964,1.5309813169989885,2023,1.8633389310082882,31.0
"Pearson, Nate",Four-Seam,456,0.8191412531725352,0.8604310499221223,1.1879957846386313,2023,1.0418169636668917,40.0
"Pearson, Nate",Slider,176,0.8796885803527178,0.9280118948318973,1.278693894312657,2023,0.9089545688493614,41.0
"Peguero, Elvis",Sinker,448,0.8465581273771053,0.7035232919368136,1.1007296149944557,2023,0.5661796728209827,44.0
"Peguero, Elvis",Slider,465,0.8417718837218905,0.7293967152890264,1.113822011139626,2023,-0.5070316769184832,55.0
"Pepiot, Ryan",Four-Seam,331,0.7985097841639922,0.7708752044719117,1.1098947951383669,2023,0.07628630689693788,49.0
"Pepiot, Ryan",Offspeed,227,0.6563958386538122,0.7502184354507142,0.9968365953816899,2023,-0.9268315127433538,59.0
"Peralta, Freddy",Curveball,354,0.7418614599292028,1.0451417910886225,1.281670702328887,2023,-0.03936375555283073,50.0
"Peralta, Freddy",Four-Seam,1453,0.7242658424498187,0.817611899386992,1.0922683866883405,2023,-0.1416217866643071,51.0
"Peralta, Freddy",Offspeed,415,0.7212673850117629,0.835576646814927,1.1038183606844851,2023,-0.27560879732913723,53.0
"Peralta, Freddy",Slider,234,0.783671263689249,0.8029912699963544,1.1220230074390911,2023,-0.4365982122297317,54.0
"Peralta, Freddy",Sweeper,383,0.8610326478668342,0.8730021211725392,1.2261769547109929,2023,-0.017090275140534315,50.0
"Peralta, Sammy",Four-Seam,135,0.7421559670115132,0.6224244991715973,0.9686112411797666,2023,-1.670344606709843,67.0
"Peralta, Sammy",Offspeed,140,0.7597207219581869,0.6761374321897095,1.0170237964673012,2023,-0.8039473570147967,58.0
"Peralta, Wandy",Offspeed,388,0.6591252234027866,0.6985837404215752,0.9604505726518008,2023,-1.1483216373287506,61.0
"Peralta, Wandy",Sinker,338,0.6936497131731815,0.9085595295575176,1.1430793250404867,2023,1.055179960624836,39.0
"Peralta, Wandy",Slider,115,0.7736486861844416,0.7947697882389924,1.109139894662691,2023,-0.5472435820949718,55.0
"Perdomo, Angel",Four-Seam,302,0.7949384623939593,0.7334533203323789,1.081610342082519,2023,-0.2733828421130026,53.0
"Perdomo, Angel",Slider,153,0.9404490691774454,0.9772749772407496,1.3562856752386758,2023,1.57534408573605,34.0
"Peterson, David",Curveball,173,0.7545543115054879,0.9836443894417163,1.2397211355347975,2023,-0.3595168045708482,54.0
"Peterson, David",Four-Seam,540,0.7681155942120819,0.7767333111395571,1.092390133013659,2023,-0.1401166865343827,51.0
"Peterson, David",Offspeed,372,0.7431472198842295,0.7574582440178121,1.0611365519348614,2023,-0.5354228255801177,55.0
"Peterson, David",Sinker,492,0.7313712297774075,0.6980920413040336,1.0110570576768405,2023,-0.46924433099769,55.0
"Peterson, David",Slider,389,0.8890101450456134,0.8663337898494984,1.2413191666243688,2023,0.5879653296447999,44.0
"Pfaadt, Brandon",Four-Seam,728,0.701391761599304,0.7739425356059635,1.044479512321598,2023,-0.732416135735409,57.0
"Pfaadt, Brandon",Offspeed,196,0.7834239228000692,0.6865983211447156,1.0417150749673305,2023,-0.6536458417394865,57.0
"Pfaadt, Brandon",Sinker,162,0.6502228844822961,0.6019665846341978,0.8860889168253028,2023,-1.9122165916411016,69.0
"Pfaadt, Brandon",Sweeper,435,0.8079580620774165,0.7018723029205565,1.0702434114176549,2023,-1.4194381943554242,64.0
"Phillips, Connor",Four-Seam,241,0.7242676649579277,0.9237416959173491,1.1738238246346293,2023,0.8666148063326975,41.0
"Phillips, Evan",Cutter,218,0.6626065241762091,0.7547121056288966,1.0043095978151757,2023,-1.0924200787873481,61.0
"Phillips, Evan",Four-Seam,183,0.7969720277841941,0.7343372997337574,1.0837046105146535,2023,-0.24749225624885535,52.0
"Phillips, Evan",Sweeper,416,0.82097401177142,0.7555493591803039,1.1157298786721754,2023,-1.0103674366492574,60.0
"Pivetta, Nick",Curveball,588,0.6892005149628784,1.098138329121051,1.2964972578875247,2023,0.07379038002698457,49.0
"Pivetta, Nick",Cutter,186,0.5735401945408619,0.7534139397034908,0.9468795695829038,2023,-1.774521634530393,68.0
"Pivetta, Nick",Four-Seam,1205,0.6701081147355349,0.8672575562765832,1.0959838294214215,2023,-0.09568928458953249,51.0
"Pivetta, Nick",Slider,264,0.8291752340136052,0.9119502725674618,1.232552176720071,2023,0.5126708835430158,45.0
"Pivetta, Nick",Sweeper,129,0.794184192174482,0.9356579277684203,1.2272669998397776,2023,-0.0072872367055902085,50.0
"Plesac, Zach",Four-Seam,147,0.7314856757616877,0.8157173746757366,1.095657852247867,2023,-0.09971920734067705,51.0
"Plesac, Zach",Slider,150,0.6866987391669283,0.8953285091102523,1.1283475960886504,2023,-0.3822800934240121,54.0
"Poche, Colin",Four-Seam,603,0.5843681669084984,1.0517751466761522,1.2032111675269808,2023,1.2299185322538635,38.0
"Poche, Colin",Slider,324,0.5518287089921676,1.2552698343025948,1.3712101520109987,2023,1.7035215131310668,33.0
"Pop, Zach",Sinker,121,0.8124336192954179,0.704964709872432,1.07565032790725,2023,0.2765961410747397,47.0
"Pressly, Ryan",Curveball,272,0.7305703799631152,1.0382334398428252,1.269512408638575,2023,-0.1321541010387903,51.0
"Pressly, Ryan",Four-Seam,237,0.6291523218187114,0.9798877171567789,1.1644795327890478,2023,0.7510951400590214,42.0
"Pressly, Ryan",Slider,410,0.5325398879850507,0.8433601622447904,0.997424230484045,2023,-1.5067027747079775,65.0
"Priester, Quinn",Curveball,113,0.8516323642485467,1.0191297378845872,1.3281201400762948,2023,0.315131660168613,47.0
"Priester, Quinn",Four-Seam,164,0.7045155200109829,0.8186651529439637,1.0800716414113969,2023,-0.29240517049919823,53.0
"Priester, Quinn",Sinker,295,0.703612356930175,0.8019384503579003,1.0668531421837153,2023,0.17501749163424402,48.0
"Priester, Quinn",Slider,202,0.7685588472783708,0.9543105695182166,1.225312762042427,2023,0.4504958697464211,45.0
"Pruitt, Austin",Curveball,122,0.5854002104802768,0.8112152263704215,1.0003817021145311,2023,-2.1861208726381083,72.0
"Pruitt, Austin",Four-Seam,185,0.7935013182997269,0.9253917562161732,1.219013635943527,2023,1.425277999610711,36.0
"Pruitt, Austin",Sinker,117,0.5508145203715973,0.6159103147802872,0.8262821259745035,2023,-2.6027889215786137,76.0
"Pruitt, Austin",Slider,285,0.4991574964953168,0.7972968852757036,0.9406596247197021,2023,-1.9942201091487333,70.0
"Puk, A.J.",Four-Seam,486,0.7472484022148695,0.7036722417931267,1.0264184324547372,2023,-0.9556978946146052,60.0
"Puk, A.J.",Sweeper,394,0.8687481825485136,0.753703709795638,1.1501272481082487,2023,-0.7010236069871497,57.0
"Pérez, Cionel",Curveball,319,0.8093755893596424,0.886914287085654,1.200710538509562,2023,-0.657240059806038,57.0
"Pérez, Cionel",Four-Seam,232,0.7873501119517292,0.811315195099514,1.1305540874234028,2023,0.3316887054581705,47.0
"Pérez, Cionel",Sinker,325,0.758055250339392,0.8370324029286507,1.1292789762143052,2023,0.8958311825467489,41.0
"Pérez, Eury",Curveball,214,0.851284931092089,1.014321486886837,1.3242107508492698,2023,0.2852957649143481,47.0
"Pérez, Eury",Four-Seam,697,0.6746070016337341,0.796031533920128,1.0434370175762833,2023,-0.745304072784139,57.0
"Pérez, Eury",Offspeed,150,0.9388285302403263,1.158425602650657,1.491089831656614,2023,2.0818020961545782,29.0
"Pérez, Eury",Slider,473,0.7468332360541883,0.8333095093675765,1.119001617906606,2023,-0.462547124432159,55.0
"Pérez, Martín",Cutter,489,0.8309657665927298,0.7936164424158043,1.1490566404323856,2023,0.626753426736416,44.0
"Pérez, Martín",Four-Seam,112,0.6264186991825095,0.7436314303201176,0.9723106966630838,2023,-1.6246097484788042,66.0
"Pérez, Martín",Offspeed,588,0.5794071563821314,0.6922621766126777,0.9027400367965019,2023,-1.4996189987185728,65.0
"Pérez, Martín",Sinker,930,0.7856726299420629,0.7115321742970496,1.0599809038374064,2023,0.09566567256513865,49.0
"Quantrill, Cal",Curveball,187,0.7069809168288341,1.0904625439011055,1.299588618144761,2023,0.09738319605832306,49.0
"Quantrill, Cal",Cutter,412,0.833738261607752,1.0488813023283377,1.3398774105278088,2023,2.8931486934034285,21.0
"Quantrill, Cal",Four-Seam,274,0.756134193609095,0.8034209940022561,1.1032788461438248,2023,-0.0055039702651090445,50.0
"Quantrill, Cal",Offspeed,383,0.7998833892034404,1.034373682873302,1.3075711652313462,2023,0.9646815855666299,40.0
"Quantrill, Cal",Sinker,454,0.7611899295968342,0.7683351055989952,1.0815493254657655,2023,0.3447102202675596,47.0
"Quijada, José",Four-Seam,135,0.7502744130163873,0.7703129321934157,1.0753109821495836,2023,-0.35125925792021523,54.0
"Quintana, Jose",Curveball,311,0.817124682263869,0.9160892592123184,1.2275635532260654,2023,-0.4523017208950973,55.0
"Quintana, Jose",Four-Seam,301,0.6159431618343107,0.8446714465911715,1.045397451353728,2023,-0.7210680301321585,57.0
"Quintana, Jose",Offspeed,223,0.5813074899284387,0.784206749967988,0.9761652649742545,2023,-1.0526626754751844,61.0
"Quintana, Jose",Sinker,394,0.6539728981632442,0.7134051757965326,0.9677951727433417,2023,-0.9687772477620332,60.0
"Ragans, Cole",Curveball,197,0.8083410742565651,0.9491508454565922,1.2467167359754265,2023,-0.3061273900442899,53.0
"Ragans, Cole",Cutter,212,0.6876371288860716,0.8180772362358975,1.0686885352945656,2023,-0.32778570956550174,53.0
"Ragans, Cole",Four-Seam,636,0.756174443386601,0.8187378538247303,1.1145095163867205,2023,0.1333362222212249,49.0
"Ragans, Cole",Offspeed,376,0.7191592476160893,0.8444270568390619,1.1091650363014602,2023,-0.24306234790506387,52.0
"Ragans, Cole",Slider,165,0.8852921051578407,1.1611096806160244,1.4601088322022602,2023,2.4670192423686945,25.0
"Raley, Brooks",Cutter,226,0.813774057746931,0.7841110386626666,1.130070058896594,2023,0.40124810830914437,46.0
"Raley, Brooks",Offspeed,148,0.8553661814384904,0.8025965789563293,1.1729503710307048,2023,0.14521371735161992,49.0
"Raley, Brooks",Sinker,245,0.9004891783548964,0.7910467588750586,1.198597403243062,2023,1.6962317220151228,33.0
"Raley, Brooks",Sweeper,356,0.8685680518305671,0.6025820078800557,1.0571260742605426,2023,-1.5374055673747895,65.0
"Ramirez, Nick",Offspeed,184,0.8352363107288153,0.6756237320137347,1.0742844697844462,2023,-0.45538841280130793,55.0
"Ramirez, Nick",Sinker,267,0.856066429631362,0.6231573398946405,1.0588554208230472,2023,0.08267003416898899,49.0
"Ramirez, Nick",Sweeper,180,1.001927115021244,0.7629826810906342,1.2593651239648673,2023,0.28137892598683373,47.0
"Ramsey, Lane",Four-Seam,165,0.8050650318301965,0.9616013193149427,1.2541159447132446,2023,1.859233516146802,31.0
"Ramsey, Lane",Slider,174,0.8365435634027228,1.0871752980147535,1.3717708489700435,2023,1.7083370048132847,33.0
"Ramírez, Erasmo",Cutter,420,0.7569728925162608,0.7618630977109925,1.0739847948915402,2023,-0.2648815630429804,53.0
"Ramírez, Erasmo",Sinker,282,0.7626021504919156,0.7218462617514032,1.0500590771663134,2023,-0.018898892161063444,50.0
"Ramírez, Yohan",Sinker,503,0.9237502928977391,0.7080865199453625,1.1639162870915558,2023,1.2957785486400963,37.0
"Ramírez, Yohan",Sweeper,186,1.2453412722631199,0.7843975053845997,1.471786102276927,2023,2.191731956143591,28.0
"Rasmussen, Drew",Cutter,243,0.5737800826480826,0.8032271163301135,0.9871156890920284,2023,-1.2966336626973125,63.0
"Rasmussen, Drew",Four-Seam,198,0.6043724631532507,0.7485452451680001,0.9620738320324219,2023,-1.7511639277965272,68.0
"Rasmussen, Drew",Sweeper,101,0.8599539339221655,0.8066196682879889,1.1790487936201934,2023,-0.4409251810002687,54.0
"Rea, Colin",Curveball,159,0.7348610630630642,0.780188167573197,1.0717809285611495,2023,-1.6412122647229144,66.0
"Rea, Colin",Cutter,532,0.8152490301305368,0.7094036439282616,1.080687055140144,2023,-0.18527822166766764,52.0
"Rea, Colin",Four-Seam,385,0.6960662435153127,0.7190149827590845,1.0007451028076855,2023,-1.2730867906349999,63.0
"Rea, Colin",Offspeed,112,0.7734302657873299,0.9498128008966688,1.224883150665007,2023,0.46134054211223946,45.0
"Rea, Colin",Sinker,606,0.8026593253789166,0.6795779826438229,1.0517072915559658,2023,0.00013257960170450558,50.0
"Rea, Colin",Sweeper,222,0.7275765147749337,0.8448149094042603,1.1149348931681025,2023,-1.017516932799329,60.0
"Reid-Foley, Sean",Four-Seam,109,0.6440314707310008,0.8261872421661446,1.047550425712307,2023,-0.6944516868598305,57.0
"Reyes, Denyi",Four-Seam,115,0.7009719144134136,0.7769908456084417,1.0464589810191929,2023,-0.7079447721345943,57.0
"Reyes, Gerardo",Four-Seam,120,0.7467948314560777,0.8014209760247059,1.0954351195310033,2023,-0.10247276101232326,51.0
"Richards, Trevor",Four-Seam,587,0.7788019711557181,0.9016142660245214,1.191402868460106,2023,1.0839373503722034,39.0
"Richards, Trevor",Offspeed,758,0.7193588504732348,0.951224293522628,1.1926042144575024,2023,0.26485120181917715,47.0
"Richardson, Lyon",Four-Seam,137,0.8841962921813071,0.7792135154601485,1.1785485928814878,2023,0.9250251877845188,41.0
"Robertson, David",Curveball,269,0.7964477489623234,0.9541509277734483,1.2428728856154536,2023,-0.3354631021090859,53.0
"Robertson, David",Cutter,570,0.7824519573472052,0.839863043077076,1.147868022327985,2023,0.6126361037409085,44.0
"Robertson, David",Slider,213,0.7429650964741807,0.9011872546531411,1.1679621580034836,2023,-0.04205425428167129,50.0
"Robertson, Nick",Four-Seam,209,0.6623953925110229,0.8107657836804071,1.0469521536377566,2023,-0.7018478803365564,57.0
"Robertson, Nick",Offspeed,124,0.7079435231749301,0.8304607985373197,1.091260358444572,2023,-0.3520522575366537,54.0
"Rodriguez, Eduardo",Cutter,453,0.8997597710596171,0.6765286103507795,1.1257258130825691,2023,0.3496511142019501,47.0
"Rodriguez, Eduardo",Four-Seam,1074,0.7095027019214588,0.819559995178855,1.0840076889632357,2023,-0.24374542108857306,52.0
"Rodriguez, Eduardo",Offspeed,448,0.6259060939556068,0.7345136275428478,0.9650226461057368,2023,-1.1204903701841271,61.0
"Rodriguez, Eduardo",Sinker,226,0.6992567440798624,0.7573359848439224,1.0307850348548353,2023,-0.2414508819435706,52.0
"Rodriguez, Eduardo",Slider,171,0.7048260571333245,0.831074000559809,1.0897081101013215,2023,-0.7141315871330791,57.0
"Rodriguez, Grayson",Curveball,170,0.709346733284892,1.148828854239984,1.3501779602542407,2023,0.48347376532845826,45.0
"Rodriguez, Grayson",Four-Seam,1043,0.7021705103638448,0.772060009877777,1.043609162702731,2023,-0.7431759128458025,57.0
"Rodriguez, Grayson",Offspeed,471,0.7298641012926341,0.9794520094000309,1.2214859168543297,2023,0.44066079523365165,46.0
"Rodriguez, Grayson",Sweeper,303,0.7523018615174487,0.9694386754540664,1.2270979733944447,2023,-0.008807332246925901,50.0
"Rodríguez, Yerry",Four-Seam,142,0.7100490839497916,0.7344674448459801,1.0215733596548615,2023,-1.0155955521538398,60.0
"Rodríguez, Yerry",Slider,103,0.8889049808089405,0.8420980656327196,1.2244513943188235,2023,0.4430980962407309,46.0
"Rodón, Carlos",Four-Seam,683,0.6382031315984151,0.8012429653390147,1.0243502949124785,2023,-0.9812654349523731,60.0
"Rodón, Carlos",Slider,327,0.7308210399354084,1.1186319844225145,1.3362024206628742,2023,1.402860993396137,36.0
"Rogers, Taylor",Sinker,340,0.7874832243966168,0.7189628281185428,1.0663195472851024,2023,0.1688562201943975,48.0
"Rogers, Taylor",Sweeper,471,0.8952668031319322,0.8061549738009717,1.2047358592546813,2023,-0.2099152117372964,52.0
"Rogers, Trevor",Four-Seam,143,0.6875058627642746,0.5986620464945545,0.911625228505825,2023,-2.37483942291938,74.0
"Rogers, Tyler",Sinker,564,0.7840953240924942,0.6298227948118794,1.0057247288042392,2023,-0.5308152449551324,55.0
"Rogers, Tyler",Slider,549,0.8933884226333901,0.831048490481501,1.2201575583616069,2023,0.40622090080880086,46.0
"Rom, Drew",Four-Seam,297,0.6381002709136492,0.8316806932546287,1.048267490325142,2023,-0.6855869097167077,57.0
"Rom, Drew",Sinker,162,0.8251609613944499,0.6767850180799796,1.067205965550667,2023,0.179091444626974,48.0
"Rom, Drew",Sweeper,159,1.0160066383708086,1.004238653066067,1.4285533807056352,2023,1.8029296762938525,32.0
"Romano, Jordan",Four-Seam,419,0.7711873890619692,0.8238186674335949,1.1284534486899676,2023,0.3057193661590408,47.0
"Romano, Jordan",Slider,496,0.7840510794547153,0.8807083222462058,1.1791451327414413,2023,0.0539896442349655,49.0
"Romero, JoJo",Offspeed,153,0.7043390703876812,0.7886148527068678,1.0573584595511862,2023,-0.5584209465610065,56.0
"Romero, JoJo",Sinker,183,0.6448173349516442,0.7074605685355354,0.9572303022192538,2023,-1.0907668604718757,61.0
"Romero, JoJo",Sweeper,126,0.8273840396140093,0.9233916432315202,1.2398453434996657,2023,0.1058328379497483,49.0
"Rosenberg, Kenny",Four-Seam,234,0.6688112633039052,0.947987833734472,1.1601678494212562,2023,0.6977915583691396,43.0
"Rosenberg, Kenny",Offspeed,204,0.6905310619069721,0.9655887566162067,1.1870951075469913,2023,0.2313159955939297,48.0
"Rucinski, Drew",Slider,106,0.6766897972491005,0.8561315144346808,1.0912700177816894,2023,-0.7007172938648993,57.0
"Rucker, Michael",Cutter,190,0.6325960448681166,0.7787018200298577,1.003271787952097,2023,-1.104746238880958,61.0
"Rucker, Michael",Four-Seam,283,0.718669788371741,0.831616648761547,1.0991235213640318,2023,-0.05687455454832588,51.0
"Rucker, Michael",Slider,125,0.7543010759617635,0.8335500748722002,1.1241778509277456,2023,-0.418091547036159,54.0
"Ruiz, José",Curveball,285,0.6921953012652206,0.9876020178210431,1.206023250479793,2023,-0.6166942075884743,56.0
"Ruiz, José",Four-Seam,257,0.7080713698910597,0.911314133651086,1.1540617466373415,2023,0.6223043018185936,44.0
"Ruiz, José",Offspeed,107,0.7375691722913592,0.8660780825619667,1.1375849546336192,2023,-0.07006374075238067,51.0
"Ruiz, José",Sinker,166,0.6297602872777758,0.7762156761366025,0.999554298331206,2023,-0.6020634842915361,56.0
"Rutledge, Jackson",Four-Seam,159,0.7947679784489139,0.7732418388180585,1.1088548511263796,2023,0.06342990352326949,49.0
"Ryan, Joe",Four-Seam,1526,0.6226595129058939,0.6681652838996787,0.9133179707095131,2023,-2.3539127419371404,74.0
"Ryan, Joe",Offspeed,730,0.7587433550531311,0.8053665005665515,1.106483926260158,2023,-0.2593828839934279,53.0
"Ryan, Joe",Sweeper,330,1.1319952853427737,0.9751963092412728,1.4941288992573791,2023,2.3926661117667734,26.0
"Ryu, Hyun Jin",Curveball,142,0.7333505702076785,0.9358396302752295,1.1889486416231803,2023,-0.7470051620034985,57.0
"Ryu, Hyun Jin",Cutter,156,0.7863936422266543,0.8411673087447891,1.1515109212836214,2023,0.6559031388014637,43.0
"Ryu, Hyun Jin",Four-Seam,228,0.6660265996367096,0.8064080039987063,1.04588971710062,2023,-0.7149823496184646,57.0
"Ryu, Hyun Jin",Offspeed,189,0.6274704033058012,0.6539202339041588,0.9062730158920184,2023,-1.4781129389375258,65.0
"Ryu, Hyun Jin",Sinker,115,0.6722606607161384,0.5851888640831757,0.891280204309204,2023,-1.852274243253332,69.0
"Salazar, Eduardo",Sinker,118,0.9138118325104355,0.8438380589008864,1.243830669699737,2023,2.2185276312806326,28.0
"Sale, Chris",Four-Seam,721,0.7532625235756052,0.7859483653030672,1.0886318304854277,2023,-0.18657904676364767,52.0
"Sale, Chris",Offspeed,219,0.763901892226145,0.6317479508324724,0.9912878362653871,2023,-0.9606080911038877,60.0
"Sale, Chris",Sinker,103,0.8685274914042889,0.7184068100491768,1.1271416716855345,2023,0.8711523233867368,41.0
"Sale, Chris",Slider,627,0.9957112672886187,0.7500758942522499,1.246617333003123,2023,0.6334681199066912,44.0
"Sandlin, Nick",Four-Seam,267,0.88035707083502,0.636415773970632,1.086302724625072,2023,-0.21537283190549014,52.0
"Sandlin, Nick",Sinker,196,0.8538923515407281,0.6588967964616296,1.0785532608115154,2023,0.3101154975028735,47.0
"Sandlin, Nick",Slider,500,0.9819679270024465,0.6287304588949584,1.1660030015414828,2023,-0.05888028034573224,51.0
"Sandoval, Patrick",Curveball,236,0.7504588329804789,0.9818287390976056,1.2357896798874866,2023,-0.38952110756505764,54.0
"Sandoval, Patrick",Four-Seam,661,0.760779044883273,0.9203988059657237,1.1941183849001886,2023,1.1175081718001931,39.0
"Sandoval, Patrick",Offspeed,675,0.7513348886452812,1.030384096215392,1.2752237061116876,2023,0.7677751304802689,42.0
"Sandoval, Patrick",Sinker,298,0.7044708407862891,0.8437151201664594,1.099151659015099,2023,0.5479594553222429,45.0
"Sandoval, Patrick",Slider,683,0.6818404939408533,0.9200593182804543,1.1451705586209424,2023,-0.2377977044299268,52.0
"Sands, Cole",Four-Seam,152,0.8158047841860411,0.7749745094435297,1.125221283209695,2023,0.26576142351420257,47.0
"Sanmartin, Reiver",Offspeed,130,0.801236739420813,0.5983207152551503,0.9999839953224903,2023,-0.9076725623358584,59.0
"Santos, Gregory",Sinker,480,0.8255416593038519,0.7832024977087411,1.1379477947882177,2023,0.9959276123205321,40.0
"Santos, Gregory",Slider,551,0.7956520028256268,0.7016025442908957,1.0608054674424947,2023,-0.9623591422723061,60.0
"Saucedo, Tayler",Offspeed,204,0.9221527963055827,0.7298754741542909,1.1760459121591114,2023,0.16405699119003228,48.0
"Saucedo, Tayler",Sinker,314,0.8018071072617439,0.5657791145415638,0.981325962005939,2023,-0.8125409987669006,58.0
"Saucedo, Tayler",Slider,110,0.8580965604466042,0.6685916400331245,1.0878163853208296,2023,-0.7303784827128643,57.0
"Sborz, Josh",Curveball,215,0.7448986006401433,1.2005067797701612,1.4128306528065442,2023,0.9616300869006406,40.0
"Sborz, Josh",Four-Seam,302,0.7120662760412136,1.0779940350727462,1.2919402157714663,2023,2.3268395415040852,27.0
"Sborz, Josh",Slider,317,0.7095817987774714,0.9794550384613724,1.2094786073030148,2023,0.31450576098520355,47.0
"Scherzer, Max",Curveball,306,0.8124906619220392,0.891182954717606,1.2059635709629524,2023,-0.6171496730614368,56.0
"Scherzer, Max",Cutter,257,0.6891152520549124,0.9646466193036155,1.1855053482581173,2023,1.0596579729818687,39.0
"Scherzer, Max",Four-Seam,1142,0.7910477554503872,0.7193830364120561,1.0692373471220153,2023,-0.4263451288505594,54.0
"Scherzer, Max",Offspeed,347,0.8280119690609316,0.8235136365678057,1.1678092868791947,2023,0.11391875066413444,49.0
"Scherzer, Max",Slider,413,0.7446456203160202,0.8031864714031759,1.095265085584725,2023,-0.6664060398709636,57.0
"Schmidt, Clarke",Curveball,517,0.9082140370281748,0.9813822445619521,1.3371476534012503,2023,0.384028341038331,46.0
"Schmidt, Clarke",Cutter,759,0.7724179292999875,0.780797023064872,1.0983048068414556,2023,0.023969383009749406,50.0
"Schmidt, Clarke",Sinker,647,0.8277230105238104,0.7127616464476427,1.0923161386692748,2023,0.4690316087616888,45.0
"Schmidt, Clarke",Sweeper,748,0.9002214588582599,0.6659420950548405,1.119766738635741,2023,-0.9740629825176749,60.0
"Scholtens, Jesse",Curveball,239,0.7359844872741823,1.0314362172701694,1.2670966166022373,2023,-0.1505910777547436,52.0
"Scholtens, Jesse",Four-Seam,628,0.771239831410206,0.8686551951411781,1.161625036575659,2023,0.7158061684173594,43.0
"Scholtens, Jesse",Slider,529,0.6599176961473069,0.8385471810667225,1.067076726652454,2023,-0.9084990382081846,59.0
"Schreiber, John",Four-Seam,235,0.7647809458817508,0.7222483790384946,1.0519185406710534,2023,-0.6404504644431691,56.0
"Schreiber, John",Sinker,213,0.8506255931855108,0.6423755350770403,1.0659316243773407,2023,0.16437698259548625,48.0
"Schreiber, John",Sweeper,308,1.0186383315909058,0.5737726992591802,1.1691189678563383,2023,-0.5302264961888372,55.0
"Scott, Tanner",Four-Seam,571,0.7378111369601658,0.8003785021933534,1.0885637420912604,2023,-0.18742079579089296,52.0
"Scott, Tanner",Slider,636,0.7216264517080673,0.7956033422199751,1.074117970223183,2023,-0.84802599782452,58.0
"Scott, Tayler",Sinker,107,0.8028335224546403,0.5494324892560963,0.9728400305430878,2023,-0.9105256820884087,59.0
"Scott, Tayler",Sweeper,160,0.9775905684107148,0.7081654887985879,1.207137804465972,2023,-0.18831393982375333,52.0
"Seabold, Connor",Four-Seam,839,0.7358125352626017,0.7064272741985417,1.0200292058471458,2023,-1.034685295442079,60.0
"Seabold, Connor",Offspeed,208,0.9425940250246866,1.002605842273555,1.3761184436571237,2023,1.381944701989731,36.0
"Seabold, Connor",Slider,476,0.8065677050409384,0.8380892805555058,1.1631616848044177,2023,-0.08328265473562022,51.0
"Sears, JP",Four-Seam,1437,0.7801442779055994,0.7782894621330795,1.1019798461025714,2023,-0.021562977596524868,50.0
"Sears, JP",Offspeed,434,0.8133351545879046,0.6326652877089763,1.0304268241657981,2023,-0.7223600316618933,57.0
"Sears, JP",Slider,442,0.8544659643064008,0.7784689538453736,1.15590916436335,2023,-0.14557022611566273,51.0
"Sears, JP",Sweeper,549,0.8693983785936278,0.7067604649869643,1.120430227890081,2023,-0.9680960638188877,60.0
"Selby, Colin",Sinker,203,0.7616668175011265,0.8801795858062069,1.163981290293053,2023,1.2965291224741506,37.0
"Selby, Colin",Slider,159,0.8147131457895416,1.0801273205392474,1.3529347872301847,2023,1.5465653076944825,35.0
"Senga, Kodai",Cutter,699,0.6512062623059419,0.9110723567815804,1.1198760803580092,2023,0.2801733180921246,47.0
"Senga, Kodai",Four-Seam,1033,0.7503965122007691,0.9078733278207283,1.1778492708710069,2023,0.9163797551927707,41.0
"Senga, Kodai",Offspeed,664,0.782714884635204,1.14497309067545,1.3869412276662603,2023,1.447825488036055,36.0
"Senga, Kodai",Slider,161,0.7107229307415462,1.0394591534055002,1.2592070583825092,2023,0.7415937604472088,43.0
"Senga, Kodai",Sweeper,165,0.8935925112328637,1.0836240921738987,1.4045457448125929,2023,1.587023223270188,34.0
"Severino, Luis",Cutter,244,0.6646771031983929,0.9307630879334748,1.1437288041208302,2023,0.5634742407649541,44.0
"Severino, Luis",Four-Seam,712,0.6465214363256877,0.7762827718203303,1.0102499242532441,2023,-1.1555825624359408,62.0
"Severino, Luis",Offspeed,302,0.7555528280377913,0.872218657260803,1.1539607714431814,2023,0.02961963855684311,50.0
"Severino, Luis",Slider,291,0.8116624256943584,0.7533602082645804,1.1074057506986776,2023,-0.5621371100511431,56.0
"Sewald, Paul",Four-Seam,590,0.7641637590575407,0.57343153970438,0.9553899629913887,2023,-1.8337938727722094,68.0
"Sewald, Paul",Sweeper,444,1.0306280638554886,0.6551490812902158,1.221234836025376,2023,-0.061535939036276584,51.0
"Shaw, Bryan",Curveball,108,0.7884473754108857,1.1706339219639885,1.4113940070175668,2023,0.9506658132537239,40.0
"Shaw, Bryan",Cutter,392,0.7817330142681755,0.8661139373229266,1.1667304136011154,2023,0.8366664033674451,42.0
"Shaw, Bryan",Sweeper,156,0.9591925802579445,0.9056080802856402,1.3191574587972945,2023,0.8191057971034512,42.0
"Sheehan, Emmet",Four-Seam,618,0.7228152698216586,0.8025207610256105,1.0800469833134494,2023,-0.29271000850007733,53.0
"Sheehan, Emmet",Offspeed,177,0.8166730138716596,1.0313278913299007,1.31551968097068,2023,1.01306603677316,40.0
"Sheehan, Emmet",Slider,195,0.8329893642267759,0.9840057129005865,1.289239513797153,2023,0.9995246033256254,40.0
"Shreve, Chasen",Four-Seam,269,0.8089540630516474,0.7891700896789784,1.1301310130120734,2023,0.3264584091860338,47.0
"Shreve, Chasen",Offspeed,307,0.624427916113107,0.7203806067558364,0.9533406741617942,2023,-1.1916012316397684,62.0
"Shreve, Chasen",Sweeper,157,0.6709749002512434,0.7886660340284779,1.0354715978709288,2023,-1.7321494901081882,67.0
"Shuster, Jared",Four-Seam,379,0.6978742191688496,0.8393003555038131,1.0915372245275736,2023,-0.15066084603868504,52.0
"Shuster, Jared",Offspeed,199,0.6954184805605366,0.9965158585282217,1.2151751805412108,2023,0.40224588567910674,46.0
"Shuster, Jared",Slider,284,0.7109719045041046,0.9856364478997922,1.215302536993449,2023,0.36452401867271333,46.0
"Silseth, Chase",Four-Seam,316,0.8438738374426411,0.8623033081499832,1.2065198086921631,2023,1.2708219125781783,37.0
"Silseth, Chase",Offspeed,148,0.8442874606853317,1.0953888617688279,1.3830032808195698,2023,1.423854296016553,36.0
"Silseth, Chase",Sinker,126,0.5930881091918321,0.8516942095355351,1.0378518833731056,2023,-0.1598519535083029,52.0
"Silseth, Chase",Sweeper,178,0.9225316730008214,0.9251242273483357,1.3064913025797567,2023,0.7051960029631302,43.0
"Sims, Lucas",Four-Seam,458,0.7942234791170286,0.8926250435877082,1.1948097770024797,2023,1.1260555701735313,39.0
"Sims, Lucas",Sweeper,518,0.8039936685677543,0.8005761984879889,1.1346048072710233,2023,-0.8406206567910537,58.0
"Singer, Brady",Offspeed,165,0.8025462396560372,0.9124549991783864,1.2151767740998323,2023,0.4022555860385066,46.0
"Singer, Brady",Sinker,1294,0.7942566998483993,0.710993547180268,1.0659997792617266,2023,0.165163948032646,48.0
"Singer, Brady",Slider,1098,0.7028779563837236,0.675337322793936,0.9747399248664438,2023,-1.7015247427181774,67.0
"Skubal, Tarik",Four-Seam,439,0.677147525687755,0.7465599320103572,1.0079089758645658,2023,-1.1845227519219836,62.0
"Skubal, Tarik",Offspeed,297,0.7379707683410524,0.8485672916324205,1.1245742764950053,2023,-0.1492627437116929,51.0
"Skubal, Tarik",Sinker,147,0.6333844042181043,0.7215715485832332,0.960125670540856,2023,-1.0573348501694977,61.0
"Skubal, Tarik",Slider,252,0.7093415712126858,0.8021396945164762,1.070791088013655,2023,-0.8765986043801034,59.0
"Smeltzer, Devin",Four-Seam,148,0.7355834477548358,0.7125381796932562,1.0241062767757407,2023,-0.984282131582413,60.0
"Smeltzer, Devin",Offspeed,100,0.8405888984648128,0.9848054987220582,1.2947708548370593,2023,0.8867631396565351,41.0
"Smith, Chad",Sinker,136,0.9223493881255359,0.7553260267179808,1.192160140422889,2023,1.6219024440032503,34.0
"Smith, Chad",Slider,103,0.8616244300790513,0.8245768631425227,1.192612117051899,2023,0.16964953838178523,48.0
"Smith, Drew",Four-Seam,662,0.7556402608856649,0.9061105174093259,1.1798425630698157,2023,0.9410220130971191,41.0
"Smith, Drew",Offspeed,101,0.8457466722120343,1.0142806561645206,1.3206258679229559,2023,1.0441485761485587,40.0
"Smith, Drew",Slider,225,0.7628284248782782,0.9768547546153928,1.23941615989827,2023,0.5716215401647489,44.0
"Smith, Will",Four-Seam,336,0.7750697695176588,0.7169982665324237,1.055850208045941,2023,-0.5918448653724496,56.0
"Smith, Will",Slider,433,0.6517872782063913,0.8160592468512236,1.0444038253487402,2023,-1.1032230613699576,61.0
"Smith-Shawver, AJ",Four-Seam,245,0.6374689315523258,0.9080892912349394,1.1095011489629194,2023,0.07141981989406222,49.0
"Smith-Shawver, AJ",Slider,106,0.8171539329021181,1.4684513342915704,1.6805028626099072,2023,4.359852087487893,20.0
"Smyly, Drew",Curveball,1187,0.6111751114490137,1.0203382343952514,1.1893801450434311,2023,-0.7437119900779546,57.0
"Smyly, Drew",Cutter,286,0.5507794179528118,0.8725316207897674,1.0318281816845558,2023,-0.7655794094212509,58.0
"Smyly, Drew",Sinker,924,0.6829106895925808,0.8177589453751716,1.0654091714927778,2023,0.15834436488364098,48.0
"Snell, Blake",Curveball,627,0.6496233636617479,1.1565780479525123,1.3265305483179977,2023,0.30300012492271317,47.0
"Snell, Blake",Four-Seam,1539,0.7709800204329268,0.920833755643841,1.2009766848027887,2023,1.2022945343245806,38.0
"Snell, Blake",Offspeed,584,0.5001286022127646,0.7486713927379419,0.9003540820452047,2023,-1.5141428563834514,65.0
"Snell, Blake",Slider,416,0.5495281308769205,0.8898981455460272,1.045896685180396,2023,-1.0904017788819953,61.0
"Snider, Collin",Sinker,172,0.8089333454514867,0.8479596706295932,1.1719252366928457,2023,1.3882556554675214,36.0
"Solomon, Peter",Four-Seam,129,0.6667574799211807,0.9326805898801004,1.1464984168196377,2023,0.5288019422072523,45.0
"Soriano, George",Four-Seam,357,0.8764866357722244,0.7626891720330679,1.1618621242745624,2023,0.7187371868730654,43.0
"Soriano, George",Offspeed,191,0.8572452028296877,0.694862595524448,1.103495973909051,2023,-0.27757124009419704,53.0
"Soriano, George",Sweeper,335,0.9187004313912754,0.7470724674215311,1.1841147555105502,2023,-0.39536576533048245,54.0
"Soriano, José",Curveball,276,0.9146495917958689,0.9724203466537482,1.3349850959312413,2023,0.367524014042572,46.0
"Soriano, José",Four-Seam,165,0.7645646973841465,0.8265916790647144,1.1259720158090678,2023,0.2750424242335152,47.0
"Soroka, Michael",Four-Seam,173,0.6992961763855575,0.7983242913977604,1.0612901660447047,2023,-0.5245928849179713,55.0
"Soroka, Michael",Sinker,123,0.6079471896840467,0.808318846258519,1.0114243138571632,2023,-0.46500372633521736,55.0
"Soroka, Michael",Slider,140,0.7054145182545509,0.8872140612646056,1.1334718492622282,2023,-0.33827093992872853,53.0
"Soto, Gregory",Four-Seam,171,0.8088066619116956,0.8481678379915141,1.171988437552154,2023,0.8439246649336134,42.0
"Soto, Gregory",Sinker,416,0.7508168512138496,0.8423007071779681,1.1283600601666053,2023,0.8852207152896079,41.0
"Soto, Gregory",Slider,377,0.7895619355530593,0.8775839565640722,1.1804921223341327,2023,0.06555813426332147,49.0
"Speier, Gabe",Four-Seam,161,0.6487977635088993,0.8631394532040438,1.0797908378994172,2023,-0.29587662970963663,53.0
"Speier, Gabe",Sinker,359,0.714196866977673,0.5989169317413414,0.9320829662252104,2023,-1.3811361339620936,64.0
"Speier, Gabe",Slider,249,0.8631587234762034,0.8154180401164347,1.1874129703099914,2023,0.12499716870791094,49.0
"Stanek, Ryne",Four-Seam,555,0.708912765150133,0.8383636242711957,1.0979120525315051,2023,-0.07185144927155888,51.0
"Stanek, Ryne",Offspeed,157,0.7391576571372986,1.283981460439658,1.48154056065214,2023,2.0236734779161454,30.0
"Stanek, Ryne",Slider,152,0.7985053588602745,1.179567262052655,1.424426106835652,2023,2.160561601695046,28.0
"Staumont, Josh",Four-Seam,167,0.7542305405134928,0.8930554378895388,1.1689361502611473,2023,0.8061904829265286,42.0
"Steele, Justin",Four-Seam,1682,0.7240249716975227,0.7748441877099911,1.0604695539569038,2023,-0.5347377772318531,55.0
"Steele, Justin",Slider,906,0.7671104743390896,0.9579417912693294,1.227237122686987,2023,0.46702305529287497,45.0
"Stephan, Trevor",Four-Seam,538,0.7510526014619153,0.7148380425954695,1.0368574816745226,2023,-0.8266441897419008,58.0
"Stephan, Trevor",Offspeed,317,0.8864548109943283,0.9740836830474815,1.3170577639247023,2023,1.022428702971608,40.0
"Stephan, Trevor",Slider,272,0.7992553908521679,0.7340449845318487,1.085187181606295,2023,-0.752959144894029,58.0
"Stephenson, Robert",Cutter,316,0.6583292552178073,1.0554913121916796,1.2439691790344913,2023,1.754038093534445,32.0
"Stephenson, Robert",Four-Seam,180,0.8588877746657896,0.8948417999776926,1.2403346550256786,2023,1.6888610564851032,33.0
"Stephenson, Robert",Slider,184,0.7005250076911954,1.05912638731919,1.2698362062551802,2023,0.8328811704183748,42.0
"Stewart, Brock",Four-Seam,172,0.6979282227625059,0.7557120334598749,1.0286906637296214,2023,-0.927607226759946,59.0
"Stone, Gavin",Four-Seam,151,0.7554753417294058,0.9131263470673883,1.1851340505064374,2023,1.0064385125891515,40.0
"Stone, Gavin",Offspeed,187,0.6121176092024003,1.0583002948124292,1.2225741210641328,2023,0.44728494560570203,46.0
"Stoudt, Levi",Four-Seam,107,0.7072900268338865,0.9049086520296116,1.1485289942255392,2023,0.5539051419091674,44.0
"Strahm, Matt",Cutter,127,0.6481246803795351,0.8416668288523238,1.0622940516200783,2023,-0.4037335611824429,54.0
"Strahm, Matt",Four-Seam,616,0.6800744161214046,0.8238040053511768,1.0682482158634814,2023,-0.43857335489218646,54.0
"Strahm, Matt",Sinker,257,0.6312860629633944,0.7095386800692325,0.9497195542928509,2023,-1.1774913715403377,62.0
"Strahm, Matt",Slider,360,0.7424865688683868,0.9378188000369657,1.196156514279266,2023,0.20009025166109046,48.0
"Stratton, Chris",Curveball,253,0.7841522717475803,0.8719963684113434,1.172720108043459,2023,-0.8708589918211421,59.0
"Stratton, Chris",Four-Seam,737,0.7423951905264221,0.7793825507592896,1.076377154785821,2023,-0.33807860076998947,53.0
"Stratton, Chris",Slider,262,0.6993948290979108,0.8557996429388784,1.1052357919571767,2023,-0.5807735911339991,56.0
"Strider, Spencer",Four-Seam,1826,0.6767520717097494,0.7860084641022029,1.0372090783461847,2023,-0.8222975435920865,58.0
"Strider, Spencer",Offspeed,225,0.7186037793998725,1.0731707719049626,1.2915443846182266,2023,0.8671228702034711,41.0
"Strider, Spencer",Slider,1048,0.6605400560743462,0.9127476386464793,1.1266860332556823,2023,-0.3965502653458841,54.0
"Stripling, Ross",Curveball,144,0.5496108720939525,1.0843490348247165,1.215682910980149,2023,-0.5429730705658238,55.0
"Stripling, Ross",Four-Seam,385,0.650651469578601,0.8555116866378962,1.0748244418689086,2023,-0.3572741568318821,54.0
"Stripling, Ross",Offspeed,367,0.5320577433795122,0.8564910916035389,1.0082967977169819,2023,-0.8570706141186029,59.0
"Stripling, Ross",Sinker,131,0.558948563683291,0.7857363165926236,0.9642639970755714,2023,-1.0095507481224557,60.0
"Stripling, Ross",Slider,398,0.6903956659871698,0.705980004625179,0.9874481973979372,2023,-1.5923809714107389,66.0
"Stroman, Marcus",Curveball,506,0.8735330223788724,0.7489766848445647,1.1506632937689123,2023,-1.0391934200711908,60.0
"Stroman, Marcus",Cutter,211,0.7042337023219865,0.7202830403149195,1.007349376160742,2023,-1.0563163608814667,61.0
"Stroman, Marcus",Four-Seam,182,0.8830722732389229,0.8498670420718736,1.225598069908465,2023,1.50667866932442,35.0
"Stroman, Marcus",Offspeed,168,0.8361045439844419,0.7893196735067862,1.1498244889792055,2023,0.004441131824535386,50.0
"Stroman, Marcus",Sinker,1023,0.747565323310843,0.6699207766432108,1.0038165965927681,2023,-0.5528479152984004,56.0
"Stroman, Marcus",Slider,113,0.7943736876899573,0.8785354926451089,1.184421448442794,2023,0.09930477206427153,49.0
"Strzelecki, Peter",Four-Seam,234,0.842641827703049,0.724791213101914,1.1114708958782857,2023,0.09577099706906851,49.0
"Strzelecki, Peter",Offspeed,116,0.9389489870166415,0.6238164215463963,1.1272852913129525,2023,-0.13276017034066218,51.0
"Strzelecki, Peter",Sinker,127,0.6551862800508158,0.6853197072222319,0.9481203313261412,2023,-1.1959571530092925,62.0
"Strzelecki, Peter",Sweeper,168,0.9973569391133315,0.7067128175719634,1.2223599594710295,2023,-0.0514174328473679,51.0
"Suarez, José",Four-Seam,236,0.8244774656294214,0.8338344300077589,1.1726222529003438,2023,0.8517602653955825,41.0
"Suarez, José",Offspeed,166,0.8091324315520083,0.789798274689813,1.1306973982866817,2023,-0.11198988708326257,51.0
"Suarez, Ranger",Curveball,384,0.7759157938534432,0.8440220566954373,1.1464809424232114,2023,-1.0711125228825076,61.0
"Suarez, Ranger",Cutter,257,0.7641228338607388,0.8603862285114159,1.1507163714136792,2023,0.6464661992929007,44.0
"Suarez, Ranger",Four-Seam,432,0.7549476177415788,0.8183622957434266,1.1134014337282563,2023,0.11963744857151723,49.0
"Suarez, Ranger",Offspeed,370,0.6948675084651733,0.8284390355609456,1.0812733650477788,2023,-0.412845393079665,54.0
"Suarez, Ranger",Sinker,571,0.7072812784606499,0.6401375925225359,0.9539512273808759,2023,-1.1286294228826759,61.0
"Suarez, Robert",Four-Seam,172,0.6901723368532044,0.8090700044766704,1.0634529264153127,2023,-0.49785556117302526,55.0
"Suarez, Robert",Offspeed,151,0.7174912545799614,0.7857365147723672,1.0640373917515087,2023,-0.5177647435973433,55.0
"Suarez, Robert",Sinker,102,0.6177868503853989,0.6987083669218258,0.9326596241478861,2023,-1.374477625796482,64.0
"Suter, Brent",Four-Seam,345,0.5772675773306537,0.8547382784677066,1.0314142623190456,2023,-0.8939364890183243,59.0
"Suter, Brent",Offspeed,319,0.6775267522126455,1.1608381349073824,1.3440936259870684,2023,1.1870022399289217,38.0
"Suter, Brent",Sinker,343,0.7294067224365485,0.8526108505021555,1.1220425255442135,2023,0.8122739053775072,42.0
"Suter, Brent",Slider,122,0.8596901346203669,0.9830599766004454,1.3059379943769356,2023,1.1429378910927006,39.0
"Suárez, Andrew",Four-Seam,241,0.6866862628660522,0.801880682350275,1.0557228103699794,2023,-0.5934198308438136,56.0
"Suárez, Andrew",Slider,119,0.733964249379702,0.9533641809958865,1.2031653173913661,2023,0.26028468029882884,47.0
"Swanson, Erik",Four-Seam,368,0.743775151022112,0.8362550930217755,1.1191622116042088,2023,0.1908555942270909,48.0
"Swanson, Erik",Offspeed,503,0.6551179751621172,0.9156448652127622,1.1258708098938395,2023,-0.1413704454473647,51.0
"Swanson, Erik",Slider,188,0.7382291934928373,0.898860573440618,1.1631563405712413,2023,-0.08332855316612504,51.0
"Syndergaard, Noah",Curveball,198,0.8362699825657403,0.7850569865904525,1.147023084307803,2023,-1.066974974139648,61.0
"Syndergaard, Noah",Cutter,176,0.6478331336017695,0.7094054329991232,0.960699660331449,2023,-1.610379186924985,66.0
"Syndergaard, Noah",Four-Seam,253,0.6657736786616238,0.8213787508471921,1.0573162457571172,2023,-0.5737208395031406,56.0
"Syndergaard, Noah",Offspeed,315,0.693176077580381,0.819797832282377,1.0735741988072398,2023,-0.4597119962937576,55.0
"Syndergaard, Noah",Sinker,367,0.6436720456174921,0.6684920612358178,0.9280061089479527,2023,-1.4282104676410579,64.0
"Sánchez, Cristopher",Offspeed,479,0.9040963133939768,0.8482130475686779,1.2396997692821936,2023,0.5515327218900855,44.0
"Sánchez, Cristopher",Sinker,672,0.6939787786302556,0.6184988015996997,0.9295952413655129,2023,-1.4098611989282206,64.0
"Sánchez, Cristopher",Slider,308,0.7715398316317085,0.8089074939099579,1.1178573457726946,2023,-0.47237459514366636,55.0
"Taillon, Jameson",Curveball,375,0.7309957484338748,0.9499081245089573,1.1986159640337375,2023,-0.6732255503862413,57.0
"Taillon, Jameson",Cutter,551,0.7515215107727237,0.7777522918987936,1.081518935898925,2023,-0.17539789987046542,52.0
"Taillon, Jameson",Four-Seam,895,0.7016713386835768,0.8482732052419104,1.100867884108437,2023,-0.03530970988979772,50.0
"Taillon, Jameson",Sinker,243,0.6238443367778154,0.722172054228852,0.9543134875075759,2023,-1.1244465062576592,61.0
"Taillon, Jameson",Sweeper,382,0.6293445060944395,0.8689998760686873,1.0729563327361686,2023,-1.395040239395505,64.0
"Tapia, Domingo",Four-Seam,151,0.7816839786679418,0.9220944214838377,1.2088374434297429,2023,1.2994738849110081,37.0
"Tapia, Domingo",Sinker,101,0.7615702842879154,0.7620728750493192,1.077378468689769,2023,0.2965505005992515,47.0
"Tarnok, Freddy",Four-Seam,148,0.6099252914383918,1.0039835070892438,1.1747304983030895,2023,0.8778236428427835,41.0
"Taylor, Josh",Four-Seam,121,0.628691104133824,0.8479374728117149,1.0555806280030553,2023,-0.5951775734152679,56.0
"Taylor, Josh",Slider,144,0.6747769051497731,0.9141087069525641,1.1361859882299177,2023,-0.31496081952865135,53.0
"Teheran, Julio",Curveball,124,1.0699345701538712,0.6785528981689999,1.2669625172134722,2023,-0.15161450496664605,52.0
"Teheran, Julio",Cutter,310,0.9290648949625792,0.6356002966811842,1.1256772699992825,2023,0.34907456368213413,47.0
"Teheran, Julio",Four-Seam,101,0.7913222800589639,0.6092730948971571,0.9987014844703483,2023,-1.2983512100496803,63.0
"Teheran, Julio",Offspeed,127,0.7239451552462264,0.5810642535711438,0.9282953487886672,2023,-1.34405791200728,63.0
"Teheran, Julio",Sinker,418,0.8552715817867869,0.5589054194725983,1.021696993500477,2023,-0.3463879602145717,53.0
"Thielbar, Caleb",Four-Seam,251,0.6648549430055439,0.8083796316209894,1.0466660040617501,2023,-0.7053854307545961,57.0
"Thielbar, Caleb",Sweeper,103,0.7762102143131159,0.7768529327568526,1.0981815769429646,2023,-1.1681835414845105,62.0
"Thompson, Keegan",Cutter,131,0.8613791719367981,0.8529661118777471,1.2122397724288563,2023,1.3771851078285189,36.0
"Thompson, Keegan",Four-Seam,222,0.7793934490396817,0.8336189244200665,1.1412163070852255,2023,0.4635013754201856,45.0
"Thompson, Mason",Sinker,501,0.7803845856597493,0.7558025105434253,1.0863873786449671,2023,0.40057387067906114,46.0
"Thompson, Mason",Slider,255,0.8452076808270808,0.692212776256575,1.0924900692189048,2023,-0.6902389999255186,57.0
"Thompson, Ryan",Sinker,267,0.8185049331673577,0.5801327861605324,1.003246916365898,2023,-0.5594258539570809,56.0
"Thompson, Ryan",Slider,152,1.2237365422979363,0.5666671903660463,1.3485706616980282,2023,1.5090844370365517,35.0
"Thompson, Zack",Curveball,319,0.7739332404704368,1.1897912508866888,1.4193575593879022,2023,1.0114424974300373,40.0
"Thompson, Zack",Four-Seam,627,0.68286171043088,0.875180426046908,1.1100634638200801,2023,0.07837148896791016,49.0
"Thompson, Zack",Slider,198,0.7023903797335532,0.8904015968074283,1.1340931395346077,2023,-0.3329350484268684,53.0
"Thornton, Trent",Four-Seam,152,0.6085947510998257,0.9397084424457663,1.11957113568996,2023,0.19591095579947004,48.0
"Thornton, Trent",Sweeper,158,0.9101178751642895,0.6238700779727671,1.1034167031920932,2023,-1.1211027899846093,61.0
"Tonkin, Michael",Four-Seam,785,0.778682727130159,0.583523824674905,0.9730605548957839,2023,-1.615339557197798,66.0
"Tonkin, Michael",Slider,478,0.9824312992307631,0.7917759127477482,1.2617766655457594,2023,0.763662583403335,42.0
"Topa, Justin",Cutter,194,0.7869206077967054,0.6420338839243,1.015604032623964,2023,-0.9582750715246889,60.0
"Topa, Justin",Sinker,467,0.7590015536528383,0.5937633635503924,0.9636588039042127,2023,-1.0165387448442678,60.0
"Topa, Justin",Sweeper,314,1.037972177467479,0.6601921259383121,1.2301381566098695,2023,0.018533767789278413,50.0
"Toussaint, Touki",Curveball,459,0.9127960951896013,0.8075619211491716,1.2187505765674633,2023,-0.519561088841028,55.0
"Toussaint, Touki",Four-Seam,376,0.9404619267175126,0.8235280149670338,1.250066809030925,2023,1.8091757043352445,32.0
"Toussaint, Touki",Offspeed,300,0.8637358616133418,0.8643286967694257,1.2219262394662274,2023,0.44334114067538805,46.0
"Toussaint, Touki",Sinker,423,0.8320875315442642,0.7280979485682725,1.105665538425049,2023,0.6231734037229062,44.0
"Turnbull, Spencer",Four-Seam,226,0.7284003708832536,0.6654658492412819,0.9866163878677883,2023,-1.4477543268918638,64.0
"Turnbull, Spencer",Sinker,106,0.7530837401619253,0.6682791074232506,1.006842631752694,2023,-0.5179071314654072,55.0
"Turnbull, Spencer",Slider,124,0.9846413511579516,0.7311564844822342,1.2264209698185107,2023,0.46001360520372003,45.0
"Ureña, José",Four-Seam,112,0.7779204624331142,0.7205067295005007,1.0603255128155966,2023,-0.5365184990723585,55.0
"Ureña, José",Offspeed,187,0.7622104958914757,0.732114295456997,1.0568614770439997,2023,-0.5614461938723344,56.0
"Ureña, José",Sinker,277,0.8379746659726259,0.6601983048716802,1.0668005167637358,2023,0.17440984059040415,48.0
"Ureña, José",Slider,195,0.8100389865179396,0.9188358445997833,1.2249173314964596,2023,0.4470997526919537,46.0
"Uribe, Abner",Sinker,322,0.818011900982883,0.8999975942832472,1.2161986432590945,2023,1.8994683303458397,31.0
"Uribe, Abner",Slider,167,0.8075380803691625,0.8743200403783232,1.190190440330229,2023,0.14885120173646296,49.0
"Urquidy, José",Curveball,127,0.7595681367615311,0.8311597100459369,1.125953026545526,2023,-1.2277786188754785,62.0
"Urquidy, José",Four-Seam,418,0.6762214148406291,0.7606067920721341,1.0177416637022014,2023,-1.0629652453342588,61.0
"Urquidy, José",Offspeed,237,0.6654608087325192,0.7878097412616553,1.0312527703651007,2023,-0.7173323063745654,57.0
"Urquidy, José",Sinker,109,0.5453368363582933,0.744850098467536,0.9231435068700696,2023,-1.484357577337344,65.0
"Urquidy, José",Sweeper,205,0.7649854018933006,0.7464357316523128,1.0688166197235043,2023,-1.4322696757749238,64.0
"Urías, Julio",Curveball,555,0.6638491072110959,0.8768909009429181,1.0998333006876322,2023,-1.4271206028813221,64.0
"Urías, Julio",Cutter,171,0.5489168393150308,0.7275874286194426,0.9114237010132311,2023,-2.1956341405835333,72.0
"Urías, Julio",Four-Seam,832,0.7344471244250671,0.7933090615197638,1.0810882691369925,2023,-0.2798370168577956,53.0
"Urías, Julio",Offspeed,290,0.652215234672745,0.809280801388442,1.0393844947059498,2023,-0.6678326220941703,57.0
"Valdez, Framber",Curveball,746,0.8327097818903855,1.019415249104784,1.316287594320976,2023,0.22482737598362698,48.0
"Valdez, Framber",Cutter,100,0.784219583760051,1.0624547459656988,1.3205341505534134,2023,2.663407073421722,23.0
"Valdez, Framber",Offspeed,461,0.6836104049338828,0.9567272690079648,1.1758614939682759,2023,0.16293439506659255,48.0
"Valdez, Framber",Sinker,1380,0.6224008974092441,0.8303141828271414,1.0376919192610763,2023,-0.16169901448547638,52.0
"Valdez, Framber",Slider,257,0.8953588669479885,1.0770618875138822,1.4006176530935743,2023,1.9560849960848508,30.0
"Varland, Gus",Four-Seam,199,0.6837394816524497,0.8603375322746482,1.0989451070052552,2023,-0.059080218447196346,51.0
"Varland, Gus",Slider,181,0.7659029121581692,1.0534479783938566,1.3024438237538185,2023,1.1129285441532513,39.0
"Varland, Louis",Four-Seam,465,0.6540869660942346,0.7029952378171695,0.9602250067603838,2023,-1.7740202000484657,68.0
"Varland, Louis",Offspeed,123,0.8435437481434351,0.7714991868148576,1.143143495055569,2023,-0.03622762132514534,50.0
"Varland, Louis",Slider,349,0.6963564555231324,0.8501766401695011,1.0989597957335118,2023,-0.6346743785828448,56.0
"Varland, Louis",Sweeper,143,0.7809984182756041,0.8719045489440386,1.1705452028086327,2023,-0.5174000216829693,55.0
"Vasquez, Andrew",Slider,698,0.9010787263983201,0.7304191998923886,1.1599375322572574,2023,-0.11097297750730313,51.0
"Velasquez, Vince",Four-Seam,270,0.7731492828490115,0.9457974880187769,1.2215943278816292,2023,1.4571820407484777,35.0
"Velasquez, Vince",Slider,290,0.801850724936459,0.9191242923523238,1.2197352376123618,2023,0.40259383984046204,46.0
"VerHagen, Drew",Cutter,131,0.7242107567427166,0.8279349081931147,1.0999806509146421,2023,0.043873532192475403,50.0
"VerHagen, Drew",Four-Seam,284,0.7824722893281699,0.7989947826720789,1.1183271195422517,2023,0.18053169190262583,48.0
"VerHagen, Drew",Offspeed,117,0.8813227930346554,1.0226540236005404,1.3500189322779073,2023,1.2230709479134982,38.0
"VerHagen, Drew",Sinker,186,0.8200510760576163,0.9035774410393911,1.220219635679802,2023,1.945897608110573,31.0
"VerHagen, Drew",Sweeper,324,0.9411302035355851,0.9547831349119221,1.3406479383936596,2023,1.01237485716835,40.0
"Verlander, Justin",Curveball,520,0.7089174452911368,0.9714624667552264,1.202623494096245,2023,-0.6426406584172514,56.0
"Verlander, Justin",Four-Seam,1302,0.6861466019463571,0.8400522531222591,1.0846589082925178,2023,-0.23569466231168412,52.0
"Verlander, Justin",Offspeed,121,0.7520558188256242,1.2099130827681166,1.4245973545121187,2023,1.6770470297365019,33.0
"Verlander, Justin",Slider,659,0.5603405010116829,0.8172072630667675,0.9908628501882089,2023,-1.5630545556990736,66.0
"Vesia, Alex",Four-Seam,579,0.6677258598781383,0.7513064142299689,1.0051463336316224,2023,-1.2186761702930178,62.0
"Vesia, Alex",Slider,260,0.6682720882858652,0.8512224130150428,1.082204777480262,2023,-0.7785732346982447,58.0
"Vespi, Nick",Cutter,101,0.6894645180973009,0.765722639925199,1.030384628674729,2023,-0.7827246169739641,58.0
"Vest, Will",Four-Seam,401,0.6402808348173199,0.714127795915161,0.95913401375043,2023,-1.7875077013486715,68.0
"Vest, Will",Slider,260,0.843933911376118,1.0987196931967789,1.3854275192116754,2023,1.825625998260658,32.0
"Vines, Darius",Cutter,104,0.6256135468263812,0.8705935765048566,1.0720659893048572,2023,-0.2876713877415072,53.0
"Vines, Darius",Four-Seam,102,0.6907912741783434,0.8294609052194907,1.0794433647804205,2023,-0.3001722980608512,53.0
"Vodnik, Victor",Four-Seam,132,0.678918969428054,1.0366654393553032,1.2391957876796444,2023,1.674781704307542,33.0
"Voth, Austin",Curveball,183,0.912346512385656,0.9697956287503666,1.3314952948492116,2023,0.3408903550500411,47.0
"Voth, Austin",Four-Seam,291,0.754252764278856,0.8287428332755159,1.120585523790052,2023,0.20845142186485904,48.0
"Voth, Austin",Sweeper,114,0.8372747658425747,0.9160744502348044,1.241056578843099,2023,0.11672576917973936,49.0
"Vásquez, Randy",Cutter,111,0.8466811025068158,0.8690536849572837,1.213310840914228,2023,1.3899062835386293,36.0
"Vásquez, Randy",Four-Seam,177,0.8172336812680886,0.8338179572715656,1.1675287044297962,2023,0.7887908045535937,42.0
"Vásquez, Randy",Sinker,147,0.7208778630972115,0.7592065608286918,1.046928600960415,2023,-0.05504562761647823,51.0
"Wacha, Michael",Curveball,245,0.8234614485548422,1.232154904843861,1.4819900359944471,2023,1.4894445338172226,35.0
"Wacha, Michael",Cutter,270,0.5686977939931832,0.8494911310856748,1.0222780261190847,2023,-0.8790074568958193,59.0
"Wacha, Michael",Four-Seam,638,0.7102455713347308,0.8773292362723233,1.1287849044077336,2023,0.30981701791624067,47.0
"Wacha, Michael",Offspeed,766,0.5955359660194839,0.947276029939634,1.1189258079609006,2023,-0.18364627632867922,52.0
"Wacha, Michael",Sinker,296,0.7425400430020083,0.8454505382122111,1.1252343436034742,2023,0.8491289381014516,42.0
"Wainwright, Adam",Curveball,549,0.8322181426183974,0.8918967025720044,1.2198634206180745,2023,-0.5110680234028665,55.0
"Wainwright, Adam",Cutter,404,0.7186741407098278,0.8366569913562915,1.1029448951377265,2023,0.07908012460421324,49.0
"Wainwright, Adam",Four-Seam,178,0.6746572811108158,0.8906785138592043,1.1173498386836054,2023,0.16844996751814392,48.0
"Wainwright, Adam",Sinker,560,0.8361635967733416,0.7655724184016665,1.1336977941172452,2023,0.9468540401753343,41.0
"Waldichuk, Ken",Four-Seam,1386,0.8049717773991596,0.8119178852337762,1.1433241949559405,2023,0.4895603328448161,45.0
"Waldichuk, Ken",Offspeed,423,0.8697032340631021,0.9422103155394241,1.282241784551073,2023,0.810495794935103,42.0
"Waldichuk, Ken",Sweeper,691,0.9905020852697822,0.9251522772229758,1.3553601429046984,2023,1.1446852565049925,39.0
"Waldron, Matt",Four-Seam,142,0.7350398785252088,0.8458412626669785,1.1205940677392603,2023,0.20855704722176338,48.0
"Waldron, Matt",Sinker,155,0.7820522313626975,0.6091213781497187,0.9912792471843576,2023,-0.6976131914324408,57.0
"Waldron, Matt",Sweeper,108,0.8641997162185587,0.6477716944542641,1.0800228320032803,2023,-1.3314895091672707,63.0
"Walker, Josh",Four-Seam,143,0.6676635059307752,0.8995792755041431,1.1202756045136095,2023,0.20462001634178176,48.0
"Walker, Ryan",Sinker,523,0.7854208343184089,0.753363975858042,1.0883212609804434,2023,0.42290387052082573,46.0
"Walker, Ryan",Slider,543,1.0092198794111114,0.6657470802012242,1.2090260294117052,2023,0.3106188394743936,47.0
"Walker, Taijuan",Curveball,162,0.8891089632521212,1.0510692662307994,1.3766849134606702,2023,0.6857710126605094,43.0
"Walker, Taijuan",Cutter,487,0.7557842221967291,0.8613881487868877,1.1459490972080812,2023,0.5898448593356833,44.0
"Walker, Taijuan",Four-Seam,500,0.777952147265587,0.8743224988473812,1.1703202020925156,2023,0.8233009508257891,42.0
"Walker, Taijuan",Offspeed,943,0.7583278638141338,0.8401144776789325,1.1317479775297383,2023,-0.10559476857419015,51.0
"Walker, Taijuan",Sinker,658,0.7920628757383186,0.7040059579091882,1.0597112757230098,2023,0.09255235194507719,49.0
"Walter, Brandon",Cutter,114,0.6739174564622287,0.7093019983180814,0.9784038342844653,2023,-1.4001051374737619,64.0
"Wantz, Andrew",Cutter,188,0.780417794873832,0.8247395578804785,1.1354502511729088,2023,0.4651491307329647,45.0
"Wantz, Andrew",Four-Seam,254,0.6710847237268295,0.8176140683409296,1.0577558655798234,2023,-0.5682859990630575,56.0
"Wantz, Andrew",Sweeper,173,0.8702967418318255,0.8583265126946436,1.2223505312461067,2023,-0.05150222314535708,51.0
"Ward, Thaddeus",Cutter,136,0.8615649019927918,0.771103733116246,1.1562417772990472,2023,0.7120919366733224,43.0
"Ward, Thaddeus",Sinker,256,0.9354778571168518,0.7276016410735817,1.1851257187526167,2023,1.5406779393358527,35.0
"Ward, Thaddeus",Sweeper,246,0.9702055248875211,0.7296846939446807,1.2139763231214242,2023,-0.12681349415668303,51.0
"Weathers, Ryan",Four-Seam,576,0.7362120928452105,0.8378462311857438,1.1153450375393614,2023,0.14366542921868405,49.0
"Weathers, Ryan",Offspeed,252,0.7455537915989435,0.8581094613019599,1.1367507658864808,2023,-0.07514164033220033,51.0
"Weathers, Ryan",Sweeper,218,0.8945223864760825,0.920416453630537,1.283486169781615,2023,0.4983053017748207,45.0
"Weaver, Luke",Curveball,267,0.6661016990990115,0.8963830321293288,1.1167784085627548,2023,-1.2977979812964888,63.0
"Weaver, Luke",Cutter,248,0.7787519486918729,0.743907375053809,1.076964614205517,2023,-0.2294899838907601,52.0
"Weaver, Luke",Four-Seam,942,0.7216060306637462,0.7964728664883405,1.0747484778041982,2023,-0.35821326955964633,54.0
"Weaver, Luke",Offspeed,452,0.6266268758505664,0.8634345125884002,1.06685537870276,2023,-0.5006110061430996,55.0
"Weaver, Luke",Slider,238,0.6097917703947218,0.7375353158697997,0.9569766692016553,2023,-1.8540827484698377,69.0
"Webb, Jacob",Four-Seam,454,0.6936352812317381,0.7872638106228589,1.0492445905916585,2023,-0.6735074179190204,57.0
"Webb, Jacob",Offspeed,256,0.8146078159210299,0.898288780384731,1.2126453012834042,2023,0.3868459263002737,46.0
"Webb, Jacob",Sweeper,218,0.8611918255274648,0.7494335986892752,1.1416225642477837,2023,-0.777508277721962,58.0
"Webb, Logan",Four-Seam,130,0.6929879327414467,0.6276284156371769,0.9349597333791956,2023,-2.086364462999558,71.0
"Webb, Logan",Offspeed,1324,0.7109464826430671,0.5797202793104738,0.9173442665795446,2023,-1.4107196788304788,64.0
"Webb, Logan",Sinker,1055,0.8207700451718026,0.605484763712939,1.019938854118146,2023,-0.3666887052025457,54.0
"Webb, Logan",Sweeper,673,1.0226479689254782,0.6832035784905515,1.2298682848214686,2023,0.016106745784097442,50.0
"Weems, Jordan",Four-Seam,442,0.7869779379726108,0.7999141905376765,1.1221394686397805,2023,0.22766220780935284,48.0
"Weems, Jordan",Slider,399,0.7626012548614838,0.8953930681811805,1.176133249450596,2023,0.028122375470776034,50.0
"Weiss, Zack",Sweeper,144,0.7233276159308728,0.9409930371872863,1.1868743556093855,2023,-0.3705480168542177,54.0
"Weissert, Greg",Sinker,120,0.767434325038758,0.7254463138155158,1.0560434638196545,2023,0.05020115108911689,49.0
"Wells, Tyler",Curveball,148,0.7610529096587889,1.0861756037726251,1.3262650464861596,2023,0.30097385319981196,47.0
"Wells, Tyler",Cutter,374,0.7284029339851786,0.7947066944108101,1.078021133549604,2023,-0.21694160962634673,52.0
"Wells, Tyler",Four-Seam,717,0.6520983663941347,0.8515382215633807,1.0725435292971677,2023,-0.3854721480163648,54.0
"Wells, Tyler",Offspeed,353,0.6723395854095091,0.8471487597035622,1.0815274102748917,2023,-0.411298961104363,54.0
"Wells, Tyler",Slider,311,0.5931721921338511,0.8439182298809152,1.031528588186588,2023,-1.2138007922828329,62.0
"Wentz, Joey",Curveball,305,0.8760505309334186,0.8888158666856911,1.247981641540035,2023,-0.2964738130427189,53.0
"Wentz, Joey",Cutter,485,0.8062543699217706,0.7933813521848068,1.1311498923717156,2023,0.41407338658247095,46.0
"Wentz, Joey",Four-Seam,803,0.7163371761011328,0.8106746226157127,1.0818189745136075,2023,-0.2708036045194533,53.0
"Wentz, Joey",Offspeed,337,0.736644767586877,0.8534650795426129,1.1274077148981207,2023,-0.13201494970106672,51.0
"Wesneski, Hayden",Cutter,153,0.7014915652833486,0.8296557131182977,1.0864709008866797,2023,-0.11658297105880717,51.0
"Wesneski, Hayden",Four-Seam,427,0.7399341868511945,0.792196424553406,1.0840100442091571,2023,-0.2437163041445254,52.0
"Wesneski, Hayden",Sinker,290,0.7625739510021285,0.6783880494361514,1.020651447049767,2023,-0.3584605934097874,54.0
"Wesneski, Hayden",Sweeper,532,0.8975823685190268,0.8482393591183561,1.2349753514276087,2023,0.06203582606504584,49.0
"Wheeler, Zack",Curveball,361,0.8712681129910708,0.8058647905920607,1.1868134585649959,2023,-0.7633005714327483,58.0
"Wheeler, Zack",Cutter,453,0.7995872021258538,0.9035648291124871,1.2065525658720921,2023,1.3096376494760438,37.0
"Wheeler, Zack",Four-Seam,1367,0.6769220896661625,0.7102726204746355,0.981178225845799,2023,-1.514984104418498,65.0
"Wheeler, Zack",Sinker,574,0.7262233274642188,0.714591421302054,1.018843079552338,2023,-0.3793413084308994,54.0
"Wheeler, Zack",Sweeper,387,0.7708819950520248,0.7173046950851696,1.0529886399608583,2023,-1.5746145107394367,66.0
"White, Brendan",Four-Seam,211,0.8863336398611699,0.7818543972928248,1.1818983119184479,2023,0.9664363970719488,40.0
"White, Brendan",Slider,203,0.758894896167004,0.7327126673237366,1.0548882956431893,2023,-1.0131782008067958,60.0
"White, Brendan",Sweeper,184,0.7793321232305207,0.6892300545345772,1.0403829229532402,2023,-1.687980760505149,67.0
"White, Mitch",Slider,106,0.7657629460949997,0.8101619410485047,1.114789334509249,2023,-0.4987239135798519,55.0
"Whitlock, Garrett",Offspeed,288,0.6436543394654319,0.7537967463640949,0.9912116038171552,2023,-0.9610721356239955,60.0
"Whitlock, Garrett",Sinker,568,0.7147913701605348,0.6446830545405031,0.962571007078256,2023,-1.0290992313360698,60.0
"Whitlock, Garrett",Sweeper,273,0.8632600916900502,0.829253169175681,1.1970291577453844,2023,-0.2792234349541701,53.0
"Wicks, Jordan",Four-Seam,166,0.6511085495580797,0.7499531152779209,0.9931626344273554,2023,-1.366825752484807,64.0
"Wicks, Jordan",Offspeed,173,0.5516341414519931,0.795922231826599,0.9683968324665834,2023,-1.0999509184560234,61.0
"Wicks, Jordan",Sinker,114,0.607257746856175,0.5889762870422943,0.8459639695725613,2023,-2.3755281641023607,74.0
"Williams, Devin",Four-Seam,370,0.7745973180117547,0.7925197105237348,1.108191543299094,2023,0.05522969957940691,49.0
"Williams, Devin",Offspeed,549,0.7735067392869432,0.643253294358724,1.0060255843792794,2023,-0.8708960142966365,59.0
"Williams, Gavin",Curveball,235,0.9758258755635816,0.999946307643765,1.397186013954416,2023,0.8422324575072365,42.0
"Williams, Gavin",Four-Seam,767,0.7467836894452549,0.781324192237161,1.0808114415551489,2023,-0.2832593232667131,53.0
"Williams, Gavin",Slider,306,0.7447742541509959,0.7875810306660307,1.0839615166190815,2023,-0.7634856502654283,58.0
"Williams, Trevor",Curveball,180,0.7070351463515304,0.6139297144760548,0.9363804742159996,2023,-2.6745690216544857,77.0
"Williams, Trevor",Four-Seam,1130,0.7224720163711478,0.6450624745481691,0.9685408667214819,2023,-1.6712146174147298,67.0
"Williams, Trevor",Offspeed,445,0.6457151869185981,0.5642415862136445,0.8575060759144565,2023,-1.774968566480626,68.0
"Williams, Trevor",Sinker,388,0.6327008163425248,0.5210703706027573,0.8196491042638869,2023,-2.679378572888509,77.0
"Williams, Trevor",Slider,406,0.7633497319515948,0.5348192205410687,0.9320592319862123,2023,-2.0680837515385186,71.0
"Williamson, Brandon",Curveball,123,0.8789754959009252,1.1031384136082232,1.4105007203019588,2023,0.9438483777590271,41.0
"Williamson, Brandon",Cutter,578,0.7239490813020547,0.7771377542425747,1.062094798681964,2023,-0.40610010605900904,54.0
"Williamson, Brandon",Four-Seam,719,0.7032556943902633,0.9148292844167942,1.1538982586514615,2023,0.6202831665757395,44.0
"Williamson, Brandon",Offspeed,320,0.8016309688496778,1.1097173021544646,1.368972132996087,2023,1.3384434583833855,37.0
"Williamson, Brandon",Sweeper,182,0.7796237801434847,0.9560843139430535,1.2336573486723028,2023,0.05018270977982316,49.0
"Willingham, Amos",Four-Seam,285,0.6572088609962649,0.9316344248944005,1.1401167434172381,2023,0.4499079185727712,46.0
"Willingham, Amos",Slider,140,0.6869840698036017,0.9164415853102139,1.1453437437947693,2023,-0.2363103202902523,52.0
"Wilson, Bryse",Curveball,155,0.8168908866424482,0.8906221271986785,1.2085191327138285,2023,-0.5976459940243486,56.0
"Wilson, Bryse",Cutter,399,0.7729784543880898,0.8127991657506571,1.1216675865839953,2023,0.3014511969558825,47.0
"Wilson, Bryse",Four-Seam,192,0.7686463808516926,0.8870227255977041,1.1737233807516936,2023,0.8653730596034946,41.0
"Wilson, Bryse",Sinker,401,0.7399059503046185,0.7733849994499846,1.0703201262568285,2023,0.21504978955838552,48.0
"Wilson, Steven",Four-Seam,341,0.9014409865772846,0.8526546069062264,1.2408125285311393,2023,1.6947688115920838,33.0
"Wilson, Steven",Sweeper,559,0.8745966403868841,0.7671433808590303,1.163369352429334,2023,-0.5819341728057753,56.0
"Winans, Allan",Four-Seam,120,0.7358587770757933,0.6608384335587163,0.9890377015401486,2023,-1.417820614204239,64.0
"Winans, Allan",Offspeed,147,0.6701662938071254,0.7905385937888771,1.0363754771437201,2023,-0.6861492070005618,57.0
"Winans, Allan",Sinker,135,0.7646698516677941,0.6457169435140598,1.0008348281263926,2023,-0.5872775639698379,56.0
"Winans, Allan",Sweeper,132,0.8382501321980533,0.668389108125648,1.0721041385943126,2023,-1.4027042266067153,64.0
"Winckowski, Josh",Cutter,437,0.6560465564319945,0.8433756888740557,1.0684940976861155,2023,-0.33009506234315356,53.0
"Winckowski, Josh",Sinker,527,0.723320139601788,0.7818336045393988,1.0651083557744814,2023,0.15487092970160568,48.0
"Winckowski, Josh",Slider,278,0.6091577733065078,1.0098637154693821,1.1793633522377096,2023,0.05586380130363953,49.0
"Winder, Josh",Four-Seam,137,0.7129342600689352,0.8843172216373306,1.135910299127712,2023,0.3979053646548248,46.0
"Winder, Josh",Offspeed,139,0.575693448419949,0.9537835061010861,1.1140583122369012,2023,-0.21327584706606853,52.0
"Winder, Josh",Slider,185,0.6648929809394103,0.9116699211177762,1.128372598556606,2023,-0.38206536214264397,54.0
"Wingenter, Trey",Four-Seam,156,0.7527774963311104,0.8526918949592308,1.1374345812888311,2023,0.4167494428866784,46.0
"Wingenter, Trey",Slider,153,1.0974795025943056,1.1761069118659144,1.6086294560132306,2023,3.742574276264219,20.0
"Winn, Keaton",Four-Seam,157,0.7465547041613022,0.7367044934936868,1.048845764180396,2023,-0.6784379460629962,57.0
"Winn, Keaton",Offspeed,329,0.788139734118488,0.7790209559490681,1.1081687102170683,2023,-0.24912721490627024,52.0
"Wittgren, Nick",Four-Seam,173,0.7276773820447717,0.8351850903382235,1.1077222158387903,2023,0.04942759574068689,50.0
"Wittgren, Nick",Slider,172,0.8318063307089028,0.7918908458265305,1.1484741544811823,2023,-0.20942509043627264,52.0
"Woo, Bryan",Four-Seam,679,0.6897852228254271,0.7206714406144236,0.9975825674828087,2023,-1.3121839240877853,63.0
"Woo, Bryan",Sinker,369,0.6723374409848915,0.7260093807716713,0.9895085929483272,2023,-0.7180584419448732,57.0
"Woo, Bryan",Slider,219,0.863170316340112,0.8838047826262958,1.2353841057759336,2023,0.5369926327395329,45.0
"Woo, Bryan",Sweeper,128,1.0882297206519929,0.9450721616766644,1.441320684541271,2023,1.9177491153301807,31.0
"Wood, Alex",Offspeed,500,0.8624089851314105,0.6299735322773627,1.0679962120744655,2023,-0.4936664899065757,55.0
"Wood, Alex",Sinker,760,0.7914750238707635,0.6780562433964838,1.042205825458761,2023,-0.10957819884380565,51.0
"Wood, Alex",Slider,446,0.9370136396357015,0.7374154921746818,1.1923825598198645,2023,0.16767800826444967,48.0
"Woodford, Jake",Sinker,462,0.7986304477864469,0.6654774289780785,1.039553173537003,2023,-0.14020763058662528,51.0
"Woodford, Jake",Sweeper,202,0.8804072781220665,0.8395138696550862,1.2165116163496192,2023,-0.10401299140359273,51.0
"Woodruff, Brandon",Four-Seam,430,0.6208522892231724,0.7966753973155756,1.0100243827361712,2023,-1.158370840158178,62.0
"Woodruff, Brandon",Offspeed,205,0.6224154881917229,0.8847692573150261,1.0817659999420963,2023,-0.40984661069205697,54.0
"Woodruff, Brandon",Sinker,227,0.7719804062258495,0.6350510878224165,0.9996217443318559,2023,-0.6012847041371225,56.0
"Woodruff, Brandon",Slider,102,0.5539525929727005,0.7230837813837692,0.9108861784885249,2023,-2.2499264766693265,72.0
"Wright, Kyle",Curveball,272,0.9486577843068792,0.7198493644165905,1.1908546087482748,2023,-0.7324590955465481,57.0
"Wright, Kyle",Sinker,170,0.8319814136850956,0.6749536898399944,1.071333541034758,2023,0.22675140729162527,48.0
"Yacabonis, Jimmy",Sinker,151,0.8240571476959462,0.7284625829063028,1.099876319121064,2023,0.5563269034108314,44.0
"Yarbrough, Ryan",Cutter,353,0.6514968444132019,0.6130156356951646,0.8945592813710596,2023,-2.3959343533590634,74.0
"Yarbrough, Ryan",Four-Seam,440,0.6718441884478374,0.6913738354233531,0.9640396225566307,2023,-1.726861661870626,67.0
"Yarbrough, Ryan",Offspeed,260,0.7956250947318274,0.6455110169588371,1.0245505182187267,2023,-0.7581304632361477,58.0
"Yarbrough, Ryan",Sweeper,371,1.0018344225482823,0.6836347695461082,1.2128597232718261,2023,-0.1368553455929318,51.0
"Yates, Kirby",Four-Seam,569,0.8079991523627992,0.7779864892492921,1.1216619845895826,2023,0.22175926737883145,48.0
"Yates, Kirby",Offspeed,471,0.8659870784392916,0.7790304137782726,1.1648270281957602,2023,0.09576505323357716,49.0
"Young, Alex",Curveball,213,0.8338987208578961,0.7163343016031212,1.0993279348318528,2023,-1.4309774822715566,64.0
"Young, Alex",Offspeed,315,0.6511959456558208,0.7040380604542058,0.9590233314193658,2023,-1.15700958436633,62.0
"Young, Alex",Sinker,317,0.7690844806201944,0.6515395886673899,1.007965661087572,2023,-0.5049398250217351,55.0
"Zastryzny, Rob",Four-Seam,137,0.7658527399961993,0.9053688151789514,1.1858427850513003,2023,1.015200308501797,40.0
"Zastryzny, Rob",Sweeper,108,0.7865448598815163,0.9484276670241888,1.232139544119488,2023,0.03653272779736625,50.0
"Zerpa, Angel",Four-Seam,238,0.7813815665259528,0.7131895766159174,1.057920849922216,2023,-0.566246364975368,56.0
"Zerpa, Angel",Offspeed,137,0.722428883576705,0.9611607962750434,1.2023866134159844,2023,0.3243989237601741,47.0
"Zerpa, Angel",Sinker,163,0.7538421449440862,0.6614999099512375,1.002925775099731,2023,-0.5631339825702559,56.0
"Zerpa, Angel",Slider,169,0.8298436709232025,0.7604475534507884,1.1255758524953288,2023,-0.40608494558803837,54.0
"deGrom, Jacob",Four-Seam,235,0.8224640143485672,0.693889592366333,1.076071475921872,2023,-0.3418575838041087,53.0
"deGrom, Jacob",Slider,167,0.6665411504312302,0.6384738017755659,0.9229983211100291,2023,-2.145902509521277,71.0
"Abbott, Andrew",Curveball,270,0.6424359215972659,0.9783966659894775,1.1704631345659091,2024,-0.8289149879489369,58.0
"Abbott, Andrew",Four-Seam,1249,0.7262189746430744,0.8688782534150135,1.1324060307103467,2024,0.33312544347310913,47.0
"Abbott, Andrew",Offspeed,381,0.719708610205495,0.9405373716201197,1.1843103609350076,2024,0.2881892918292509,47.0
"Abbott, Andrew",Sweeper,428,0.7178149915278991,0.9686741665471842,1.2056483745263706,2024,-0.18670169423723845,52.0
"Abreu, Bryan",Four-Seam,602,0.7791736195801746,0.941575768519708,1.2221605693660507,2024,1.4977624092264668,35.0
"Abreu, Bryan",Slider,690,0.7857992890402008,0.9528418762146694,1.2350660564214273,2024,0.5337434396038438,45.0
"Adam, Jason",Four-Seam,411,0.7277350222711625,0.8536511494684875,1.1217479875751413,2024,0.1948288046204592,48.0
"Adam, Jason",Offspeed,286,0.8476318754813478,0.8683801930506,1.21349246228175,2024,0.49463629336851395,45.0
"Adam, Jason",Slider,213,0.8025715783258934,0.8550246730448019,1.1726842413249554,2024,-0.026731523138577847,50.0
"Adam, Jason",Sweeper,179,1.2451564906250918,0.9959982916959743,1.5944990696789676,2024,3.4055365241823097,20.0
"Adams, Austin",Four-Seam,190,0.8464397124579421,0.8218143159681033,1.1797622458597348,2024,0.9476102321779029,41.0
"Adams, Austin",Slider,594,1.0630395983569132,0.7963826634849572,1.3282614706352895,2024,1.3710659225822714,36.0
"Aguiar, Julian",Four-Seam,190,0.699622101377232,0.7154597118431623,1.0006766131004534,2024,-1.3761691674005145,64.0
"Aguiar, Julian",Offspeed,100,0.9253726815360483,0.8517830790072851,1.2577157919881374,2024,0.8074915503455811,42.0
"Akin, Keegan",Four-Seam,695,0.6470864918300357,0.8487444694378564,1.0672807045525798,2024,-0.5119277804204246,55.0
"Akin, Keegan",Offspeed,134,0.729067098126946,0.9335869627767323,1.1845351200525587,2024,0.28977933653972904,47.0
"Akin, Keegan",Slider,412,0.7642491671479343,0.8496397276021572,1.1427880189283484,2024,-0.2953367906827273,53.0
"Alcala, Jorge",Four-Seam,408,0.7651596426942233,0.893579490825677,1.176415566554705,2024,0.9041843899916835,41.0
"Alcala, Jorge",Slider,360,0.8241095581565501,0.8934999344061995,1.2155240419789592,2024,0.3581664737907153,46.0
"Aldegheri, Sam",Four-Seam,126,0.8157329196298125,0.8090569626400407,1.1489096417752382,2024,0.5472730041699442,45.0
"Alexander, Scott",Sinker,364,0.7627480850492581,0.739557092900093,1.0624167425756934,2024,0.14332148365096786,49.0
"Alexander, Scott",Slider,128,0.8410262762802486,0.7878248981179137,1.152385902156184,2024,-0.20910375568353373,52.0
"Alexander, Tyler",Cutter,530,0.7247940273765804,0.67738234700157,0.9920550519755033,2024,-1.4097151932026226,64.0
"Alexander, Tyler",Four-Seam,379,0.6882406264949471,0.6910035656697157,0.97527487803512,2024,-1.705777007788879,67.0
"Alexander, Tyler",Offspeed,228,0.6675694899352018,0.7590649135675819,1.0108553639872058,2024,-0.9389075370244785,59.0
"Alexander, Tyler",Sinker,212,0.7121641535907685,0.6011325368632972,0.9319539197489106,2024,-1.6018892004343745,66.0
"Alexander, Tyler",Sweeper,312,0.9265126302326336,0.6224910368151739,1.116208199618612,2024,-1.0129581946652384,60.0
"Allard, Kolby",Four-Seam,177,0.6506537032718797,0.9244933242584744,1.130503493218794,2024,0.3084384970013154,47.0
"Allard, Kolby",Offspeed,106,0.6731161613255185,0.7818052033982931,1.0316514637697403,2024,-0.7917867936344611,58.0
"Allen, Logan",Cutter,346,0.9199045707972957,0.8304570144232106,1.239307577713648,2024,1.6369588495206593,34.0
"Allen, Logan",Four-Seam,708,0.7392624128327089,0.8151479089087176,1.10044310549228,2024,-0.08161908978515353,51.0
"Allen, Logan",Offspeed,401,0.8020391409080702,1.020522060187239,1.297972287407309,2024,1.0922836793638975,39.0
"Allen, Logan",Sinker,263,0.7208334792301698,0.6908517067708361,0.9984372717037606,2024,-0.7125365585751565,57.0
"Allen, Logan",Sweeper,412,0.8122183897291911,0.820745341331014,1.154695469780168,2024,-0.6574092795662854,57.0
"Alvarado, José",Cutter,424,0.6327761518841959,0.8973882618176485,1.098048883630174,2024,-0.10364701603436301,51.0
"Alvarado, José",Sinker,623,0.6673218668971228,0.8386620684502882,1.0717614189251157,2024,0.2683258998591337,47.0
"Alzolay, Adbert",Slider,155,0.7590443164356783,0.8375941428897108,1.130359333361058,2024,-0.40700342092571806,54.0
"Anderson, Chase",Cutter,344,0.7038880116937777,0.781612824956587,1.051844542288848,2024,-0.6729822210256665,57.0
"Anderson, Chase",Four-Seam,154,0.8008021926387491,0.7814730286906106,1.118921018797084,2024,0.1581466224236826,48.0
"Anderson, Chase",Offspeed,309,0.8030398496369147,0.6796767526869932,1.0520615420440074,2024,-0.6473969359323711,56.0
"Anderson, Chase",Sweeper,154,0.9183442853874503,0.9010145889717767,1.2865393565856298,2024,0.5605765822352475,44.0
"Anderson, Grant",Four-Seam,133,0.8442732813136007,0.6511056703562668,1.066178206262967,2024,-0.5262335780100975,55.0
"Anderson, Grant",Sinker,116,0.8916118421508623,0.5062098242306265,1.0252902336466763,2024,-0.35332253064985614,54.0
"Anderson, Grant",Slider,184,0.898540208587319,0.44849385673851316,1.004251585002647,2024,-1.5400296955444654,65.0
"Anderson, Justin",Four-Seam,313,0.8249767055038887,0.8050130571479079,1.1526632581993193,2024,0.5959791811301203,44.0
"Anderson, Justin",Sinker,132,0.8046884013126608,0.7320890375183485,1.0878776503181173,2024,0.4839139011367211,45.0
"Anderson, Justin",Slider,428,0.9140782755630463,0.8722703588505589,1.263485129625828,2024,0.7890771289294611,42.0
"Anderson, Nick",Curveball,261,0.7154740335527702,0.9936334461533504,1.2244225242957816,2024,-0.41574760195251326,54.0
"Anderson, Nick",Four-Seam,130,0.6798629622083269,0.7644683436772682,1.0230471620933939,2024,-1.0858933920292457,61.0
"Anderson, Nick",Sinker,148,0.6355666761815435,0.8323994355620391,1.0472983434515957,2024,-0.058918442681710745,51.0
"Anderson, Tyler",Cutter,527,0.6869385937967232,1.090101091031336,1.2884894335287072,2024,2.2429833301093454,28.0
"Anderson, Tyler",Four-Seam,1155,0.6629563096922105,0.9113017762389389,1.1269347789188864,2024,0.26213157307150287,47.0
"Anderson, Tyler",Offspeed,1082,0.5463257365377928,1.0581482844827579,1.1908608660785547,2024,0.33453044215918665,47.0
"Armstrong, Shawn",Cutter,344,0.7463495715566592,0.7098025564811768,1.029979296952139,2024,-0.9424082873772723,59.0
"Armstrong, Shawn",Four-Seam,368,0.7746621264403039,0.6804170196858249,1.031052244466377,2024,-0.9820210421167849,60.0
"Armstrong, Shawn",Sinker,301,0.7919405832093331,0.6825387589170542,1.0454802938161825,2024,-0.08323862508442688,51.0
"Arrighetti, Spencer",Curveball,498,0.9302071471891795,0.8563748984040658,1.2643825779005364,2024,-0.10977322057411677,51.0
"Arrighetti, Spencer",Cutter,491,0.7359397447456042,0.6873379611829561,1.0069959189487154,2024,-1.2256121129725122,62.0
"Arrighetti, Spencer",Four-Seam,1018,0.7885953854754895,0.7572864834112883,1.0933277184589583,2024,-0.17394693068060751,52.0
"Arrighetti, Spencer",Offspeed,215,0.7991511097295876,0.8426721518433723,1.1613521652256782,2024,0.12577293227289124,49.0
"Arrighetti, Spencer",Sweeper,270,0.9272813231230854,0.8039103653326375,1.2272418374966503,2024,0.01278068786169394,50.0
"Ashby, Aaron",Sinker,216,0.7296637810373005,0.8485655776061539,1.119139300022886,2024,0.9021032663885615,41.0
"Ashcraft, Graham",Cutter,652,0.695053429637268,0.9069369888891956,1.1426434141349302,2024,0.4458519147881327,46.0
"Ashcraft, Graham",Sinker,201,0.6865778675795406,0.9596709381279177,1.1799819819545496,2024,1.7160002544717228,33.0
"Ashcraft, Graham",Slider,429,0.7682918729925166,1.0912617222717977,1.3345877822765948,2024,1.4279052318581256,36.0
"Assad, Javier",Curveball,294,0.6898312440142262,1.144446850627652,1.336273078053197,2024,0.4406927905269411,46.0
"Assad, Javier",Cutter,547,0.7454551607492771,0.8696763968451481,1.1454433342236052,2024,0.4803528519591443,45.0
"Assad, Javier",Four-Seam,410,0.7117775457918786,0.8866437780483895,1.136998005207323,2024,0.39270998733099616,46.0
"Assad, Javier",Offspeed,117,0.725714717762857,1.0846556806922822,1.3050439828740108,2024,1.1423119589436463,39.0
"Assad, Javier",Sinker,899,0.6888124735876613,0.8463747279205937,1.0912436958959313,2024,0.5289417380195602,45.0
"Assad, Javier",Sweeper,228,0.7494900763718391,1.0011672165940984,1.250628310155595,2024,0.22882705714108342,48.0
"Avila, Pedro",Curveball,228,0.8491772616020957,1.1349371619366029,1.4174570128108805,2024,1.0623186887562308,39.0
"Avila, Pedro",Four-Seam,553,0.7805110964745419,0.9200640085472952,1.2065302944990686,2024,1.2949470845908904,37.0
"Avila, Pedro",Offspeed,312,0.7478726123364243,0.8693571830142969,1.1467760705305379,2024,0.022655236661845216,50.0
"Avila, Pedro",Sinker,177,0.6933264873262193,0.8331457535301473,1.0838973496846604,2024,0.4306691296311748,46.0
"Baker, Bryan",Four-Seam,180,0.7567741458591338,0.9146927129392185,1.1871688451711193,2024,1.0437167854258775,40.0
"Baker, Bryan",Slider,104,0.7029773345908289,0.6629993165790788,0.9663049346519719,2024,-1.8809647486301075,69.0
"Banda, Anthony",Four-Seam,268,0.6642451847959795,0.754296338520375,1.0050794156831035,2024,-1.3190392805171527,63.0
"Banda, Anthony",Sinker,189,0.7189628595682321,0.6992485980061561,1.0029238232548394,2024,-0.6525196316684135,57.0
"Banda, Anthony",Slider,219,0.8818610079326277,0.9685977609410229,1.3099085692566153,2024,1.206172648788935,38.0
"Banks, Tanner",Four-Seam,363,0.7229121589334174,0.7936295374711025,1.073522161988457,2024,-0.43093987542007167,54.0
"Banks, Tanner",Offspeed,147,0.7184376882899567,0.7222047243154349,1.0186915017702614,2024,-0.8834712567601396,59.0
"Banks, Tanner",Sinker,103,0.7502574885068921,0.8530060071444534,1.1360042021424008,2024,1.127706290509151,39.0
"Banks, Tanner",Slider,387,0.7564328659853321,0.8371825095383604,1.1283019254701865,2024,-0.42548838500056724,54.0
"Banks, Tanner",Sweeper,174,0.8580470157317163,0.8049330598625565,1.176504106268143,2024,-0.4559391048685668,55.0
"Barlow, Scott",Curveball,215,1.06500820163082,0.8284992178988659,1.3493159094889329,2024,0.5405618327320573,45.0
"Barlow, Scott",Four-Seam,214,0.8961773118062704,0.8063683174896726,1.2055553233458176,2024,1.2822960536499932,37.0
"Barlow, Scott",Sinker,132,0.7781073084513901,0.6657709030473946,1.0240614624181548,2024,-0.36975989287955147,54.0
"Barlow, Scott",Sweeper,444,1.0117374973358153,0.6778448655635071,1.217820358380557,2024,-0.07425579626132071,51.0
"Barnes, Jacob",Cutter,550,0.8072358025597068,0.7920261640977394,1.1309001218275614,2024,0.3011497171375267,47.0
"Barnes, Jacob",Four-Seam,528,0.7477127917781937,0.8104531932615652,1.102682546092305,2024,-0.05256055587186869,51.0
"Barnes, Matt",Curveball,103,0.7857807659133282,1.0198309618277253,1.2874418832637844,2024,0.06679202539181439,49.0
"Bassitt, Chris",Curveball,405,0.9709292502341739,0.8388175309213742,1.2830894197760832,2024,0.033465185135449445,50.0
"Bassitt, Chris",Cutter,585,0.7722694483881348,0.7378719481130259,1.0681081933614338,2024,-0.4725796430749273,55.0
"Bassitt, Chris",Four-Seam,130,0.8171267203041249,0.805437938839281,1.1473562438739962,2024,0.5271164232838226,45.0
"Bassitt, Chris",Offspeed,283,0.8688742366794925,0.9027509692663496,1.2529572026516724,2024,0.773827199434142,42.0
"Bassitt, Chris",Sinker,1207,0.8068817084851964,0.645969751458421,1.0336029272826406,2024,-0.24212302237097405,52.0
"Bassitt, Chris",Slider,131,0.7391108175149271,0.8211395436379321,1.1047872875325346,2024,-0.6367577397255845,56.0
"Bassitt, Chris",Sweeper,218,0.9305795712619427,0.726520726921045,1.1805976050695448,2024,-0.4181229892623448,54.0
"Basso, Brady",Four-Seam,164,0.671995623178427,0.7996092991356668,1.044487026647624,2024,-0.8076939920369559,58.0
"Baumann, Mike",Curveball,357,0.7256206307092018,1.1188173980117657,1.3335207796673578,2024,0.4196184245036755,46.0
"Baumann, Mike",Four-Seam,433,0.7189829058875897,0.9134742297917905,1.1624850912817195,2024,0.7234253253646953,43.0
"Baumann, Mike",Slider,255,0.7013918926721736,1.0708004715456676,1.2800641534582078,2024,0.938032842231306,41.0
"Baz, Shane",Curveball,247,0.7204838265713223,1.0979857947051006,1.3132668235073353,2024,0.26453375500286525,47.0
"Baz, Shane",Four-Seam,578,0.7298125124316296,0.7544808580266211,1.049698846541404,2024,-0.7400664581199371,57.0
"Baz, Shane",Offspeed,124,0.7673042061068633,0.9804568237453261,1.2450105734242007,2024,0.7176092541647916,43.0
"Baz, Shane",Slider,257,0.7116716926709689,0.929631302961006,1.1707651163210064,2024,-0.04397407232415267,50.0
"Bazardo, Eduard",Four-Seam,120,0.82082145269456,0.7980110007066271,1.1448010370594535,2024,0.49396057004305527,45.0
"Bazardo, Eduard",Sweeper,206,0.8018818168795481,0.6751124028648798,1.048232419239186,2024,-1.6409246590431443,66.0
"Beck, Tristan",Four-Seam,122,0.8383050887002055,0.841911260090734,1.1880951105059843,2024,1.055735819396045,39.0
"Bednar, David",Curveball,209,0.8962582166403313,1.0040391698766895,1.3458727449287242,2024,0.5141975000733918,45.0
"Bednar, David",Four-Seam,568,0.6734554638081269,0.8764748973358988,1.105328235137868,2024,-0.018230623274578417,50.0
"Bednar, David",Offspeed,246,0.6764589660148894,0.881663190704159,1.1112725653702478,2024,-0.2285121517789414,52.0
"Beede, Tyler",Offspeed,105,0.8230557448160798,0.6989377013603831,1.0797845477027757,2024,-0.45127221811633783,55.0
"Beeks, Jalen",Cutter,211,0.7023820165642305,0.9900963302016627,1.213932139895651,2024,1.324279787933614,37.0
"Beeks, Jalen",Four-Seam,658,0.6806876372122296,0.8463456943865826,1.0861108110410624,2024,-0.26759207980830507,53.0
"Beeks, Jalen",Offspeed,304,0.7865541778702698,1.1286981525616189,1.375727805316585,2024,1.6423603628339323,34.0
"Bello, Brayan",Four-Seam,127,0.8103237718514829,0.7016624948186435,1.0718931252054642,2024,-0.45207793132745083,55.0
"Bello, Brayan",Offspeed,730,0.7954470476513967,0.7385894617997366,1.085472431109583,2024,-0.4110336328106443,54.0
"Bello, Brayan",Sinker,1093,0.8245351575094105,0.659803104800745,1.0560295275577154,2024,0.05787924309999004,49.0
"Bello, Brayan",Sweeper,753,0.8565993370096885,0.7925749930962622,1.1670207983780658,2024,-0.5435467688497408,55.0
"Bellozo, Valente",Curveball,136,0.8218652298210256,0.9194547862253465,1.2332313488966558,2024,-0.3482983766691276,53.0
"Bellozo, Valente",Cutter,275,0.7652922827210529,0.7443983198395399,1.067614694809101,2024,-0.4786605889622355,55.0
"Bellozo, Valente",Four-Seam,411,0.7463733791035196,0.8234068817239061,1.1113379836506503,2024,0.05975067302193811,49.0
"Bellozo, Valente",Offspeed,158,0.8989557146584768,0.8460490006834068,1.2344716636984925,2024,0.6430523781361116,44.0
"Bellozo, Valente",Sweeper,114,0.8107919610071267,0.8377371824839885,1.1658418378793898,2024,-0.5544381135590235,56.0
"Bender, Anthony",Sinker,431,0.9029099451074161,0.6966733720489932,1.1404385806767465,2024,1.187025295170685,38.0
"Bender, Anthony",Sweeper,433,1.0102665203219108,0.6394313545883223,1.1956215535502857,2024,-0.2793303817220542,53.0
"Bernardino, Brennan",Curveball,304,1.107506561641016,0.6934739957227369,1.3067046211066846,2024,0.21428693001412216,48.0
"Bernardino, Brennan",Sinker,401,0.7434097737365649,0.6588773090055562,0.9933666996680802,2024,-0.7803659700454496,58.0
"Berroa, Prelander",Four-Seam,151,0.8553937246155824,1.0592043752039748,1.361474323137591,2024,3.3054698512153746,20.0
"Berroa, Prelander",Slider,196,0.8383020239173804,1.0172619932237348,1.3181700368926241,2024,1.2803985391117654,37.0
"Berríos, José",Curveball,832,0.8869856609095025,0.8105913150126278,1.2015830569015893,2024,-0.5906295472089257,56.0
"Berríos, José",Cutter,101,0.6621804025958303,0.7604423839203565,1.0083429500147512,2024,-1.2090138413415914,62.0
"Berríos, José",Four-Seam,543,0.8093903962686395,0.7551107585644734,1.106934989632056,2024,0.0026183021040021596,50.0
"Berríos, José",Offspeed,465,0.7099253368428554,0.738310427427588,1.0242540071387318,2024,-0.8441196507629596,58.0
"Berríos, José",Sinker,973,0.7998234622500683,0.6477869351814451,1.0292451040240396,2024,-0.3004179415324563,53.0
"Bibee, Tanner",Curveball,173,0.778214459460546,0.9255836483923567,1.2092654113488799,2024,-0.5318057109651321,55.0
"Bibee, Tanner",Cutter,736,0.7503073870592213,0.870731314180068,1.1494060190243414,2024,0.5291815095668038,45.0
"Bibee, Tanner",Four-Seam,1236,0.7550637266935886,0.7618645189791352,1.0726410287918877,2024,-0.44237328377854407,54.0
"Bibee, Tanner",Offspeed,512,0.8101274461325038,0.907137492690639,1.2162256820270785,2024,0.5139722902614848,45.0
"Bibee, Tanner",Sweeper,184,0.7340309576118325,0.8866782389689073,1.1510863330756502,2024,-0.6907508139060436,57.0
"Bickford, Phil",Four-Seam,117,0.7849793098219243,0.839869197343845,1.1495967925735957,2024,0.5561893356758516,44.0
"Bido, Osvaldo",Cutter,152,0.8362050795935676,0.87013403637693,1.2068024595598459,2024,1.2364270473107861,38.0
"Bido, Osvaldo",Four-Seam,422,0.8523773672473205,0.8474419391454111,1.2019588247598203,2024,1.235628606373599,38.0
"Bido, Osvaldo",Offspeed,160,0.8758671832136945,0.8669336496119009,1.2323624773012614,2024,0.6281310672194674,44.0
"Bido, Osvaldo",Slider,223,0.7486444501701746,0.9481730272115845,1.2080979274471846,2024,0.2914458876859234,47.0
"Bielak, Brandon",Four-Seam,116,0.737835351544985,0.8230598986559212,1.1053635613521042,2024,-0.01777223737481311,50.0
"Bielak, Brandon",Offspeed,140,0.7344557577838365,0.9704910715820173,1.2170777214961424,2024,0.519999991676516,45.0
"Bielak, Brandon",Sinker,126,0.6598123762865177,0.7331276661721929,0.986320711943102,2024,-0.8746206610840814,59.0
"Bigge, Hunter",Four-Seam,176,0.6279535522795626,0.9826804704048281,1.1661846212052256,2024,0.7714296866968122,42.0
"Bird, Jake",Curveball,121,0.8753611382378178,0.8029986726168585,1.1878821450638295,2024,-0.6955375151847163,57.0
"Bird, Jake",Sinker,303,0.895316150421122,0.7046703880083102,1.1393644565900234,2024,1.1726566590215843,38.0
"Bird, Jake",Slider,194,0.8982125249344491,0.7676029574338048,1.181524456035609,2024,0.05269417172019263,49.0
"Birdsong, Hayden",Curveball,259,0.8177472999714391,1.2786650995765505,1.517792832861484,2024,1.8305906929365379,32.0
"Birdsong, Hayden",Four-Seam,619,0.7283517784680499,0.8868153132283639,1.1475790661099967,2024,0.5300077201109785,45.0
"Birdsong, Hayden",Offspeed,256,0.7515105337954829,1.11347272823275,1.3433501401063146,2024,1.4133065390506567,36.0
"Birdsong, Hayden",Slider,254,0.8694139943354594,1.015258282053109,1.336648821801661,2024,1.4464228246732065,36.0
"Bivens, Spencer",Offspeed,104,0.7059187137450376,0.7369285187076372,1.0204826662418527,2024,-0.8707997726188864,59.0
"Bivens, Spencer",Sinker,363,0.7924073974683571,0.654028938101734,1.0274547851059221,2024,-0.3243671681099547,53.0
"Bivens, Spencer",Sweeper,183,0.8741164773166368,0.6330516375549089,1.079274752659117,2024,-1.354152749181345,64.0
"Blach, Ty",Curveball,124,1.0864348205786687,0.8970225794691158,1.4088967767168856,2024,0.9967729072310165,40.0
"Blach, Ty",Cutter,155,0.7792292073041285,0.6345216217778048,1.0048959379056899,2024,-1.2514883207681515,63.0
"Blach, Ty",Offspeed,278,0.8250904415415808,0.6550381296993042,1.05349380068572,2024,-0.6372645092610728,56.0
"Blach, Ty",Sinker,576,0.7475503354380697,0.6232279250062778,0.9732648922678764,2024,-1.0492693118874412,60.0
"Black, Mason",Four-Seam,209,0.7318243074358075,0.767458418288459,1.060452375524579,2024,-0.6005308139766687,56.0
"Black, Mason",Sinker,194,0.8397115262479147,0.8206015267596979,1.1740963814925713,2024,1.6372681483748013,34.0
"Black, Mason",Sweeper,168,0.8982150688938219,0.8057532690808852,1.2066601181038787,2024,-0.1773551147102586,52.0
"Blackburn, Paul",Curveball,124,0.7172568311770295,1.0705359353739952,1.2886056614795656,2024,0.07570308249792719,49.0
"Blackburn, Paul",Cutter,267,0.5310076636270343,0.798074198509961,0.9585883189137859,2024,-1.8220961248411829,68.0
"Blackburn, Paul",Four-Seam,236,0.8384517964154877,0.9143230013458581,1.240559537346941,2024,1.7365037426809777,33.0
"Blackburn, Paul",Offspeed,219,0.5400225611298687,0.7616484054980537,0.9336662466465147,2024,-1.4849772541124464,65.0
"Blackburn, Paul",Sinker,165,0.7798416081888925,0.7163270364564103,1.0589038469195688,2024,0.09632922257376092,49.0
"Blackburn, Paul",Sweeper,201,0.8380277058436875,0.903296699858411,1.2321669382582583,2024,0.05827921828986406,49.0
"Blalock, Bradley",Four-Seam,261,0.775670043304435,0.8744548735190801,1.1689034784365964,2024,0.8067090350583116,42.0
"Blalock, Bradley",Slider,122,0.6880595448108484,0.9467686079691672,1.170383157022172,2024,-0.04740581959620988,50.0
"Blanco, Ronel",Curveball,258,0.7546584509264816,1.196830450290555,1.4148895731814017,2024,1.0426597873912267,40.0
"Blanco, Ronel",Four-Seam,1055,0.7158785565611891,0.8894214292456155,1.141732274460806,2024,0.45414091952693086,45.0
"Blanco, Ronel",Offspeed,608,0.7607319717709246,0.9525756677377827,1.219062564284771,2024,0.534041641294903,45.0
"Blanco, Ronel",Slider,830,0.6700376299462959,0.9022796553727229,1.1238589778275427,2024,-0.4654064430215837,55.0
"Blewett, Scott",Four-Seam,129,0.6752326871993136,0.918775709718331,1.1402140091363677,2024,0.4344402119399277,46.0
"Blewett, Scott",Slider,119,0.6327204315114894,0.8630859911608932,1.0701647408648198,2024,-0.9478270877980278,59.0
"Bloss, Jake",Four-Seam,103,0.6783671717792206,0.8638175714785353,1.0983454905187224,2024,-0.10883732269807753,51.0
"Booser, Cam",Cutter,246,0.7227580000918848,0.8970292692668642,1.151972498203957,2024,0.5608059610233913,44.0
"Booser, Cam",Four-Seam,285,0.6793284348086203,0.904965725698447,1.131569744659359,2024,0.32227396271779646,47.0
"Booser, Cam",Sweeper,164,0.7950907020725951,0.9143949915461176,1.2117291054880694,2024,-0.13052734652784453,51.0
"Bowman, Matt",Sinker,194,0.8288017879288266,0.7007801305421676,1.085359477333071,2024,0.4502281176878005,45.0
"Bowman, Matt",Sweeper,129,0.9717615982303981,0.8309220257273073,1.2785742124077388,2024,0.48699385321424543,45.0
"Boyd, Matthew",Four-Seam,259,0.8271819556281353,0.6859015153819858,1.0745654361275963,2024,-0.41740255857733266,54.0
"Boyd, Matthew",Offspeed,175,0.7477093293983297,0.6860031968415828,1.0147263805313091,2024,-0.9115222658631119,59.0
"Boyd, Matthew",Slider,116,1.0060768518376015,0.7488049615208163,1.254152902241848,2024,0.7052309024730622,43.0
"Boyle, Joe",Four-Seam,570,0.8006055037298876,1.0127277349652664,1.2909634533055017,2024,2.3905348883286175,26.0
"Boyle, Joe",Slider,331,0.7934605543656974,1.0849385672891836,1.3441247509535066,2024,1.5135909746599583,35.0
"Bradford, Cody",Curveball,150,0.600090669010702,0.8608034375976078,1.0493290090403347,2024,-1.7564397477528233,68.0
"Bradford, Cody",Four-Seam,615,0.708384156317257,0.7391934345046453,1.0238237380213868,2024,-1.075816697903234,61.0
"Bradford, Cody",Offspeed,321,0.619096675888262,0.7565985825122868,0.9776104076550625,2024,-1.174096959113196,62.0
"Bradish, Kyle",Curveball,116,0.5838382559031643,1.0083750571846228,1.1651984230199335,2024,-0.8692269173159164,59.0
"Bradish, Kyle",Sinker,267,0.6188651129512582,0.9911703445013978,1.1685087418788074,2024,1.5625218862484123,34.0
"Bradish, Kyle",Slider,201,0.7424786702112874,0.968992285928814,1.2207459301215262,2024,0.40508299197192227,46.0
"Bradley, Taj",Curveball,205,0.7275037430168316,1.4000634208971818,1.5777957024399005,2024,2.290033042082937,27.0
"Bradley, Taj",Cutter,516,0.6748429497770905,1.0078173073771686,1.2128927124493785,2024,1.311471843463082,37.0
"Bradley, Taj",Four-Seam,957,0.6570207147584116,0.8907793533746244,1.106871300567581,2024,0.00179188552482149,50.0
"Bradley, Taj",Offspeed,616,0.6756313630616152,1.0516624287233503,1.2499886410447063,2024,0.7528262908511436,42.0
"Brasier, Ryan",Four-Seam,106,0.6009234766614139,0.7871387360891843,0.9903011737117751,2024,-1.510798796486356,65.0
"Brasier, Ryan",Slider,149,0.6173350219773355,0.7807953148488119,0.9953611671396532,2024,-1.6199064450879048,66.0
"Brazobán, Huascar",Cutter,215,0.8137153632016704,0.793500308205894,1.1365629905259431,2024,0.37092823616055043,46.0
"Brazobán, Huascar",Four-Seam,190,0.8547543170155629,0.8477224495449551,1.2038431350966123,2024,1.260079040925966,37.0
"Brazobán, Huascar",Offspeed,252,0.7899424496829287,0.9194765863177018,1.2122071879829457,2024,0.48554369849363355,45.0
"Brazobán, Huascar",Sinker,207,0.8497513338435924,0.7523826588876189,1.1349700413507695,2024,1.1138722462694872,39.0
"Brebbia, John",Four-Seam,479,0.77487953574843,0.7619433569900224,1.0867363867023718,2024,-0.25947473498152945,53.0
"Brebbia, John",Slider,515,0.862044095400672,0.848686232821316,1.2097058916098573,2024,0.30589278463452013,47.0
"Brewer, Colten",Curveball,110,1.1084109596771887,1.1414732334552986,1.591080135702599,2024,2.39175203099423,26.0
"Brewer, Colten",Four-Seam,158,0.8227191370755705,0.7888288652601732,1.139788470365455,2024,0.4289185058469663,46.0
"Brewer, Colten",Slider,106,0.7175528677167173,0.7567826967698115,1.0428816654341342,2024,-1.192954304148888,62.0
"Brieske, Beau",Four-Seam,457,0.7036416319198951,0.8774844193328677,1.1247623981725354,2024,0.23394319442475456,48.0
"Brieske, Beau",Offspeed,305,0.6517014421416446,0.8135060505322809,1.0423563996743768,2024,-0.7160553754982922,57.0
"Brieske, Beau",Sinker,191,0.6293164710432891,0.799560953430292,1.0175150804664943,2024,-0.45733132109638663,55.0
"Brieske, Beau",Slider,199,0.8196890731177844,1.070413832460868,1.3482121306798334,2024,1.5503144011310275,34.0
"Brito, Jhony",Four-Seam,157,0.6773360648080389,0.8591250018055427,1.094020069933369,2024,-0.16496311624103052,52.0
"Brito, Jhony",Offspeed,213,0.7195365347524297,0.8126038549060802,1.085383733917068,2024,-0.4116611157057957,54.0
"Brito, Jhony",Sinker,161,0.7344431569680118,0.709288847124477,1.0210276291424778,2024,-0.4103437015978013,54.0
"Brooks, Aaron",Four-Seam,112,0.7766684432776018,0.8585411506340135,1.1577161906595368,2024,0.6615450234458884,43.0
"Brooks, Aaron",Slider,131,0.8773151962938375,0.8044448650484343,1.1902997498743282,2024,0.13153657923436676,49.0
"Brown, Ben",Curveball,303,0.8111170281694084,1.3015829613815346,1.5336326283517503,2024,1.9518761064705636,30.0
"Brown, Ben",Four-Seam,532,0.7429507210333897,0.7991649047097928,1.091164661636293,2024,-0.2020143239559976,52.0
"Brown, Hunter",Curveball,360,0.698992643739738,1.1820516757907935,1.3732577617629151,2024,0.7238847459353821,43.0
"Brown, Hunter",Cutter,439,0.621421624163907,1.0662667260235796,1.234135149002552,2024,1.573223588394866,34.0
"Brown, Hunter",Four-Seam,1011,0.6129015212399455,0.9323843107601245,1.1157906513723226,2024,0.1175275999890379,49.0
"Brown, Hunter",Offspeed,362,0.6711779957737409,0.9220596569516184,1.1404709172042011,2024,-0.021950187156026583,50.0
"Brown, Hunter",Sinker,518,0.5962034249866119,0.8048833265100765,1.0016464911632712,2024,-0.6696065961003398,57.0
"Brown, Hunter",Slider,199,0.6163213974752507,0.8794926276050549,1.0739456908975844,2024,-0.9138568061467564,59.0
"Bubic, Kris",Four-Seam,207,0.6879835639828398,0.8334549149392311,1.0807259039862471,2024,-0.33746555815396423,53.0
"Bubic, Kris",Sweeper,169,0.6882346896969687,1.034934476431514,1.2428822786607165,2024,0.15726851108765671,48.0
"Buehler, Walker",Curveball,256,0.7911902664339507,1.131549343457797,1.3807193611953146,2024,0.781018259643936,42.0
"Buehler, Walker",Cutter,279,0.644718037214543,0.7976823741239918,1.0256502900588782,2024,-0.9957508079161165,60.0
"Buehler, Walker",Four-Seam,386,0.6971129896346198,0.902596437985819,1.140459052391626,2024,0.4376198442744786,46.0
"Buehler, Walker",Sinker,219,0.7359761131716249,0.729979698976467,1.0365959676156307,2024,-0.20208490381847322,52.0
"Buehler, Walker",Sweeper,116,0.7481730605203815,0.770926553050499,1.0742861251485836,2024,-1.4002381455151878,64.0
"Bummer, Aaron",Sinker,387,0.7489331963791004,0.5963833201302474,0.9573787114659451,2024,-1.2617799096510078,63.0
"Bummer, Aaron",Sweeper,399,0.9356908181546482,0.6540407693612894,1.1416158001559116,2024,-0.7782404615450558,58.0
"Burdi, Nick",Four-Seam,125,0.9870275063492453,0.829086981842902,1.2890339490298082,2024,2.3654980262522396,26.0
"Burke, Brock",Four-Seam,289,0.7987077605642577,0.7399407671653608,1.0887820836599187,2024,-0.23293017987409986,52.0
"Burke, Brock",Slider,149,0.7314616501042267,0.9129331771469035,1.1698218375072067,2024,-0.05244904467310612,51.0
"Burke, Sean",Four-Seam,125,0.6623744893275407,0.8825700035279225,1.1034807543583156,2024,-0.04220316484864988,50.0
"Burnes, Corbin",Curveball,644,0.776586220795496,0.9153998336585948,1.2004345104134644,2024,-0.5994239748807276,56.0
"Burnes, Corbin",Cutter,1348,0.7064862198703574,0.75432354869272,1.0335021988264395,2024,-0.8989986855402452,59.0
"Burnes, Corbin",Offspeed,331,0.7381509332145092,0.7999374879635179,1.08846992831903,2024,-0.389828021067344,54.0
"Burnes, Corbin",Sinker,230,0.6758170619355579,0.7155580841081922,0.9842520373033506,2024,-0.9022934724257758,59.0
"Burnes, Corbin",Slider,383,0.6398025790699537,0.8054483713753137,1.028637165931559,2024,-1.3209352760979043,63.0
"Burr, Ryan",Four-Seam,224,0.7734033092048114,0.7956956321038152,1.1096324696213802,2024,0.037620263642660565,50.0
"Burr, Ryan",Slider,345,0.6990893058270262,0.846377608864856,1.0977617748443897,2024,-0.699879082957502,57.0
"Bush, Ky",Four-Seam,167,0.7189599372169114,1.0361571331297272,1.261160178509677,2024,2.0038135475742602,30.0
"Buttó, José",Four-Seam,384,0.7976762906880769,0.8790249893863418,1.1870014307874897,2024,1.0415444498237545,40.0
"Buttó, José",Offspeed,270,0.8111763668429999,0.9017462459922622,1.2129111221708484,2024,0.4905236381027362,45.0
"Buttó, José",Sinker,282,0.6730109480816138,0.7649521604897606,1.0188697385218903,2024,-0.4392099616137825,54.0
"Buttó, José",Slider,158,0.9881801900469604,0.9409795476952734,1.3645301745223695,2024,1.6969253165160767,33.0
"Buttó, José",Sweeper,128,1.175518329268099,1.0506624985293573,1.5766213966140428,2024,3.2403809484284065,20.0
"Cabrera, Edward",Curveball,379,0.7644079731062289,0.9847996611166812,1.2466554944666564,2024,-0.2455096097435064,52.0
"Cabrera, Edward",Four-Seam,480,0.7284074703089056,0.9308847327160298,1.1819999274135398,2024,0.976645941058794,40.0
"Cabrera, Edward",Offspeed,566,0.6649038139015824,0.8732220204710234,1.0975489869597468,2024,-0.32559877277216076,53.0
"Cabrera, Edward",Sinker,164,0.6470979114647808,0.8523982962089952,1.0701955720344198,2024,0.24737945194337405,48.0
"Cabrera, Edward",Slider,145,0.7598716897725214,0.935279250588736,1.2050528044445084,2024,0.26408670939283174,47.0
"Cabrera, Génesis",Curveball,124,0.8464045068008516,1.0075867342423563,1.3159147450173092,2024,0.284808906632202,47.0
"Cabrera, Génesis",Cutter,405,0.743166807431354,0.8293489393285495,1.1136052113891626,2024,0.08803984274256281,49.0
"Cabrera, Génesis",Four-Seam,199,0.7108456263649893,0.805281583723852,1.074141486773055,2024,-0.42290364072093356,54.0
"Cabrera, Génesis",Sinker,223,0.843335222879006,0.7465685920690269,1.1263121063063788,2024,0.9980544185221202,40.0
"Canning, Griffin",Curveball,307,0.8246816243457685,1.1234658558750144,1.393655377362192,2024,0.8800694166646635,41.0
"Canning, Griffin",Four-Seam,1069,0.7336066811713731,1.000999504893123,1.2410393915809257,2024,1.7427302353736278,33.0
"Canning, Griffin",Offspeed,765,0.6513759243731878,0.8227985797444043,1.0494227449805125,2024,-0.6660649453041482,57.0
"Canning, Griffin",Slider,690,0.7436786794817672,0.964814913056779,1.2181649292162804,2024,0.3818937599181787,46.0
"Cannon, Jonathan",Cutter,390,0.767224119296426,0.701236690691816,1.0394064390807796,2024,-0.8262459584601158,58.0
"Cannon, Jonathan",Four-Seam,249,0.8230597962375522,0.7144274851507592,1.0898780022192571,2024,-0.21870975955021246,52.0
"Cannon, Jonathan",Offspeed,379,0.8414614422533148,0.7124664325077164,1.1025723451317382,2024,-0.2900613308332462,53.0
"Cannon, Jonathan",Sinker,568,0.8226638053014883,0.632338894547652,1.0376069651418458,2024,-0.18856071626753285,52.0
"Cannon, Jonathan",Sweeper,442,0.9515848971669868,0.7870570795749021,1.2348978350557096,2024,0.08350749219719084,49.0
"Cano, Yennier",Four-Seam,117,0.7771030489133081,0.7044912072211111,1.0489027646460933,2024,-0.7503962577816838,58.0
"Cano, Yennier",Offspeed,248,0.6945922020139093,0.5574179359188187,0.8906026512325952,2024,-1.789628041355911,68.0
"Cano, Yennier",Sinker,512,0.7615911148997315,0.6117743062824672,0.9768770793306648,2024,-1.0009488224307386,60.0
"Cano, Yennier",Slider,101,1.0540438366328613,0.596094583891417,1.2109240944371384,2024,0.31683783622010186,47.0
"Cantillo, Joey",Curveball,108,0.6675639635951206,0.9946001060645511,1.1978610171778876,2024,-0.6191292287456371,56.0
"Cantillo, Joey",Four-Seam,347,0.6024648349201182,1.009859429295439,1.1759166400099266,2024,0.897710418803737,41.0
"Cantillo, Joey",Offspeed,196,0.6245906798173709,1.1813115817529076,1.3362674023182195,2024,1.3632001412396475,36.0
"Carrasco, Carlos",Curveball,117,0.8578152514813682,1.0052836803742295,1.3215302810381604,2024,0.32780710120628515,47.0
"Carrasco, Carlos",Four-Seam,428,0.8586711009685695,0.7030450348876799,1.1097695169352932,2024,0.03939856221375143,50.0
"Carrasco, Carlos",Offspeed,393,0.7988409838638071,0.7528277899586545,1.0976778210543052,2024,-0.3246873438040551,53.0
"Carrasco, Carlos",Sinker,289,0.8005320257355373,0.7799994745191493,1.1176988433734698,2024,0.8828341728640361,41.0
"Carrasco, Carlos",Slider,412,0.8640543942932367,0.7445711715980154,1.1406034481239717,2024,-0.3149642612572475,53.0
"Castillo, Diego",Slider,111,0.8854711072149769,0.782795245267592,1.1818745609099415,2024,0.055839720083829314,49.0
"Castillo, Luis",Four-Seam,1295,0.7958393289794576,0.6702078041106738,1.0404512185784227,2024,-0.8600618314184005,59.0
"Castillo, Luis",Offspeed,408,0.800771311593402,0.615404211619631,1.009929223832144,2024,-0.9454594592368573,59.0
"Castillo, Luis",Sinker,516,0.8172123185877902,0.6147299707676088,1.0226088746982285,2024,-0.3891912646179384,54.0
"Castillo, Luis",Slider,639,0.91341496775698,0.670356415697299,1.133006896443713,2024,-0.3832161550724485,54.0
"Cease, Dylan",Curveball,251,0.6679693961067871,1.2082501810715458,1.3805982812515338,2024,0.7800911497540925,42.0
"Cease, Dylan",Four-Seam,1386,0.6733750589703292,0.900359844420876,1.1243139328003005,2024,0.22812399733246358,48.0
"Cease, Dylan",Slider,1371,0.6893682583152536,1.0109232585654198,1.2235989662798563,2024,0.4307163489377295,46.0
"Cease, Dylan",Sweeper,131,0.8041520432957276,1.0506418375299158,1.3230679421348444,2024,0.8980309900850318,41.0
"Cecconi, Slade",Curveball,115,0.8814130355574334,0.9795404547266688,1.3177209270921892,2024,0.2986388541213717,47.0
"Cecconi, Slade",Four-Seam,708,0.6416353029826809,0.7763159937556637,1.0071555908570038,2024,-1.2920992461621328,63.0
"Cecconi, Slade",Offspeed,157,0.8456614960073809,0.9100151105082781,1.2422845355162542,2024,0.6983240647436824,43.0
"Cecconi, Slade",Slider,306,0.7573357940138785,0.9269674638250051,1.197007177875218,2024,0.19180006231966154,48.0
"Chafin, Andrew",Four-Seam,143,0.6466825644458215,0.8643311404293853,1.0794751777943696,2024,-0.3536947313959336,54.0
"Chafin, Andrew",Sinker,381,0.5406786142177512,0.7434194504611364,0.9192419938168437,2024,-1.7719375595857019,68.0
"Chafin, Andrew",Slider,443,0.7299459951302685,0.9521313524659706,1.1997396668258478,2024,0.2163503521826586,48.0
"Chapman, Aroldis",Four-Seam,377,0.7364140206761804,0.9636465846768241,1.2128150518557088,2024,1.3764968407142084,36.0
"Chapman, Aroldis",Offspeed,138,0.7074080825331817,1.093814323590569,1.3026342424967827,2024,1.1252643971709104,39.0
"Chapman, Aroldis",Sinker,313,0.7156412366719721,0.8970898029257883,1.1475680782153272,2024,1.2823971030688726,37.0
"Chapman, Aroldis",Slider,300,0.6886980822057602,1.0132570810437915,1.2251509950692923,2024,0.4446606895534849,46.0
"Chargois, JT",Sinker,270,0.9291841211163965,0.6381964364011224,1.1272434618883103,2024,1.0105132299831248,40.0
"Chargois, JT",Slider,228,0.8743288960360528,0.8210031718788583,1.199373681001367,2024,0.21306212001078556,48.0
"Chavez, Jesse",Cutter,533,0.9033850287557791,0.611607521990375,1.0909483356856489,2024,-0.19114078398319992,52.0
"Chavez, Jesse",Offspeed,140,0.8301638185147937,0.711069382978194,1.0930652464423396,2024,-0.35731872242555157,54.0
"Chavez, Jesse",Sinker,281,0.8086754180510686,0.5986592098297315,1.0061554458800235,2024,-0.6092899804144984,56.0
"Chirinos, Yonny",Sinker,153,0.7663069713350819,0.7073939705999436,1.0428962575241605,2024,-0.117805466788355,51.0
"Chirinos, Yonny",Slider,201,0.8708051631790285,0.7984922701161816,1.1814785388040476,2024,0.05228162427172811,49.0
"Chivilli, Angel",Four-Seam,213,0.8557487072779802,0.8029186123607962,1.1734496785475383,2024,0.8656996196261324,41.0
"Chivilli, Angel",Offspeed,206,0.6776450797563862,0.7945536481862691,1.0442788679103625,2024,-0.7024549908598489,57.0
"Cimber, Adam",Four-Seam,129,0.9832695468769437,0.5836579326063701,1.143448986229789,2024,0.4764166285400514,45.0
"Cimber, Adam",Sinker,151,0.9863068688456154,0.606663782005127,1.1579474011926476,2024,1.421242062583832,36.0
"Cimber, Adam",Slider,136,1.2273026590971388,0.6530070085084987,1.3902122032942044,2024,1.9276677868463132,31.0
"Cisnero, José",Four-Seam,100,0.7974797923984286,0.7114138877642421,1.0686831798936833,2024,-0.4937295405289328,55.0
"Civale, Aaron",Curveball,423,0.7755271188290437,0.9933238751242407,1.2602121380668874,2024,-0.14170630456839745,51.0
"Civale, Aaron",Cutter,869,0.7876439492231266,0.8231210554441075,1.1392590849597053,2024,0.4041498216774288,46.0
"Civale, Aaron",Four-Seam,263,0.7559062835915006,0.8213350969067034,1.116237273604433,2024,0.12332288086322744,49.0
"Civale, Aaron",Sinker,652,0.8178427392925892,0.756179670007884,1.1138556636956327,2024,0.8314236783699368,42.0
"Civale, Aaron",Sweeper,398,0.8243321682598974,0.7923235078833906,1.1433722336897574,2024,-0.7620143682217083,58.0
"Clase, Emmanuel",Cutter,765,0.7861406221033712,0.8360247864217727,1.1475863894420524,2024,0.5067598246955135,45.0
"Clase, Emmanuel",Slider,202,0.6709371914984286,0.9320616644924818,1.1484318270373277,2024,-0.24462949505957568,52.0
"Cleavinger, Garrett",Cutter,260,0.7190354383224404,0.7870683558020634,1.0660621737349596,2024,-0.49779093209319636,55.0
"Cleavinger, Garrett",Four-Seam,263,0.8149137769026299,0.9340145224098112,1.2395432997108802,2024,1.7233172461018331,33.0
"Cleavinger, Garrett",Slider,254,0.7492615753797828,0.7673735183378252,1.0724994288981073,2024,-0.9268508756367051,59.0
"Cleavinger, Garrett",Sweeper,180,0.9884074330465403,0.8401495318954616,1.2972280021822742,2024,0.6593192659800715,43.0
"Clevinger, Mike",Four-Seam,111,0.763194575042866,0.6756864888960785,1.0193224174183413,2024,-1.1342249349409592,61.0
"Cobb, Alex",Offspeed,106,0.6036095510016003,0.733068405807646,0.9495966394494649,2024,-1.3722786588867508,64.0
"Cobb, Alex",Sinker,102,0.7397044361050816,0.7289051356867612,1.0384918630514506,2024,-0.17672337247329753,52.0
"Cole, Gerrit",Curveball,287,0.6931983790338476,0.9500451606991361,1.176056886406011,2024,-0.7860835949836433,58.0
"Cole, Gerrit",Cutter,242,0.8349765055912586,0.7894290925113332,1.149079656504568,2024,0.5251600330842366,45.0
"Cole, Gerrit",Four-Seam,697,0.7196479485442883,0.7978274677047043,1.0744402440657663,2024,-0.41902702576539663,54.0
"Cole, Gerrit",Slider,232,0.810533831559014,0.7787817317290157,1.1240400694710935,2024,-0.4637794090531892,55.0
"Contreras, Roansy",Curveball,101,0.8480711821773543,1.0687461910138727,1.3643471518812054,2024,0.6556561501174837,43.0
"Contreras, Roansy",Four-Seam,400,0.6738283934301788,0.8864920478616357,1.1135137424902364,2024,0.08798288513175503,49.0
"Contreras, Roansy",Offspeed,113,0.7981720355385813,1.0598413150806079,1.326778885672965,2024,1.2960742071887448,37.0
"Contreras, Roansy",Sinker,112,0.6924935673618674,0.8627154309376286,1.1062663583493189,2024,0.7299009879345288,43.0
"Contreras, Roansy",Slider,269,0.7140583485514735,0.9347695907469256,1.176296524232403,2024,0.005723353732763889,50.0
"Corbin, Patrick",Cutter,554,0.7311333685231794,0.8863884478055243,1.1490171813211227,2024,0.5243902066925797,45.0
"Corbin, Patrick",Four-Seam,166,0.7959824326978316,0.7407838016374582,1.087358576520185,2024,-0.2514013241836624,53.0
"Corbin, Patrick",Sinker,1030,0.7595259103141199,0.7319289037120215,1.0547983354781965,2024,0.04140949697016311,50.0
"Corbin, Patrick",Slider,989,0.7491701089107624,0.8176830791925811,1.1089911947726296,2024,-0.5989873614491418,56.0
"Cortes, Nestor",Cutter,798,0.764611836606562,0.8206407287429817,1.121642753442767,2024,0.18707935980677953,48.0
"Cortes, Nestor",Four-Seam,1266,0.6993524007567627,0.8736509390018274,1.1190888006154929,2024,0.16032372578610893,48.0
"Cortes, Nestor",Offspeed,274,0.6641506805061846,0.9426127257635017,1.1530892754631477,2024,0.06731762107871204,49.0
"Cortes, Nestor",Sweeper,450,0.9508105427183697,0.8127403085160162,1.2508347201893262,2024,0.23073389187502472,48.0
"Cosgrove, Tom",Sweeper,152,0.9525813973169726,0.6391526400612332,1.1471387953563423,2024,-0.7272185277116875,57.0
"Coulombe, Danny",Cutter,140,0.6927964093395467,0.8496108621915759,1.096268891261483,2024,-0.1255802866035772,51.0
"Coulombe, Danny",Sweeper,133,0.7029679119783426,1.0823774856235222,1.2906219069331997,2024,0.5982915550255298,44.0
"Cousins, Jake",Sinker,217,0.9245973231097743,0.7545598807078061,1.193415612213758,2024,1.8957029049773788,31.0
"Cousins, Jake",Sweeper,423,1.027257183364849,0.7595264314346283,1.2775514552543488,2024,0.47754552926788346,45.0
"Crawford, Kutter",Curveball,202,0.63834207303918,1.142603964222178,1.3088255885595277,2024,0.230527191119031,48.0
"Crawford, Kutter",Cutter,905,0.6316238975310766,0.8678577499337239,1.0733712414874799,2024,-0.40772775910181985,54.0
"Crawford, Kutter",Four-Seam,952,0.6491142818450719,0.7940674417380706,1.025618083364216,2024,-1.0525336311426505,61.0
"Crawford, Kutter",Offspeed,242,0.7001964112104537,1.0177913876401727,1.2353842815199274,2024,0.6495086374214823,44.0
"Crawford, Kutter",Sweeper,522,0.7136583233126348,1.042518680179815,1.263389647320756,2024,0.3467174548034539,47.0
"Criswell, Cooper",Cutter,271,0.8657523897281901,0.6908831998296135,1.1076311642992345,2024,0.014426947810332937,50.0
"Criswell, Cooper",Offspeed,459,0.8361117742189125,0.5986914865885655,1.028355189174015,2024,-0.8151060878296164,58.0
"Criswell, Cooper",Sinker,521,0.8104733783888426,0.5050677229211814,0.9549662307190822,2024,-1.2940518403309493,63.0
"Criswell, Cooper",Sweeper,471,1.1633538891884612,0.5596420511749914,1.2909653352949761,2024,0.6014641775818005,44.0
"Criswell, Jeff",Four-Seam,152,0.7774145764620323,0.8372879001847976,1.142551728146918,2024,0.464773986877761,45.0
"Criswell, Jeff",Slider,146,0.807774847363794,0.9228500430416491,1.2264389124516453,2024,0.4562320977559122,45.0
"Crochet, Garrett",Cutter,683,0.7514174148313703,0.8378080488585967,1.1254112395227394,2024,0.23351507845490754,48.0
"Crochet, Garrett",Four-Seam,1284,0.7227415118367831,0.7418624531719155,1.0357196494990193,2024,-0.9214577266948185,59.0
"Crochet, Garrett",Offspeed,142,0.80921522006719,0.8451879285734061,1.1701161938006823,2024,0.18777351952381582,48.0
"Crochet, Garrett",Sweeper,233,0.9258041433845069,0.9188504095748343,1.3043770110990769,2024,0.7253624629574688,43.0
"Cronin, Declan",Sinker,445,0.8092405452040681,0.7432922033534044,1.0987964140677453,2024,0.6299749991566127,44.0
"Cronin, Declan",Slider,564,0.9515860155328092,0.793211594563674,1.2388303268437748,2024,0.5675638618127022,44.0
"Crouse, Hans",Sinker,217,0.7741070769475303,0.8481554713960254,1.1483072194492483,2024,1.2922846491953253,37.0
"Crouse, Hans",Slider,170,0.9796564593128326,0.8833202861653086,1.3190835857611596,2024,1.28860640012485,37.0
"Cruz, Fernando",Cutter,288,0.7050710412650771,0.8641872975250254,1.1153227597580115,2024,0.10920367116806377,49.0
"Cruz, Fernando",Four-Seam,368,0.7283773553213454,0.8411630098618021,1.112694378931018,2024,0.0773509872494928,49.0
"Cruz, Fernando",Offspeed,475,0.7750530051537042,1.274697102032522,1.4918310436265554,2024,2.4637256625184802,25.0
"Cuas, Jose",Four-Seam,106,0.8183469769995724,0.6154154508382974,1.0239277083343548,2024,-1.0744675998895068,61.0
"Cuas, Jose",Sinker,128,0.7368589865184368,0.6564171343668121,0.9868356602308792,2024,-0.8677321603287862,59.0
"Curry, Xzavion",Four-Seam,316,0.6823397849641878,0.9620718043017645,1.1794785876722929,2024,0.943929540196401,41.0
"Curry, Xzavion",Slider,219,0.6402514523742366,0.97520454693033,1.1665958300203672,2024,-0.08143339569266193,51.0
"Dana, Caden",Four-Seam,108,0.7807087083559718,0.8675186498770345,1.1670881265728492,2024,0.7831533918782012,42.0
"Daniel, Davis",Four-Seam,244,0.6851038085203566,0.8080795844941022,1.0594148589316927,2024,-0.6139934220492573,56.0
"Daniel, Davis",Offspeed,104,0.5830962930490822,0.7571160277615975,0.9556285713921917,2024,-1.3296061231338088,63.0
"Daniel, Davis",Slider,121,0.6816114741704832,0.7289294343807253,0.9979640885460075,2024,-1.5965202663434779,66.0
"Darvish, Yu",Curveball,160,0.7739005647436912,0.9735321892416425,1.2436587182986454,2024,-0.26845594368004483,53.0
"Darvish, Yu",Four-Seam,217,0.7860385929461722,0.8623305616268249,1.1668207519222622,2024,0.7796839918184056,42.0
"Darvish, Yu",Offspeed,109,0.8101435618160223,0.8802328950452557,1.196303699012798,2024,0.37303543279719337,46.0
"Darvish, Yu",Sinker,201,0.7481464693174141,0.7447743646960986,1.055657138402706,2024,0.05289776624797728,49.0
"Darvish, Yu",Slider,282,0.6302679225747692,0.8195845390480981,1.0339035113942687,2024,-1.2736193271721425,63.0
"Darvish, Yu",Sweeper,167,0.7934903174989283,0.7735760719446207,1.1081727406184556,2024,-1.0871904984330827,61.0
"Davis, Noah",Sinker,148,0.7511691433179147,0.6629273225508697,1.0018621246745656,2024,-0.666722050912647,57.0
"De Los Santos, Enyel",Four-Seam,549,0.7525923420395978,0.6473218254319805,0.9926836248157005,2024,-1.4798845868398098,65.0
"De Los Santos, Enyel",Slider,480,0.7688374899444901,0.7022891284417886,1.0413074021976751,2024,-1.2070984121303026,62.0
"Detmers, Reid",Curveball,227,0.674885062219371,0.9945838205195974,1.2019429367678829,2024,-0.5878739448128713,56.0
"Detmers, Reid",Four-Seam,660,0.7360291530331587,0.839774237747931,1.116673490551212,2024,0.1289831448333375,49.0
"Detmers, Reid",Offspeed,220,0.6029636430504022,0.9118997328166075,1.0932183119357326,2024,-0.35623586989979816,54.0
"Detmers, Reid",Slider,381,0.6762553164200649,1.0913072555804397,1.283850761992574,2024,0.9720539631931921,40.0
"Devenski, Chris",Four-Seam,150,0.6440798460601319,0.7033218199605038,0.9536773199218898,2024,-1.9860226079045653,70.0
"Devenski, Chris",Offspeed,253,0.6133871283695744,0.8604061459211084,1.0566657490371723,2024,-0.6148247535212815,56.0
"Diekman, Jake",Four-Seam,299,0.8418589369399184,0.8053635816167974,1.1650480540734127,2024,0.7566818186157654,42.0
"Diekman, Jake",Sweeper,181,1.161080406243387,0.9397424481443802,1.493728080544348,2024,2.474604927582581,25.0
"Domínguez, Seranthony",Four-Seam,434,0.9256852807759887,0.838619569187729,1.2490700624344229,2024,1.8469346162981184,32.0
"Domínguez, Seranthony",Sinker,189,0.7267123424155127,0.7778271605820044,1.0644838751047874,2024,0.17097366606606837,48.0
"Domínguez, Seranthony",Slider,232,0.9033799330997876,0.9448734272898078,1.3072417898482913,2024,1.1822127321495883,38.0
"Domínguez, Seranthony",Sweeper,192,0.9674166154914537,1.0448495394585384,1.423940120944578,2024,1.8298973861406576,32.0
"Doval, Camilo",Cutter,389,0.8815694130152948,0.7771562336880942,1.175217614539705,2024,0.84723495643519,42.0
"Doval, Camilo",Sinker,154,0.8635588488663988,0.7373456116359539,1.1355229792717798,2024,1.1212689371157702,39.0
"Doval, Camilo",Slider,570,0.8624868236499448,0.7433306480844526,1.1386061537473893,2024,-0.332909130119584,53.0
"Dubin, Shawn",Curveball,133,0.8857321428553546,1.1067080241871161,1.417506289117367,2024,1.062695997744426,39.0
"Dubin, Shawn",Cutter,133,0.7568898441789496,0.762367835128373,1.0742843907734845,2024,-0.39647582863722297,54.0
"Dubin, Shawn",Four-Seam,367,0.7952922984755006,0.7295913469473518,1.0792559351492563,2024,-0.3565395801667347,54.0
"Dubin, Shawn",Offspeed,127,0.8583023828479205,0.7421490487423177,1.1346665549629746,2024,-0.06301279489324123,51.0
"Dunning, Dane",Cutter,318,0.7084686927274729,0.7647549003680834,1.0424864249533283,2024,-0.788294018507896,58.0
"Dunning, Dane",Offspeed,211,0.7447732325576065,0.840499507196371,1.1229989267722607,2024,-0.14555472107008147,51.0
"Dunning, Dane",Sinker,639,0.795973317578635,0.7560077556177585,1.097780145954252,2024,0.6163803065757337,44.0
"Dunning, Dane",Slider,396,0.8840447137277987,0.7848843734377323,1.182192258279848,2024,0.05869410034330727,49.0
"Duran, Jhoan",Curveball,244,0.9306011383985683,1.0828206555992061,1.427767155729885,2024,1.1412635178289794,39.0
"Duran, Jhoan",Four-Seam,359,0.7153352050534009,0.7106358953849056,1.008319310237733,2024,-1.2769990559226196,63.0
"Duran, Jhoan",Offspeed,277,0.6663239486969968,0.70757455292461,0.9719307344423367,2024,-1.2142774619000867,62.0
"Díaz, Alexis",Four-Seam,566,0.8583433266221215,0.7042399924380558,1.110273494822732,2024,0.045938078615088536,50.0
"Díaz, Alexis",Slider,411,0.9195470324785708,0.743872291018339,1.1827564120667526,2024,0.06376279018837414,49.0
"Díaz, Edwin",Four-Seam,452,0.9067321486501682,0.8406546752458709,1.236472188287505,2024,1.6834671177052016,33.0
"Díaz, Edwin",Slider,420,0.9229164963663605,0.8224346692539242,1.2361932067666326,2024,0.5438704220707224,45.0
"Díaz, Yilber",Four-Seam,272,0.6960852670034925,0.8726469442599162,1.1162649274547205,2024,0.12368171170089391,49.0
"Díaz, Yilber",Slider,128,0.7973386909359108,0.9439370257907285,1.235623768273352,2024,0.5387542513114718,45.0
"Eflin, Zach",Curveball,461,0.8825612342966134,0.7524332984547322,1.1597716158393556,2024,-0.9107800139749153,59.0
"Eflin, Zach",Cutter,691,0.7976677654375915,0.7140220159137117,1.0705612094727146,2024,-0.4423532965884363,54.0
"Eflin, Zach",Four-Seam,205,0.8118480324512781,0.7312954021691974,1.0926528236493145,2024,-0.18270423092501437,52.0
"Eflin, Zach",Offspeed,148,0.795544122347627,0.6408498000000773,1.0215571040142568,2024,-0.8631987279299603,59.0
"Eflin, Zach",Sinker,706,0.7923205713289126,0.6070128361579223,0.9981164616473667,2024,-0.7168280580678826,57.0
"Eflin, Zach",Sweeper,231,0.8641258537044421,0.725353571205518,1.1282071149842254,2024,-0.9021111191854753,59.0
"Elder, Bryce",Four-Seam,107,0.6293513159831141,0.9291998178365712,1.122272418086266,2024,0.20163371018147688,48.0
"Elder, Bryce",Offspeed,115,0.5650606275351242,1.1500489132280527,1.2813688054605565,2024,0.9748233559180342,40.0
"Elder, Bryce",Sinker,370,0.7742329872216606,0.8464935771675602,1.1471652429742232,2024,1.277008346705427,37.0
"Elder, Bryce",Slider,271,0.6021144587762928,0.9201501459763286,1.099644539206978,2024,-0.6829632191862649,57.0
"Ellard, Fraser",Four-Seam,240,0.810613266132922,0.9105569293653528,1.2191012217391728,2024,1.458064925503449,35.0
"Ellard, Fraser",Slider,100,1.2049027141870376,1.1449844111349685,1.6621611992816403,2024,4.371017714356158,20.0
"Emanuel, Kent",Sinker,176,0.7838409455179274,0.653286932017882,1.0203873986951109,2024,-0.4189081109276916,54.0
"Englert, Mason",Offspeed,107,0.7407294908279454,0.6574891496330589,0.9904403871346474,2024,-1.0833320494208283,61.0
"Eovaldi, Nathan",Curveball,359,0.9132556157924843,0.9270291769371463,1.3013143027990097,2024,0.17301322888407114,48.0
"Eovaldi, Nathan",Cutter,399,0.7318802082403626,0.6587666740044643,0.9846939473729188,2024,-1.500419570241894,65.0
"Eovaldi, Nathan",Four-Seam,969,0.7682280417786305,0.7630901486283107,1.0828115713773132,2024,-0.31040235468500454,53.0
"Eovaldi, Nathan",Offspeed,808,0.6976414475134046,0.7896440049388167,1.053679858317702,2024,-0.6359482558569811,56.0
"Erceg, Lucas",Four-Seam,293,0.7359572561171973,0.8572454529814226,1.1298242560189964,2024,0.2996248507696337,47.0
"Erceg, Lucas",Offspeed,188,0.7418888765027457,0.7953772367535759,1.087669092060752,2024,-0.39549348848111854,54.0
"Erceg, Lucas",Sinker,202,0.7339522929251374,0.7342080410579177,1.0381461437794641,2024,-0.18134808435743366,52.0
"Erceg, Lucas",Slider,264,0.771835285247847,0.8518583949955363,1.149518348125856,2024,-0.2348675497607739,52.0
"Estes, Joey",Four-Seam,1039,0.6519502885064948,0.741939192246712,0.9876805878802141,2024,-1.5448029947929502,65.0
"Estes, Joey",Offspeed,222,0.6874343656941777,0.8318752965325987,1.0791582442434267,2024,-0.45570296385667847,55.0
"Estes, Joey",Slider,276,0.686318749710206,0.8214333358664527,1.0704140093797674,2024,-0.9455875126684482,59.0
"Estes, Joey",Sweeper,396,0.7760879023313011,0.8254101973291328,1.132967089548464,2024,-0.8581380396423033,59.0
"Estrada, Jeremiah",Four-Seam,553,0.6527387294134355,0.8850995025931031,1.0997586000422204,2024,-0.09050109577993916,51.0
"Estrada, Jeremiah",Offspeed,195,0.7439971690582159,1.1845688655124607,1.3988335085735248,2024,1.805820255566562,32.0
"Estrada, Jeremiah",Slider,228,0.661463517275945,0.8848472142643184,1.1047572481221335,2024,-0.6370276314784831,56.0
"Estévez, Carlos",Four-Seam,502,0.7282310940109616,0.8348959337797996,1.1078681088137008,2024,0.014726270220977703,50.0
"Estévez, Carlos",Slider,231,0.649641148715904,0.9326049781847864,1.136567493569988,2024,-0.35122565369630826,54.0
"Faedo, Alex",Four-Seam,354,0.8211380705153991,0.927945372174828,1.2390925488398485,2024,1.7174683928336691,33.0
"Faedo, Alex",Offspeed,200,0.711228675299636,0.9129609330370135,1.1573002608745446,2024,0.09710798131970033,49.0
"Faedo, Alex",Slider,399,0.7737927346633188,0.8053895380937459,1.1168739876497233,2024,-0.5281637081575082,55.0
"Fairbanks, Pete",Four-Seam,364,0.6965392987538428,0.9704761860288355,1.1945672950309538,2024,1.139717593018335,39.0
"Fairbanks, Pete",Slider,312,0.7136133376270669,0.9611465461252344,1.1970992769055162,2024,0.19262753424389378,48.0
"Falter, Bailey",Curveball,325,0.614835487541467,1.095684224548583,1.2564022431789044,2024,-0.17087869364969246,52.0
"Falter, Bailey",Four-Seam,1042,0.6048758160707818,0.8626079032469778,1.053549784116271,2024,-0.6900974613463833,57.0
"Falter, Bailey",Sinker,296,0.593388073798863,0.8228918998559795,1.0145247581874521,2024,-0.4973330800432386,55.0
"Falter, Bailey",Slider,463,0.6041763329523112,0.9619449827247164,1.1359433045222622,2024,-0.35683373567865145,54.0
"Farmer, Buck",Four-Seam,238,0.7709335446755743,0.7977097164179834,1.1093598703638532,2024,0.034083070126790724,50.0
"Farmer, Buck",Offspeed,245,0.7194923656178156,0.8002088761920043,1.0761057149364048,2024,-0.4772978968280057,55.0
"Farmer, Buck",Sinker,278,0.7638535976970912,0.7803591555874253,1.0919856823346674,2024,0.5388673446580738,45.0
"Farmer, Buck",Slider,407,0.9085899128036368,0.7892957508006386,1.2035461818644368,2024,0.250550324901188,47.0
"Faucher, Calvin",Curveball,217,0.7643000115229334,1.0708794036931315,1.3156508673915406,2024,0.2827883939946877,47.0
"Faucher, Calvin",Cutter,374,0.7877853032895459,0.9455903266647302,1.230750482413439,2024,1.531517337631448,35.0
"Faucher, Calvin",Four-Seam,328,0.8509916078908443,1.0470807918797422,1.349283106476974,2024,3.1472790589377015,20.0
"Fedde, Erick",Cutter,934,0.6918779046065099,0.8195960739965155,1.0725822856047906,2024,-0.4174493641752854,54.0
"Fedde, Erick",Offspeed,474,0.6788323521436349,0.7836369665883943,1.036773966552363,2024,-0.7555479591761933,58.0
"Fedde, Erick",Sinker,881,0.7966712880355485,0.8349955275289056,1.1540808776569758,2024,1.3695192956030713,36.0
"Fedde, Erick",Sweeper,583,0.8909270411734824,0.7544228234067359,1.1674351327466237,2024,-0.5397191101301024,55.0
"Feltner, Ryan",Curveball,260,0.7797531773546863,0.9273616690325842,1.2116165576557747,2024,-0.5138029689293546,55.0
"Feltner, Ryan",Four-Seam,927,0.6872545970477961,0.8912418899065129,1.1254470167393316,2024,0.2428266681997177,48.0
"Feltner, Ryan",Offspeed,379,0.7891829890789533,0.9953735822492586,1.270267042196763,2024,0.8962846067588764,41.0
"Feltner, Ryan",Sinker,354,0.753047017388303,0.8718439999967927,1.1520380943041018,2024,1.3421928338919002,37.0
"Feltner, Ryan",Slider,527,0.7315710511030497,0.8623172131295457,1.1308347265942655,2024,-0.402732208165109,54.0
"Feltner, Ryan",Sweeper,130,0.7482728605976406,0.8797684395872035,1.1549479560571894,2024,-0.6550767882907149,57.0
"Ferguson, Caleb",Curveball,190,0.7345759499714328,0.9567585915718632,1.20622917757075,2024,-0.5550541720701219,56.0
"Ferguson, Caleb",Cutter,249,0.6257916782205379,0.8606796318697785,1.0641356366768169,2024,-0.5215299431704951,55.0
"Ferguson, Caleb",Four-Seam,407,0.6859160922535663,0.7962672827533418,1.0509626402474035,2024,-0.7236677234248668,57.0
"Ferguson, Tyler",Cutter,105,0.9013837194128034,0.7422707669775448,1.167672257584247,2024,0.7542602007248221,42.0
"Ferguson, Tyler",Four-Seam,316,0.8197209475765899,0.6372003120690676,1.0382517371027025,2024,-0.888601863716263,59.0
"Ferguson, Tyler",Sinker,181,0.8200639225782593,0.597799794830384,1.0148248281421235,2024,-0.4933190224019996,55.0
"Ferguson, Tyler",Sweeper,199,0.9826478180500753,0.7287534920393914,1.223388076808901,2024,-0.02282070516588782,50.0
"Fernandez, Ryan",Cutter,124,0.6153477016106506,0.9040890796099482,1.0936314999795285,2024,-0.15807852513621667,52.0
"Fernandez, Ryan",Four-Seam,487,0.8012409410093594,0.9899256903403834,1.2735540498720297,2024,2.16463394678279,28.0
"Fernandez, Ryan",Slider,572,0.6693906820365747,0.9211657340434507,1.1386967088620217,2024,-0.3320955296428867,53.0
"Ferrer, José A.",Sinker,263,0.6589543845527666,0.7012186856853314,0.9622517997258196,2024,-1.1965922530347202,62.0
"Festa, David",Four-Seam,442,0.7145562624085285,0.9208659248231277,1.1655834177130353,2024,0.7636285902683553,42.0
"Festa, David",Offspeed,308,0.5905492117679128,0.8647506112044898,1.0471590094623844,2024,-0.6820796045791097,57.0
"Festa, David",Slider,349,0.6366297970560298,0.9787262671005332,1.1675626768667051,2024,-0.07274667426044848,51.0
"Festa, Matt",Cutter,109,0.7166300718377296,0.6996688656058065,1.0015463950113672,2024,-1.2927617733270498,63.0
"Festa, Matt",Four-Seam,148,0.7946785793471115,0.6294042429265154,1.013737513110294,2024,-1.2066935376965011,62.0
"Festa, Matt",Sweeper,128,0.9047562973205113,0.8358260618940916,1.2317423282823836,2024,0.05435663257181449,49.0
"Finnegan, Kyle",Four-Seam,721,0.6538092170428412,0.8187272774959963,1.0477503744719823,2024,-0.7653494424990496,58.0
"Finnegan, Kyle",Offspeed,287,0.6700762486230091,0.9792098441994821,1.1865302768770205,2024,0.30389395217746556,47.0
"Fitts, Richard",Four-Seam,140,0.6457511252310247,0.8705858571344814,1.0839346153618834,2024,-0.2958299602614244,53.0
"Flaherty, Jack",Curveball,560,0.7924201914272976,0.7701182897337269,1.1049940904656799,2024,-1.330211869733375,63.0
"Flaherty, Jack",Four-Seam,1135,0.7502807646944976,0.7650894139221397,1.0715796924010286,2024,-0.4561449727917911,55.0
"Flaherty, Jack",Slider,746,0.7631935100389062,0.6603862899413434,1.0092444628076975,2024,-1.495170741096995,65.0
"Fleming, Josh",Cutter,136,0.8189572484636304,0.837697253698569,1.1715065785838528,2024,0.8015071448201042,42.0
"Fleming, Josh",Offspeed,160,0.7947587899467102,0.7136876837390898,1.0681721041660028,2024,-0.533423743814413,55.0
"Fleming, Josh",Sinker,203,0.7783965824893986,0.76018333540699,1.0880165178257504,2024,0.48577154190167104,45.0
"Flexen, Chris",Curveball,342,0.6983208466038087,1.1001487146623208,1.3030653088677546,2024,0.18642069334778968,48.0
"Flexen, Chris",Cutter,732,0.6523858040327392,0.950296729925615,1.1526799695538916,2024,0.5695235043179704,44.0
"Flexen, Chris",Four-Seam,1038,0.6951260611821343,1.0580889986514355,1.265998645339633,2024,2.0665965267097675,29.0
"Flexen, Chris",Offspeed,440,0.6771086359726664,1.2063581370292453,1.3833929520152386,2024,1.6965869770689037,33.0
"Flexen, Chris",Sweeper,209,0.6807416248248793,0.9796684730845198,1.1929624792611757,2024,-0.30389515274093853,53.0
"Floro, Dylan",Four-Seam,145,0.6512583058648532,0.8149908182018385,1.0432389058654115,2024,-0.8238893580035259,58.0
"Floro, Dylan",Sinker,502,0.7956907018412982,0.6186866744922809,1.0079171068054233,2024,-0.5857241138930792,56.0
"Floro, Dylan",Slider,274,0.8806905383261904,0.6925979247396018,1.1204051542414817,2024,-0.4964376280347615,55.0
"Foley, Jason",Sinker,506,0.8141910791670652,0.7660595494785721,1.1179241238753834,2024,0.8858477665479453,41.0
"Foley, Jason",Slider,285,0.8385745758880444,0.7833089190414404,1.1475104278287338,2024,-0.2529078881507183,53.0
"France, J.P.",Cutter,111,0.6668226286366599,0.9729529106370207,1.1795294758415134,2024,0.9003662070253456,41.0
"France, J.P.",Four-Seam,137,0.6856629850641239,1.0372671506700655,1.243405352628917,2024,1.7734304733481472,32.0
"France, J.P.",Offspeed,106,0.8065588993080214,1.177271028778784,1.427061432894472,2024,2.0055169897562437,30.0
"Francis, Bowden",Curveball,283,0.8956070016505809,1.0012041765075927,1.3433248692932735,2024,0.49468840033351197,45.0
"Francis, Bowden",Four-Seam,799,0.6966872586520947,0.7416584948921786,1.0175610347364439,2024,-1.157080284797355,62.0
"Francis, Bowden",Offspeed,285,0.7598784656712005,0.8146538819579485,1.1140360092833503,2024,-0.20896233584885454,52.0
"Francis, Bowden",Slider,145,0.7809696530642232,0.8758247359643896,1.1734490049142936,2024,-0.01986043669169879,50.0
"Freeland, Kyle",Curveball,333,0.9461830152685493,0.90952360002854,1.312438751862943,2024,0.25819320522192696,47.0
"Freeland, Kyle",Cutter,400,0.8099438397835702,0.6664377642283034,1.0488795532342945,2024,-0.7095171569681766,57.0
"Freeland, Kyle",Four-Seam,360,0.69524578698899,0.7234863274816785,1.0033938261614264,2024,-1.340911153465686,63.0
"Freeland, Kyle",Offspeed,206,0.6522884542150953,0.6708367809325855,0.9356827529426371,2024,-1.4707116029356162,65.0
"Freeland, Kyle",Sinker,470,0.7549585674738837,0.6611243738330781,1.003517750853665,2024,-0.6445746189162382,56.0
"Fried, Max",Curveball,578,0.7728951111069426,1.027684387267994,1.2858857074434749,2024,0.05487637736379043,49.0
"Fried, Max",Cutter,136,0.9222056423462371,1.0697833865500321,1.4124091974048072,2024,3.7699369046162166,20.0
"Fried, Max",Four-Seam,892,0.7000763705173406,0.7677495680194171,1.0390121865265751,2024,-0.8787344238865598,59.0
"Fried, Max",Offspeed,377,0.6337952724842586,0.8449937099943684,1.0562721322431272,2024,-0.6176093715966062,56.0
"Fried, Max",Sinker,458,0.8208040315382253,0.7936449132799973,1.1417493186179788,2024,1.2045591320869053,38.0
"Fried, Max",Slider,162,0.6864849961340124,0.9989486430382104,1.2120891226906532,2024,0.32730513612108636,47.0
"Fried, Max",Sweeper,158,0.8840612261494919,1.0635475293785512,1.3830031087557841,2024,1.4517175305670866,35.0
"Frías, Luis",Cutter,106,0.6268454653571917,0.9933348680333763,1.1745847766294946,2024,0.8394370549636736,42.0
"Fulmer, Carson",Four-Seam,334,0.7165773643723872,0.8290490545588381,1.0958126911091057,2024,-0.14170242192824814,51.0
"Fulmer, Carson",Offspeed,397,0.7583941700709768,0.7074976004216943,1.0371666075419614,2024,-0.7527702443700914,58.0
"Fulmer, Carson",Sinker,358,0.7552122411125802,0.7468061311314478,1.0621040093238547,2024,0.13913802816110585,49.0
"Fulmer, Carson",Slider,240,0.7008682110013912,0.8070167714319986,1.0688743230917361,2024,-0.9594209609832303,60.0
"Funderburk, Kody",Cutter,285,0.7729566393832555,0.8773473823248445,1.1692734477610074,2024,0.7739902501325501,42.0
"Funderburk, Kody",Sinker,131,0.8158191828046006,0.7627349519410866,1.1168372960930961,2024,0.8713091921379241,41.0
"Funderburk, Kody",Sweeper,212,1.0700885440085053,1.0456718736087711,1.4961681587558,2024,2.497146592844799,25.0
"Gaddis, Hunter",Four-Seam,412,0.7241142074592896,0.7319663973169009,1.0296194404951173,2024,-1.000612820255251,60.0
"Gaddis, Hunter",Offspeed,181,0.9033484772341895,1.0928713952346325,1.4178879919949323,2024,1.9406200399099982,31.0
"Gaddis, Hunter",Slider,482,0.7697397852959411,0.6663550743178442,1.0181003988490434,2024,-1.4156037965451798,64.0
"Gallegos, Giovanny",Four-Seam,174,0.7777526981863593,0.9387665780089416,1.2190906231789254,2024,1.4579274007026668,35.0
"Gallegos, Giovanny",Slider,197,0.5721334548766155,1.17273600856268,1.3048549482484932,2024,1.1607679416341141,38.0
"Gallen, Zac",Curveball,695,0.6322368322872701,0.7713737900160949,0.9973670016721208,2024,-2.154313164463583,72.0
"Gallen, Zac",Four-Seam,1160,0.7719433644123295,0.8957116844082321,1.1824533730535252,2024,0.9825297611106407,40.0
"Gallen, Zac",Offspeed,351,0.6209698502476316,0.6206095769547157,0.8779292693175671,2024,-1.8792851110998463,69.0
"Gallen, Zac",Slider,199,0.6786019476036401,0.8074257568929339,1.0547212694288386,2024,-1.086580329657205,61.0
"Garabito, Gerson",Curveball,167,0.8462832729430123,0.7847017316448437,1.1541023289594183,2024,-0.9541897792145461,60.0
"Garabito, Gerson",Four-Seam,189,0.7496929399663811,0.891110245950199,1.164524355551596,2024,0.7498864112017993,43.0
"Garcia, Robert",Four-Seam,499,0.7534905487109118,0.7251706183681043,1.0457630863350693,2024,-0.7911360964166881,58.0
"Garcia, Robert",Offspeed,295,0.7646332841009493,0.7374198064041896,1.0622862279217384,2024,-0.575063017409603,56.0
"Garcia, Robert",Slider,151,0.8483517307898409,0.7598209114828844,1.1388715804079053,2024,-0.3305243806948761,53.0
"García, Deivi",Four-Seam,158,0.8403985912395764,0.8599615095129242,1.2024157309355246,2024,1.2415573296457159,38.0
"García, Luis",Offspeed,166,0.7494138782865595,0.9820780676309065,1.2353535898236414,2024,0.6492915108823373,44.0
"García, Luis",Sinker,477,0.7353164463468215,0.7020736062522234,1.016660034064544,2024,-0.46876933909829444,55.0
"García, Luis",Slider,116,0.9419704274986397,1.1167462225083669,1.4609689975385094,2024,2.563388494179386,24.0
"García, Yimi",Curveball,121,0.9047648559877988,0.6784736662166495,1.1308960873484724,2024,-1.1318801169517783,61.0
"García, Yimi",Four-Seam,231,0.6890166395743498,0.7561375048278909,1.0229798902313174,2024,-1.0867662982744644,61.0
"Garrett, Braxton",Sinker,194,0.8218607539260492,0.6868365079530767,1.0710739878743534,2024,0.2591300846194523,47.0
"Garrett, Braxton",Sweeper,154,0.8257368044308201,0.8778053168843578,1.2051487229973197,2024,-0.19131752067376895,52.0
"Garrett, Reed",Cutter,232,0.7953398411957028,0.827673451264981,1.147871423514886,2024,0.5102720473043669,45.0
"Garrett, Reed",Four-Seam,165,0.8646730659072653,0.8840829586598848,1.2366334091792464,2024,1.68555908779369,33.0
"Garrett, Reed",Offspeed,266,0.7651226846424761,0.9867180206207804,1.2486092962861925,2024,0.7430682002290695,43.0
"Garrett, Reed",Sinker,122,0.7730855269254903,0.8291764898343149,1.1336643609268215,2024,1.0964060641303768,39.0
"Garrett, Reed",Sweeper,195,1.0643622585771735,0.9113075789827348,1.4011953900134253,2024,1.6197794855246068,34.0
"Gasser, Robert",Sweeper,128,0.8946045021945344,0.7099440878852487,1.1420761022234676,2024,-0.7739881490258683,58.0
"Gausman, Kevin",Four-Seam,1488,0.645788462189249,0.7130359067642904,0.962009845184512,2024,-1.8779014244605803,69.0
"Gausman, Kevin",Offspeed,959,0.6965853948128587,0.7302507559202174,1.009206311310346,2024,-0.9505736599151112,60.0
"Gausman, Kevin",Sinker,181,0.5525170156202025,0.6127876240831187,0.8250961912282039,2024,-3.0313328185525616,80.0
"Gausman, Kevin",Slider,240,0.8131437311603609,0.9040713895292736,1.215955511065592,2024,0.36204304615208377,46.0
"Germán, Domingo",Curveball,124,0.8404873059047312,0.780259587478715,1.1468321303658386,2024,-1.0098577354983669,60.0
"Germán, Domingo",Four-Seam,149,1.0233774186049611,0.870348497051151,1.34343137049488,2024,3.0713481016774966,20.0
"Gibson, Kyle",Curveball,239,0.6937705113195816,0.897462382979562,1.1343527895853158,2024,-1.1054121262181111,61.0
"Gibson, Kyle",Cutter,584,0.8142742983829687,0.8228561828498677,1.157641969980931,2024,0.6306658439398245,44.0
"Gibson, Kyle",Four-Seam,367,0.8273887981982623,0.944765430250017,1.2558478974698586,2024,1.9348824498926596,31.0
"Gibson, Kyle",Offspeed,275,0.6966348973678639,0.8080729414793727,1.0669030222948381,2024,-0.542401786344549,55.0
"Gibson, Kyle",Sinker,730,0.8223959311747684,0.7775839093497112,1.1318002490247094,2024,1.0714697034307765,39.0
"Gibson, Kyle",Sweeper,569,0.839369303598832,0.7979323172801028,1.158117787957677,2024,-0.625793591832937,56.0
"Gil, Luis",Four-Seam,1299,0.7605486852368355,0.8697581329374564,1.1553845733894534,2024,0.6312904234735734,44.0
"Gil, Luis",Offspeed,674,0.8514331869477986,0.8692209828277716,1.2167512436090469,2024,0.5176903437159772,45.0
"Gil, Luis",Slider,691,0.8799646880891719,0.995894823839635,1.3289636384922092,2024,1.3773746121072135,36.0
"Gilbert, Logan",Curveball,359,0.8937150954752977,1.0670974595522664,1.3919136683226159,2024,0.8667331396116703,41.0
"Gilbert, Logan",Cutter,320,0.6607205610699003,0.8653663885254955,1.0887656525672469,2024,-0.21803605625786324,52.0
"Gilbert, Logan",Four-Seam,935,0.6731305779224073,0.8560764542078941,1.0890232643903042,2024,-0.22980066689078651,52.0
"Gilbert, Logan",Offspeed,398,1.003237578435665,1.0149089929637127,1.4270689901977671,2024,2.005570453438878,30.0
"Gilbert, Logan",Slider,982,0.6054243892638177,0.8804386048551757,1.068508693476471,2024,-0.9627059927617442,60.0
"Ginkel, Kevin",Four-Seam,624,0.7561375442981711,0.8250239299780714,1.1191105713617981,2024,0.16060621864161143,48.0
"Ginkel, Kevin",Sinker,105,0.6113561399336173,0.7339515538389708,0.9552178878230726,2024,-1.2906854049197423,63.0
"Ginkel, Kevin",Slider,455,0.7150732154428171,0.8478652299267861,1.109146136251906,2024,-0.5975952759561124,56.0
"Ginn, J.T.",Sinker,259,0.8617737964796863,0.7063619160525875,1.1142716153382417,2024,0.8369878937917347,42.0
"Ginn, J.T.",Slider,161,0.8492025843300666,0.759506983243402,1.1392962243544729,2024,-0.3267091294110972,53.0
"Glasnow, Tyler",Curveball,364,0.6992049501784149,1.40459714036962,1.5690062743942466,2024,2.222732336344672,28.0
"Glasnow, Tyler",Four-Seam,870,0.5598158563041159,0.9152789953805346,1.0729070007947152,2024,-0.43892208419590656,54.0
"Glasnow, Tyler",Sinker,168,0.6145806089162783,0.8862577792767612,1.0784999657786178,2024,0.35846793196552007,46.0
"Glasnow, Tyler",Slider,532,0.6019616422932094,1.0825221138636842,1.2386330957132694,2024,0.5657918211891534,44.0
"Gomber, Austin",Curveball,587,0.666232680188314,0.9696732393394611,1.1764914684102,2024,-0.782755997848637,58.0
"Gomber, Austin",Four-Seam,1058,0.7528647039826923,0.8246420257086514,1.116619779991298,2024,0.12828620733620474,49.0
"Gomber, Austin",Offspeed,538,0.6282520675569405,0.8555509789800974,1.0614462482968101,2024,-0.5810054021906045,56.0
"Gomber, Austin",Slider,437,0.6583515976231313,0.8951305668551226,1.111164055309252,2024,-0.5794651028161635,56.0
"Gonzales, Marco",Cutter,130,0.8283566588520027,0.753616864601245,1.119871926996951,2024,0.16525903279281218,48.0
"Gonzales, Marco",Four-Seam,175,0.728841939474376,0.812271294123436,1.091327278131419,2024,-0.19990424479675545,52.0
"Gonzales, Marco",Offspeed,139,0.6480941291495265,0.5715411038098418,0.8641095032357041,2024,-1.9770522059253568,70.0
"González, Victor",Sinker,183,0.8626897425958486,0.6969302883191211,1.1090290432430816,2024,0.7668576249970079,42.0
"González, Victor",Slider,110,0.9901771559050164,0.8421988989252793,1.2999037600634518,2024,1.1162835512833307,39.0
"Gordon, Tanner",Four-Seam,302,0.7068921264119529,0.7127237341911806,1.0038284712353167,2024,-1.3352712858042066,63.0
"Gordon, Tanner",Offspeed,116,0.6349053225939948,0.7741240344446629,1.0011856917490711,2024,-1.0073150453019177,60.0
"Gordon, Tanner",Slider,162,0.743763721379809,0.8393319042036834,1.1214555357458107,2024,-0.48700038204258084,55.0
"Gore, MacKenzie",Curveball,581,0.713605876834154,1.0569327918415585,1.2752804687292256,2024,-0.026328002066183975,50.0
"Gore, MacKenzie",Cutter,424,0.7004795963398089,0.9582897907970032,1.187009261983303,2024,0.9925329916326192,40.0
"Gore, MacKenzie",Four-Seam,1658,0.7322345493016105,0.8328871813571902,1.1089943606980415,2024,0.029340289711224085,50.0
"Gore, MacKenzie",Offspeed,277,0.7840853567537818,1.198581282077555,1.4322663636427342,2024,2.0423389558453375,30.0
"Gray, Jon",Four-Seam,720,0.751910932109875,0.7658483415972737,1.0732631234481298,2024,-0.4343011077782153,54.0
"Gray, Jon",Offspeed,115,0.6639000314994182,0.7089462378409962,0.9712713420943865,2024,-1.2189422929708433,62.0
"Gray, Jon",Slider,711,0.748816119917691,0.7519805498898975,1.0612258613798,2024,-1.0281392450922267,60.0
"Gray, Sonny",Curveball,346,0.7722910317327093,0.9747137831157101,1.2435836910680809,2024,-0.26903042765560636,53.0
"Gray, Sonny",Cutter,442,0.5818029375420797,0.8814545431990494,1.0561518687475007,2024,-0.6199068492941349,56.0
"Gray, Sonny",Four-Seam,592,0.6143419476179721,0.8170238745112367,1.0222250437767588,2024,-1.0965610350935024,61.0
"Gray, Sonny",Offspeed,158,0.733722234362702,0.9492364525225212,1.1997492071244458,2024,0.39741047042649347,46.0
"Gray, Sonny",Sinker,444,0.6316180215840576,0.8015841020858362,1.0205284895124267,2024,-0.4170207287871652,54.0
"Gray, Sonny",Sweeper,501,0.7458091605202494,0.8802820678393535,1.153745129079836,2024,-0.6661886137086928,57.0
"Green, Chad",Four-Seam,503,0.6684167969523188,0.7840222703872075,1.0302776008975003,2024,-0.992072662336879,60.0
"Green, Chad",Slider,330,0.718040864565773,0.8954826447107566,1.1478117659984732,2024,-0.25020048857928245,53.0
"Greene, Hunter",Four-Seam,1416,0.7542866310511541,0.7746529446001721,1.0812194533767032,2024,-0.3310613598464542,53.0
"Greene, Hunter",Offspeed,214,0.8128785956036552,1.104058846163399,1.3710279161936225,2024,1.6091112830136098,34.0
"Greene, Hunter",Slider,886,0.8319264546447596,0.8310689772675756,1.175915503305562,2024,0.0023000373472899767,50.0
"Grove, Michael",Cutter,130,0.658560617452981,0.8028089174107259,1.0383661419433095,2024,-0.8390646193655504,58.0
"Grove, Michael",Sinker,175,0.6713187259802279,0.8675450550448404,1.0969518013041737,2024,0.6052994798536185,44.0
"Grove, Michael",Slider,425,0.6217961819447705,0.8715813643798143,1.0706467982557424,2024,-0.9434960003200633,59.0
"Hader, Josh",Sinker,832,0.807633217010931,0.7884297308555616,1.1286686199750566,2024,1.0295776735204432,40.0
"Hader, Josh",Slider,320,0.7816389588735144,0.9534574256760733,1.2328992353820796,2024,0.5142754433709705,45.0
"Hall, DL",Curveball,156,0.7740169539151337,0.8662780515133818,1.1616969946943494,2024,-0.8960373759919255,59.0
"Hall, DL",Four-Seam,351,0.7634197664878206,0.7969618223376649,1.1036112930412094,2024,-0.04050932097361119,50.0
"Hall, DL",Offspeed,160,0.7459749636820646,0.8585238272409418,1.1373397946000536,2024,-0.044101123628948496,50.0
"Hall, DL",Slider,110,0.7948611328872176,0.8923401615603108,1.1950209975177142,2024,0.17395504834964215,48.0
"Hamilton, Ian",Four-Seam,136,0.8250850572309871,0.8815728324139779,1.2074502103673943,2024,1.3068837291515067,37.0
"Hamilton, Ian",Sinker,147,0.8127579481452069,0.8060200452241677,1.1446588118633325,2024,1.2434796351623842,38.0
"Hamilton, Ian",Slider,336,0.7402369771015034,0.7910869505472344,1.0834063621718741,2024,-0.8288565641407214,58.0
"Hancock, Emerson",Four-Seam,341,0.8275141471187676,0.6855093497866355,1.0745709526720872,2024,-0.41733097699790883,54.0
"Hancock, Emerson",Offspeed,214,0.8000314234607121,0.7455044491333801,1.0935388251919718,2024,-0.3539684183575689,54.0
"Hancock, Emerson",Sinker,292,0.8304292024559861,0.6689783945001728,1.0663698948299853,2024,0.19620308931089098,48.0
"Hancock, Emerson",Slider,106,1.0315475166592782,0.6267442301107193,1.2070205504062481,2024,0.28176609789550805,47.0
"Hanifee, Brenan",Sinker,241,0.7943415943018862,0.6583547980016801,1.0317022867522856,2024,-0.2675480291913861,53.0
"Hanifee, Brenan",Slider,100,0.8858762558543861,0.775248935967025,1.1771948238947494,2024,0.01379420689736774,50.0
"Harris, Hogan",Curveball,190,0.8781157344967345,1.0112782611800133,1.339317350259456,2024,0.46400280192659255,45.0
"Harris, Hogan",Four-Seam,679,0.7357020818385813,0.7548823313117605,1.0540896011954113,2024,-0.6830929027521565,57.0
"Harris, Hogan",Offspeed,200,0.8071922577924695,0.8824773246494735,1.1959621940348268,2024,0.3706194765959877,46.0
"Harris, Hogan",Sweeper,140,0.7340031845316111,1.0297060499998245,1.2645375535383627,2024,0.35732191722939904,46.0
"Harrison, Kyle",Curveball,464,0.9204547587452983,0.7189689932867857,1.1679697668196207,2024,-0.8480067204392221,58.0
"Harrison, Kyle",Four-Seam,1196,0.7528924612097492,0.6836486465901227,1.0169673200899723,2024,-1.1647842074596113,62.0
"Harrison, Kyle",Offspeed,411,0.9141370051848997,0.7714470395130585,1.196150909802722,2024,0.37195453482096724,46.0
"Harvey, Hunter",Four-Seam,570,0.7067158695748391,0.7390823933092078,1.022589900404159,2024,-1.0918267283739245,61.0
"Harvey, Hunter",Offspeed,210,0.7369884084324947,0.8131976662881544,1.0974708919239553,2024,-0.32615125135424383,53.0
"Heaney, Andrew",Curveball,113,0.7321781612015188,0.8828984120297183,1.1469936641956815,2024,-1.008620869948918,60.0
"Heaney, Andrew",Four-Seam,1393,0.7399619143892169,0.7737779051182582,1.0706427420926903,2024,-0.4683026528434999,55.0
"Heaney, Andrew",Offspeed,462,0.7396897232580831,0.7477560185125047,1.0517984359730208,2024,-0.6492582638332153,56.0
"Heaney, Andrew",Slider,744,0.8001699111546463,0.731283681391079,1.0839961759093635,2024,-0.8235573301887583,58.0
"Helsley, Ryan",Four-Seam,423,0.5824655762724695,0.9181643054987436,1.087332442004013,2024,-0.25174044044532373,53.0
"Helsley, Ryan",Slider,449,0.5970961894559068,1.1057279785130043,1.2566456230494016,2024,0.7276269741420296,43.0
"Hendricks, Kyle",Curveball,279,0.9076307587401062,0.8532700609754567,1.2457380909196767,2024,-0.25253417446351095,53.0
"Hendricks, Kyle",Four-Seam,272,0.8457743658970134,0.8596518263546884,1.2059583494314579,2024,1.2875256396356116,37.0
"Hendricks, Kyle",Offspeed,827,0.8755251322116627,0.747352761976797,1.151121369781917,2024,0.05339579199673891,49.0
"Hendricks, Kyle",Sinker,757,0.7873783960854412,0.7009437820055181,1.0541759455395865,2024,0.033083741425447497,50.0
"Henriquez, Ronny",Offspeed,103,0.7779164726122909,0.8672361460706343,1.1650118331643655,2024,0.15166303057644315,48.0
"Henriquez, Ronny",Slider,101,0.749081893927133,0.8072006587639371,1.1012250393622525,2024,-0.6687630750533646,57.0
"Henry, Tommy",Curveball,168,0.7616763586128216,0.8732504982067664,1.1587567941065344,2024,-0.9185505103556401,59.0
"Henry, Tommy",Four-Seam,239,0.7682158100957064,0.7978318770156995,1.107560939571,2024,0.01074050348260584,50.0
"Henry, Tommy",Offspeed,124,0.7605211243029285,0.9668370607314932,1.2301082401621832,2024,0.6121836036495392,44.0
"Henry, Tommy",Sinker,122,0.7396995261546856,0.7307992239627722,1.0398186835876995,2024,-0.15897439751205644,52.0
"Hentges, Sam",Curveball,112,0.5697771943134242,0.8362138839614316,1.011879296600904,2024,-2.0431924310647935,70.0
"Hentges, Sam",Four-Seam,116,0.7360947472174938,0.8375345188983746,1.1150334287488954,2024,0.10770203047738466,49.0
"Hernández, Carlos",Four-Seam,303,0.7252570423598822,0.844773300812165,1.1133910845959225,2024,0.08639130079519709,49.0
"Hernández, Daysbel",Four-Seam,132,0.702119300697729,0.8878538806022765,1.1319258039786837,2024,0.32689411732498963,47.0
"Hernández, Daysbel",Slider,167,0.7304382097403653,0.9241450674488224,1.1779575900424848,2024,0.02064734715261755,50.0
"Hernández, Elieser",Four-Seam,108,0.6950362374203299,0.9069029376804791,1.1426059293128545,2024,0.4654772903806491,45.0
"Hernández, Jonathan",Sinker,285,0.8480213292813391,0.7316383966244578,1.1200155884322758,2024,0.9138254402712906,41.0
"Hernández, Jonathan",Slider,375,0.8402006897830108,0.717881813729205,1.105120580568012,2024,-0.6337632388225153,56.0
"Herrin, Tim",Curveball,357,0.894746732819636,0.9137241528935182,1.278852432250254,2024,0.0010225450442628776,50.0
"Herrin, Tim",Four-Seam,246,0.8045024774075037,0.7491752206838018,1.099312397565603,2024,-0.09629092999069436,51.0
"Herrin, Tim",Sinker,129,0.8018589144420822,0.7864287111872289,1.123141948486406,2024,0.9556469864447162,40.0
"Herrin, Tim",Slider,279,0.7820689816804813,0.7647133657318012,1.0938091350119565,2024,-0.735391926875096,57.0
"Herz, DJ",Four-Seam,860,0.75872987748052,0.933832008846165,1.2032095610188895,2024,1.2518579102454377,37.0
"Herz, DJ",Offspeed,389,0.7621649179300335,1.089715919931766,1.3298030486790253,2024,1.317468464488753,37.0
"Herz, DJ",Slider,284,0.8760995606958542,1.14538421877705,1.4420317086926286,2024,2.3932447392417746,26.0
"Hicks, Jordan",Four-Seam,105,0.7253924220804736,0.8050548437804539,1.0836546809321441,2024,-0.29946233350677154,53.0
"Hicks, Jordan",Offspeed,373,0.8340680176410862,0.9200913878911433,1.2418686001840862,2024,0.6953815555275012,43.0
"Hicks, Jordan",Sinker,1009,0.8107896051317063,0.7740401067511589,1.120945079229564,2024,0.9262593063722898,41.0
"Hicks, Jordan",Sweeper,471,0.9894224925244367,0.8294368213299297,1.2910934549021487,2024,0.6026477582083786,44.0
"Hill, Tim",Four-Seam,256,0.7501141404867333,0.7002547409364566,1.0261714895484744,2024,-1.0453527430347378,60.0
"Hill, Tim",Sinker,675,0.711812536225932,0.6344886486266708,0.9535475509718918,2024,-1.3130296226481337,63.0
"Hjelle, Sean",Curveball,416,0.8050193110692361,0.692319324647566,1.0617731106384496,2024,-1.6611551836740586,67.0
"Hjelle, Sean",Cutter,122,0.6602515107300425,0.6778278233516738,0.9462465934052134,2024,-1.9741722851842547,70.0
"Hjelle, Sean",Sinker,671,0.7809215143382424,0.6443566740571025,1.0124395957084378,2024,-0.5252264504117561,55.0
"Hodge, Porter",Four-Seam,393,0.7221157504942219,1.0242178924948049,1.2531853208597414,2024,1.9003333876308857,31.0
"Hodge, Porter",Sweeper,240,0.8674163427951691,0.9058058708620578,1.2541512617847645,2024,0.2613724058872898,47.0
"Hoeing, Bryan",Offspeed,161,0.839553620107559,0.9378336817987201,1.258722485598732,2024,0.814613343081017,42.0
"Hoeing, Bryan",Sinker,405,0.766323415356341,0.6750231160692284,1.021228566066979,2024,-0.40765575372216395,54.0
"Hoeing, Bryan",Slider,179,0.9042805856893736,0.8321560639008209,1.2289048345342384,2024,0.47838739389838136,45.0
"Hoffman, Jeff",Four-Seam,363,0.6630403662798423,0.838976790065921,1.0693477365131625,2024,-0.4851063865751205,55.0
"Hoffman, Jeff",Offspeed,120,0.8160284346106907,0.9914361320393957,1.284074768074824,2024,0.9939665238947023,40.0
"Hoffman, Jeff",Sinker,110,0.7107797585393194,0.8786933541375301,1.1301813464018402,2024,1.0498135251210645,40.0
"Hoffman, Jeff",Slider,408,0.8303682912480339,1.1155546182039524,1.3906737954338342,2024,1.9318150024549186,31.0
"Holderman, Colin",Cutter,223,0.8548719758708089,0.8163286427750566,1.182031534327332,2024,0.9311968592880947,41.0
"Holderman, Colin",Sinker,223,0.91002866771298,0.7904959356179091,1.205419429197943,2024,2.056278839153042,29.0
"Holderman, Colin",Sweeper,413,1.0482028579134601,0.790827529780385,1.3130641314103781,2024,0.8056148734051827,42.0
"Holman, Grant",Four-Seam,155,0.7681309622588218,0.806018243454867,1.1134139319959728,2024,0.08668776409464123,49.0
"Holmes, Clay",Sinker,610,0.7871111544913127,0.9148320106897522,1.206839499398036,2024,2.0752752216599886,29.0
"Holmes, Clay",Slider,250,0.777551146513907,0.8540530218599596,1.1549858655382843,2024,-0.18574415357095012,52.0
"Holmes, Clay",Sweeper,222,0.9684906288282743,0.9660151023702168,1.367903240779671,2024,1.312223571798164,37.0
"Holmes, Grant",Curveball,207,0.6646822155328861,0.832040704072163,1.0649385808010745,2024,-1.6369171587614575,66.0
"Holmes, Grant",Four-Seam,366,0.7970867961020399,0.7053517205946626,1.0643629128572951,2024,-0.5497884626498998,55.0
"Holmes, Grant",Slider,306,0.7246519757828541,0.8257977745683909,1.0986639388312065,2024,-0.6917735104262008,57.0
"Holton, Tyler",Cutter,365,0.8116596962159105,0.7731428061781351,1.1209555125901767,2024,0.17861109902588174,48.0
"Holton, Tyler",Four-Seam,202,0.7177510615370225,0.9737112467638092,1.2096611833120274,2024,1.335572872454642,37.0
"Holton, Tyler",Offspeed,253,0.7147445792464979,0.7167482485744512,1.0122192773291747,2024,-0.9292586150204325,59.0
"Holton, Tyler",Sinker,292,0.7338320532278685,0.7979934790525225,1.0841139584725297,2024,0.43356672116464984,46.0
"Holton, Tyler",Sweeper,207,0.9782188732861952,0.8136997721124966,1.2724069644532923,2024,0.43002025362806306,46.0
"Honeywell, Brent",Four-Seam,302,0.7762471573332126,0.7572747796344056,1.084446744260976,2024,-0.2891846779609746,53.0
"Honeywell, Brent",Offspeed,144,0.8573902474238171,0.9650484090027611,1.2909052901341116,2024,1.042288636868419,40.0
"Honeywell, Brent",Slider,130,0.6206193237121156,0.7608066398406806,0.9818325153459478,2024,-1.7414558196661547,67.0
"Horn, Bailey",Sweeper,181,0.7744874199109023,0.7980535050337729,1.1120792060356748,2024,-1.051102214303458,61.0
"Houck, Tanner",Offspeed,682,0.8037852348233014,0.6793921361071722,1.0524468529689355,2024,-0.6446710772230699,56.0
"Houck, Tanner",Sinker,879,0.7566144280877365,0.6546200436168343,1.000496274003776,2024,-0.6849931348266606,57.0
"Houck, Tanner",Sweeper,1131,1.0479787048866644,0.6250183248343146,1.220207880762382,2024,-0.052199646550804446,51.0
"Houser, Adrian",Four-Seam,190,0.8231071794389272,0.8399515233250339,1.176020403896102,2024,0.8990568382646363,41.0
"Houser, Adrian",Offspeed,144,0.7461375516692136,0.9375471677224245,1.198213644437113,2024,0.38654722556593046,46.0
"Houser, Adrian",Sinker,503,0.8090697162981126,0.7037796279114537,1.0723337029553313,2024,0.275981385017459,47.0
"Houser, Adrian",Slider,196,0.8018218903276614,0.7656047896184129,1.108633860972719,2024,-0.6021978587372016,56.0
"Howard, Spencer",Four-Seam,274,0.761410367333137,0.6702639672718227,1.0143961421975862,2024,-1.1981472982163623,62.0
"Howard, Spencer",Slider,135,0.66238676908217,0.7696062209649758,1.0154063064621506,2024,-1.4398091090682803,64.0
"Hudson, Bryan",Cutter,227,0.9124307189683377,0.5524202458767044,1.0666292443823,2024,-0.4908034223944197,55.0
"Hudson, Bryan",Four-Seam,484,0.7549844928331385,0.5934043811791325,0.9602761811172349,2024,-1.9003971031102633,69.0
"Hudson, Bryan",Sweeper,216,1.0234877471622787,0.6326392743232313,1.2032288311071762,2024,-0.20905365721404395,52.0
"Hudson, Dakota",Curveball,257,1.0263339611179736,0.8771238161734326,1.3500768824932734,2024,0.5463886078047776,45.0
"Hudson, Dakota",Four-Seam,235,0.8189338207106895,0.8296178872445596,1.1657265723744719,2024,0.7654861365610109,42.0
"Hudson, Dakota",Offspeed,152,0.8501711092370969,0.9175093038987132,1.2508454092021672,2024,0.7588874450847086,42.0
"Hudson, Dakota",Sinker,492,0.7749339172710173,0.7177058419916575,1.0562311545139909,2024,0.0605764215809335,49.0
"Hudson, Dakota",Slider,367,0.9259291929631002,0.8064008570567633,1.2278547196811114,2024,0.46895254365762734,45.0
"Hudson, Daniel",Four-Seam,494,0.7630681204532576,0.7645056498752509,1.080158250046375,2024,-0.3448313222928313,53.0
"Hudson, Daniel",Slider,399,0.6921097160780963,0.8972459056851289,1.133166393059038,2024,-0.38178314355469073,54.0
"Hughes, Brandon",Four-Seam,115,0.8023632987519312,0.7648232939061892,1.1084861451933414,2024,0.02274578683473864,50.0
"Hughes, Brandon",Slider,141,0.8615054077779905,0.8470139853446917,1.2081491046225292,2024,0.2919056935668551,47.0
"Hurter, Brant",Sinker,325,0.6858227849271286,0.5675582142028512,0.8902107721401331,2024,-2.16029032663808,72.0
"Hurter, Brant",Sweeper,198,1.0338181604388592,0.7504837758824843,1.2774998578144805,2024,0.4770688674082598,45.0
"Iglesias, Raisel",Four-Seam,272,0.7638061533304238,0.752959909159854,1.0725429896593583,2024,-0.44364541997961227,54.0
"Iglesias, Raisel",Offspeed,283,0.6076157824514734,0.6477623895181615,0.8881402211128571,2024,-1.8070483535081971,68.0
"Iglesias, Raisel",Sinker,168,0.8457212578307542,0.6450307851247514,1.0636301799523584,2024,0.15955372382743543,48.0
"Iglesias, Raisel",Slider,185,0.7550155064595538,0.6919448824656063,1.0241270113441585,2024,-1.3614571608879926,64.0
"Imanaga, Shota",Four-Seam,1343,0.6390265798820869,0.784635194537907,1.0119324870283275,2024,-1.2301151955947276,62.0
"Imanaga, Shota",Offspeed,896,0.685402049008499,0.8512048146503062,1.092852050951505,2024,-0.35882696096195904,54.0
"Imanaga, Shota",Sweeper,196,0.8167576746424929,0.9302328332616939,1.2379120417725529,2024,0.11135300900207186,49.0
"Irvin, Cole",Curveball,516,0.8810846060191893,0.7847680121462923,1.1799029264528642,2024,-0.756634442193908,58.0
"Irvin, Cole",Cutter,195,0.7703493074906638,0.7378910627150261,1.0667339293310472,2024,-0.4895134824228881,55.0
"Irvin, Cole",Four-Seam,405,0.7694818848750982,0.6716870076845411,1.021403841505967,2024,-1.1072167917298719,61.0
"Irvin, Cole",Offspeed,236,0.6306216634132553,0.7376481825790387,0.9704681981539941,2024,-1.2246240859414153,62.0
"Irvin, Cole",Sinker,415,0.7479784245169785,0.660890181974007,0.9981220146718223,2024,-0.7167537748552485,57.0
"Irvin, Jake",Curveball,952,0.8264312393250829,0.7788426869371327,1.13559875146455,2024,-1.095871788284871,61.0
"Irvin, Jake",Cutter,200,0.767317020079147,0.7860393537729226,1.0984686044593608,2024,-0.09847516773208204,51.0
"Irvin, Jake",Four-Seam,1148,0.7804379716243807,0.7509053317461105,1.0830245818068553,2024,-0.3076383738986133,53.0
"Irvin, Jake",Offspeed,105,0.932840207088701,0.9260838486183607,1.3144664874515004,2024,1.2089708946350564,38.0
"Irvin, Jake",Sinker,632,0.764761356263456,0.7176252252961317,1.0487353794047594,2024,-0.03969510806012397,50.0
"Jackson, Jay",Four-Seam,116,0.7734794484602927,0.787477178706995,1.103807394509915,2024,-0.03796474748558889,50.0
"Jackson, Jay",Slider,252,0.8151704579248343,0.7280221544647602,1.0929405898148787,2024,-0.7431954484016734,57.0
"Jackson, Luke",Curveball,141,0.7017001682381865,0.9306471864442669,1.1655416387852169,2024,-0.8665989120459384,59.0
"Jackson, Luke",Four-Seam,290,0.7715126453707611,0.898051202184097,1.1839458280306965,2024,1.001895558786944,40.0
"Jackson, Luke",Slider,477,0.7134166166023976,0.875302549467831,1.1292111502944422,2024,-0.41731937374767053,54.0
"Jansen, Kenley",Cutter,674,0.6306719449274223,0.9229721570717417,1.1178661390561042,2024,0.14054348322929708,49.0
"Jarvis, Bryce",Cutter,125,0.779406635361894,0.7590059501173619,1.0879176143255094,2024,-0.22848568095077604,52.0
"Jarvis, Bryce",Four-Seam,348,0.7324954487752363,0.8440057872001083,1.1175398656440447,2024,0.1402250549855545,49.0
"Jarvis, Bryce",Offspeed,137,1.0344338680075331,0.9435870839626678,1.400146425307795,2024,1.8151084051703283,32.0
"Jarvis, Bryce",Sinker,148,0.8153503255170466,0.7672583412894048,1.119589887235019,2024,0.9081308043467948,41.0
"Jarvis, Bryce",Slider,241,0.8762376483354377,0.8030472889973046,1.1885610479593964,2024,0.11591505732955344,49.0
"Javier, Cristian",Four-Seam,224,0.6422402694875199,0.9478463508898056,1.1449389803157732,2024,0.49575049418385736,45.0
"Javier, Cristian",Offspeed,153,0.6492654887245874,0.8394181444159481,1.0612108631292327,2024,-0.5826706202458694,56.0
"Javier, Cristian",Sweeper,169,0.8293854837342469,1.0130425574614832,1.3092499776044273,2024,0.7703793723672067,42.0
"Jax, Griffin",Four-Seam,325,0.5921724740467753,0.7684919583141971,0.9701794313487936,2024,-1.771894506210716,68.0
"Jax, Griffin",Offspeed,178,0.6468116525838031,0.8104228597802252,1.0368946550024014,2024,-0.7546941560749428,58.0
"Jax, Griffin",Sweeper,400,0.6862133329250117,0.8565128551979675,1.0974985236452155,2024,-1.1857998892377675,62.0
"Jefferies, Daulton",Sinker,103,0.7699890548307767,0.716828846027971,1.052010807481076,2024,0.004120531904453045,50.0
"Jiménez, Dany",Four-Seam,169,0.7396249808963911,1.0437142666773083,1.2792124854111369,2024,2.2380566761052134,28.0
"Jiménez, Dany",Slider,263,0.7842146089657829,1.0557252419370458,1.315122936982847,2024,1.2530215991211018,37.0
"Jiménez, Joe",Four-Seam,495,0.7604083093842153,0.7496436807470385,1.0677951325345738,2024,-0.5052526656794721,55.0
"Jiménez, Joe",Slider,529,0.7264933546174914,0.7041151807685553,1.0117167499315762,2024,-1.4729582576753184,65.0
"Johnson, Pierce",Curveball,645,0.7382824603835912,0.877242069991814,1.1465664571552632,2024,-1.0118919969400224,60.0
"Johnson, Pierce",Four-Seam,214,0.8089366320698497,0.8186824293813189,1.1509211071494907,2024,0.5733733770900655,44.0
"Jones, Jared",Curveball,178,0.7404261240018565,1.087883899815219,1.315949172491697,2024,0.2850725180197743,47.0
"Jones, Jared",Four-Seam,941,0.7599250269617163,0.7886405615630158,1.0951894730799754,2024,-0.14978917459078914,51.0
"Jones, Jared",Offspeed,125,0.6840603976009826,0.8706655053728655,1.1072475106371662,2024,-0.2569871567418335,53.0
"Jones, Jared",Slider,667,0.7371106036016994,0.8492086220374071,1.124494253291111,2024,-0.45969875415065214,55.0
"Joyce, Ben",Four-Seam,246,0.8682715657361304,0.7557271896109855,1.151094738491663,2024,0.5756263827044438,44.0
"Joyce, Ben",Sinker,192,0.7771207652978591,0.76216118146867,1.0884881030102485,2024,0.49207997126576,45.0
"Junis, Jakob",Sinker,342,0.776054010614913,0.6315314752836656,1.0005457669019715,2024,-0.6843310647223526,57.0
"Junis, Jakob",Sweeper,427,0.8608092097921969,0.7233036235526945,1.1243489794132089,2024,-0.9377529277840448,59.0
"Kahnle, Tommy",Four-Seam,147,0.8469659374019693,0.9060309951140366,1.2402594338389563,2024,1.732609659504952,33.0
"Kahnle, Tommy",Offspeed,546,0.8186880530160199,0.8478070731765709,1.1785698797607993,2024,0.24757860681632288,48.0
"Keller, Brad",Four-Seam,280,0.8552330797962175,0.7958532716297919,1.1682491389860155,2024,0.7982184570473149,42.0
"Keller, Brad",Slider,270,0.6488422542300316,0.8477086825199459,1.0675234336041581,2024,-0.9715581476625295,60.0
"Keller, Mitch",Curveball,274,0.8810932569441454,0.8090672308217274,1.1962086404227235,2024,-0.6317814879359311,56.0
"Keller, Mitch",Cutter,351,0.7788941164368619,0.8562229604607879,1.1574946231582226,2024,0.6288502194535491,44.0
"Keller, Mitch",Four-Seam,840,0.7618407406706685,0.6881659426847673,1.0266322023085226,2024,-1.0393746262845125,60.0
"Keller, Mitch",Sinker,645,0.864474616178932,0.7267516270258757,1.129373405655751,2024,1.0390056429088657,40.0
"Keller, Mitch",Slider,270,0.7399924083880436,0.8164794817958495,1.10191991935238,2024,-0.6625198640154212,57.0
"Keller, Mitch",Sweeper,441,1.0028475378599462,0.765066379444325,1.2613602772989976,2024,0.32796994928950685,47.0
"Kelly, Joe",Four-Seam,133,0.7105764127723926,0.8677450270379542,1.1215615321227728,2024,0.19240939591370157,48.0
"Kelly, Joe",Sinker,157,0.8768615705238133,0.8017833850969766,1.188167837672378,2024,1.8255030426806145,32.0
"Kelly, Joe",Slider,118,0.8773209473663206,0.9970018573717196,1.3280454616805846,2024,1.3691251709280743,36.0
"Kelly, Kevin",Sinker,635,0.7577144604015047,0.5456458983926026,0.9337347856507295,2024,-1.578066427544475,66.0
"Kelly, Kevin",Sweeper,288,1.1902954667346501,0.5026305746378076,1.292068416412146,2024,0.6116545416380093,44.0
"Kelly, Merrill",Cutter,288,0.8289636151392978,0.710363263699731,1.0916943902205174,2024,-0.18194781424890008,52.0
"Kelly, Merrill",Four-Seam,233,0.8363830954555912,0.7349287347496024,1.113398817820698,2024,0.08649164557522536,49.0
"Kelly, Merrill",Offspeed,239,0.6143015190765329,0.6603099583784495,0.9018733821737315,2024,-1.7098939406375908,67.0
"Kelly, Merrill",Sinker,158,0.8390765847143655,0.6940552126862102,1.0889270651760035,2024,0.49795200013180724,45.0
"Kelly, Merrill",Slider,135,0.6091543352921693,0.5644290212320423,0.8304511570310478,2024,-3.101555089465045,80.0
"Kelly, Michael",Four-Seam,150,0.8710380404948949,0.8262962412206061,1.2006134874490157,2024,1.2181717781503432,38.0
"Kelly, Michael",Sweeper,254,0.8097791540920086,0.8776549627476606,1.1941610075854792,2024,-0.2928230386722428,53.0
"Kelly, Zack",Cutter,209,0.727579315673476,0.7908796545664406,1.0746451919601259,2024,-0.3920299949429365,54.0
"Kelly, Zack",Four-Seam,286,0.8082616172569774,0.8652082430602103,1.184006818303932,2024,1.002686956390067,40.0
"Kelly, Zack",Offspeed,200,0.841932902644137,0.828935829454929,1.1815183544528256,2024,0.26843741174097857,47.0
"Kelly, Zack",Sweeper,260,0.8742026707769658,0.8496375724961898,1.21906288360806,2024,-0.06277723478456891,51.0
"Kerkering, Orion",Four-Seam,317,0.7945178662462715,0.8379619563231132,1.1547462405348576,2024,0.6230075438548737,44.0
"Kerkering, Orion",Sinker,165,0.8008265410088667,0.7602171672572647,1.1041980303264838,2024,0.7022328133125717,43.0
"Kerkering, Orion",Sweeper,605,0.9050226047808578,0.6855660729054215,1.135370756838175,2024,-0.8359327417989338,58.0
"Kerr, Ray",Curveball,180,0.9645186961667492,1.0204138472693325,1.404115641588757,2024,0.9601637255320811,40.0
"Kerr, Ray",Four-Seam,171,0.6678665617430445,0.7895419289105035,1.0341287162641768,2024,-0.9421013585723178,59.0
"Kershaw, Clayton",Four-Seam,174,0.7196327958717441,1.0142588413852984,1.2436206649225603,2024,1.776224322663333,32.0
"Kershaw, Clayton",Slider,220,0.5340168970507215,0.8361225952170014,0.9921063655516451,2024,-1.6491494992688653,66.0
"Keuchel, Dallas",Sinker,175,0.853704139960378,0.6387665377290668,1.0662239203412518,2024,0.194250377942075,48.0
"Kikuchi, Yusei",Curveball,523,0.6384870306342966,0.9877467041025908,1.1761416750348286,2024,-0.7854343679203621,58.0
"Kikuchi, Yusei",Four-Seam,1374,0.7131082025357686,0.7873038188008926,1.0622479049742877,2024,-0.5772323824817319,56.0
"Kikuchi, Yusei",Offspeed,325,0.8433347233688433,1.17111537341635,1.4431648116177584,2024,2.1194393633568267,29.0
"Kikuchi, Yusei",Slider,701,0.7594608701090859,0.8480514721906349,1.138407709351774,2024,-0.33469207143135804,53.0
"Kimbrel, Craig",Curveball,278,0.8018960970621206,0.7905149548917616,1.1260334117560569,2024,-1.169113654497787,62.0
"Kimbrel, Craig",Four-Seam,633,0.787944522310237,0.8057496493836089,1.126982283676419,2024,0.2627479853165015,47.0
"King, Bryan",Four-Seam,218,0.6923614603817515,0.6766020701667007,0.968067535441519,2024,-1.799298045667034,68.0
"King, Bryan",Sweeper,144,0.7607912597356224,0.8068537790988556,1.1089708570274603,2024,-1.0798174261898932,61.0
"King, John",Offspeed,237,0.6666058328592884,0.6798379285017041,0.9521254882795196,2024,-1.354388471606967,64.0
"King, John",Sinker,505,0.7255150854855046,0.6941107304884481,1.0040726295673266,2024,-0.6371519659452888,56.0
"King, John",Slider,103,0.7558535564549085,0.8377325579951982,1.128321956504752,2024,-0.4253084143899907,54.0
"King, Michael",Four-Seam,685,0.6721989130690896,0.8556320786960131,1.0880981724205432,2024,-0.2418044755097366,52.0
"King, Michael",Offspeed,693,0.841167525729745,0.6630631448449679,1.0710814816782148,2024,-0.5128415295110221,55.0
"King, Michael",Sinker,786,0.8317875466547633,0.7198006254316196,1.099992483220545,2024,0.645974903337303,44.0
"King, Michael",Slider,157,0.8405587488887922,0.7670269297225669,1.1379232492805125,2024,-0.33904474600439743,53.0
"King, Michael",Sweeper,499,1.0847413977813454,0.7555579124065323,1.3219423811425157,2024,0.8876329548900107,41.0
"Kinley, Tyler",Four-Seam,393,0.7341322454033905,0.9921170615925194,1.234198694556107,2024,1.653966717161097,33.0
"Kinley, Tyler",Slider,745,0.7458358014324526,0.9168392384726745,1.1818905329604525,2024,0.055983222391373086,49.0
"Kirby, George",Curveball,241,0.8051407934908204,0.921631423533255,1.2237876360655724,2024,-0.420608945117968,54.0
"Kirby, George",Four-Seam,1023,0.6410839231131759,0.7427413168343951,0.9811489490424335,2024,-1.6295562357026907,66.0
"Kirby, George",Offspeed,302,0.8527895169417948,0.9396042009293155,1.268899528965882,2024,0.8866102175596157,41.0
"Kirby, George",Sinker,686,0.731298097615221,0.6547805855546234,0.9815979435567787,2024,-0.9377974778023224,59.0
"Kirby, George",Sweeper,703,0.8436049127975309,0.7427860186301453,1.1240108177275485,2024,-0.9408768963055815,59.0
"Kittredge, Andrew",Four-Seam,130,0.672361301208311,0.7284357284625331,0.9913063753770952,2024,-1.4977555004591832,65.0
"Kittredge, Andrew",Sinker,383,0.688060724488382,0.7036545768229824,0.9841530999125123,2024,-0.9036169651097861,59.0
"Kittredge, Andrew",Slider,508,0.6827077726714587,0.7398766907694758,1.0067310566432401,2024,-1.5177526621937492,65.0
"Knack, Landon",Curveball,187,0.826201067032108,1.2668318139421555,1.5124387749528792,2024,1.7895946379098608,32.0
"Knack, Landon",Four-Seam,532,0.6874499487492592,0.8175922326779281,1.0681968409289735,2024,-0.5000401777921918,55.0
"Knack, Landon",Offspeed,167,0.7342564571204111,1.1143828362056405,1.3345342447658455,2024,1.3509390235212455,36.0
"Knack, Landon",Slider,256,0.6686480122419046,0.9373517378950003,1.1513984735137646,2024,-0.21797539609212002,52.0
"Kochanowicz, Jack",Sinker,624,0.7550646750700828,0.7241814213517609,1.046212882051137,2024,-0.07343873890248148,51.0
"Kochanowicz, Jack",Slider,121,0.913881867487606,0.9474288501991311,1.316359181193447,2024,1.2641287451187782,37.0
"Koenig, Jared",Curveball,133,0.9520688198165899,0.8375709280369474,1.268053664936791,2024,-0.0816636840851416,51.0
"Koenig, Jared",Cutter,256,0.8907424817695357,0.7053769243189111,1.1362124687709418,2024,0.3666090668045084,46.0
"Koenig, Jared",Sinker,576,0.7528077692839173,0.709251179059176,1.0342904681428031,2024,-0.23292573820294699,52.0
"Kolek, Stephen",Cutter,148,0.6707835601636376,0.8353110623311115,1.0713053511667598,2024,-0.4331838970986336,54.0
"Kolek, Stephen",Four-Seam,103,0.7581394763985182,0.7576768004881594,1.0718440183495888,2024,-0.4527151320805387,55.0
"Kolek, Stephen",Sinker,320,0.7582409273073384,0.6948365807382159,1.0284586417430055,2024,-0.3109385047530846,53.0
"Kopech, Michael",Cutter,120,0.7916331213785969,0.9980381182429257,1.2738771857324003,2024,2.0629295331503745,29.0
"Kopech, Michael",Four-Seam,896,0.6906121564853881,0.8546541267826142,1.0988079118353449,2024,-0.10283703605901733,51.0
"Kopech, Michael",Slider,125,0.8473468831494387,1.1780733975329332,1.4511559772670397,2024,2.4752225412885145,25.0
"Kremer, Dean",Curveball,248,0.8013948134750974,1.1471403109733949,1.3993443250768995,2024,0.9236297250395891,41.0
"Kremer, Dean",Cutter,500,0.84848084930942,0.7712934980109935,1.146653134875089,2024,0.4952601546479304,45.0
"Kremer, Dean",Four-Seam,700,0.6877696515657478,0.8298411320400356,1.0778048979478418,2024,-0.37536794905772913,54.0
"Kremer, Dean",Offspeed,401,0.8345324721384733,1.0017340373797603,1.3038080873727953,2024,1.1335686913697953,39.0
"Kremer, Dean",Sinker,322,0.7032943731695802,0.7587471568293965,1.0345628174879888,2024,-0.22928250117401322,52.0
"Kuhl, Chad",Offspeed,123,0.946850980098654,0.7921595908214042,1.2345216060661377,2024,0.6434056923792368,44.0
"Kuhl, Chad",Sinker,218,0.8958620800518542,0.7357257529444141,1.1592502965367142,2024,1.4386709885064992,36.0
"Kuhl, Chad",Slider,349,0.9299113785760692,0.8149312094138669,1.2364659510402998,2024,0.5463209172412369,45.0
"Kuhl, Chad",Sweeper,101,1.2087085319312796,0.8674951910448511,1.4877917265697547,2024,2.419764347659656,26.0
"La Sorsa, Joe",Sinker,144,0.7749546474190258,0.5645998235831645,0.9588157624624697,2024,-1.2425563737932868,62.0
"Lambert, Peter",Curveball,150,0.9020578323357655,1.2188470316431022,1.5163431074211078,2024,1.819490136136112,32.0
"Lambert, Peter",Four-Seam,399,0.7351981295080392,0.8813613298623614,1.1477430389285181,2024,0.5321353986516858,45.0
"Lambert, Peter",Offspeed,260,0.6974589301200106,1.0603521680640926,1.269171256971403,2024,0.8885325408120617,41.0
"Lambert, Peter",Slider,195,0.7123542717760049,0.9426533077670054,1.181543002671337,2024,0.052860805617467,49.0
"Lange, Alex",Slider,218,0.7109001211921776,0.9167181918159119,1.1600651815813143,2024,-0.1401085870910122,51.0
"Latz, Jacob",Four-Seam,402,0.6588179930704372,0.8645645398289824,1.086974236825813,2024,-0.25638843928865906,53.0
"Latz, Jacob",Offspeed,185,0.6898701797040867,0.9413154101969062,1.1670456573412709,2024,0.16605119604784566,48.0
"Latz, Jacob",Slider,185,0.6786516772765556,1.0017340220790254,1.2099748551358014,2024,0.30830931134105233,47.0
"Law, Derek",Cutter,515,0.761735420749082,0.8563468615368083,1.1461111632331842,2024,0.48858191777914983,45.0
"Law, Derek",Four-Seam,185,0.6399239973451251,0.9638164437097205,1.156911776905835,2024,0.6511071112538908,43.0
"Law, Derek",Sinker,135,0.7113175502268536,0.9433417532052177,1.1814678669354604,2024,1.7358770460957271,33.0
"Law, Derek",Slider,414,0.6803572814721304,0.9618940365852117,1.1781876625013268,2024,0.022714453609813515,50.0
"Lawrence, Justin",Sinker,629,0.938306535107518,0.6286645236476449,1.1294415598509717,2024,1.0399173465428,40.0
"Lawrence, Justin",Sweeper,444,1.1629778007318645,0.6293671509470661,1.3223541037431508,2024,0.8914364858591604,41.0
"Lazar, Max",Four-Seam,121,0.6651095915051028,0.963864986503485,1.1710706558186181,2024,0.83482989588886,42.0
"Leahy, Kyle",Four-Seam,308,0.6929387709604272,0.8586726940288885,1.103396091968327,2024,-0.043301727110420206,50.0
"Leahy, Kyle",Slider,176,0.7180220335968062,0.7755350867846986,1.0568870855321504,2024,-1.0671213623614735,61.0
"Leahy, Kyle",Sweeper,103,0.8141686698211207,1.0731561063898702,1.3470466404694974,2024,1.1195483942184896,39.0
"Leasure, Jordan",Four-Seam,335,0.7604531454075408,0.886995419680468,1.168353482852836,2024,0.7995724022212175,42.0
"Leasure, Jordan",Slider,161,0.6461974986182105,0.835167120640642,1.0559712716829055,2024,-1.0753495732950722,61.0
"Leclerc, José",Cutter,188,0.7621159879449408,0.7776988985140825,1.0888693015377513,2024,-0.21675888172931984,52.0
"Leclerc, José",Four-Seam,419,0.8332236387759441,0.8917992971245771,1.2204784383867315,2024,1.475935413632752,35.0
"Leclerc, José",Offspeed,123,0.7038186594707811,0.6885225874889673,0.9845933469721142,2024,-1.1246965795172663,61.0
"Leclerc, José",Slider,384,0.8357714041659642,0.8291967498194824,1.1773194510975944,2024,0.014913931079218262,50.0
"Lee, Dylan",Four-Seam,284,0.6868424057076054,0.7716413178101783,1.033045407341826,2024,-0.9561581587653402,60.0
"Lee, Dylan",Offspeed,104,0.5716741483099679,0.8353862996924482,1.0122655785710428,2024,-0.9289310597002162,59.0
"Lee, Dylan",Slider,468,0.5615217754712535,0.9059267916224198,1.0658377250349511,2024,-0.9867035461421951,60.0
"Leiter Jr., Mark",Curveball,173,0.8016316005976024,0.9481461549096598,1.2416095820130604,2024,-0.2841461930861991,53.0
"Leiter Jr., Mark",Offspeed,368,0.80732697021309,1.051896622278203,1.3259952265350505,2024,1.290530258268516,37.0
"Leiter Jr., Mark",Sinker,290,0.7505026758504298,0.762038203357591,1.0695590165274287,2024,0.23886420255857949,48.0
"Leiter, Jack",Four-Seam,344,0.7363476944364307,0.8695014042646568,1.139403624322855,2024,0.42392482046849955,46.0
"Leiter, Jack",Slider,195,0.7213613246860269,0.8920990295429012,1.14725883708262,2024,-0.25516832757263,53.0
"Liberatore, Matthew",Cutter,175,0.6077467450612014,1.029016245423648,1.195085996687379,2024,1.0920554450409663,39.0
"Liberatore, Matthew",Four-Seam,380,0.7000044854355361,0.8277732379668687,1.0840732508110438,2024,-0.2940310543645834,53.0
"Liberatore, Matthew",Sinker,279,0.5872041366251048,0.8141774125536118,1.003839408063924,2024,-0.6402717869845527,56.0
"Liberatore, Matthew",Slider,373,0.7147922397262996,0.9926897820545125,1.2232583330467752,2024,0.4276558993768325,46.0
"Littell, Zack",Four-Seam,553,0.6441129029837439,0.7499702541635077,0.9886034664718824,2024,-1.5328279065260242,65.0
"Littell, Zack",Offspeed,576,0.7065798114631372,0.8956229452375506,1.14078722380787,2024,-0.019712495321617333,50.0
"Littell, Zack",Sinker,364,0.7349495677425864,0.7547750911272529,1.0534876863595357,2024,0.02387684823995185,50.0
"Littell, Zack",Slider,866,0.6956267826057707,0.8123541158234036,1.0694932585919745,2024,-0.9538600799652668,60.0
"Littell, Zack",Sweeper,126,0.900616720532091,0.9140738854604913,1.2832153152853256,2024,0.5298687852648146,45.0
"Little, Brendon",Curveball,221,0.8911093327477285,1.0514859176043003,1.3782954972828791,2024,0.7624587184459082,42.0
"Little, Brendon",Sinker,397,0.8375846276500237,0.7722832803925057,1.1392846324116894,2024,1.1715888451734833,38.0
"Little, Luke",Four-Seam,316,0.8543182330085313,0.7211864393590358,1.1180203591912732,2024,0.14645984327915632,49.0
"Little, Luke",Sweeper,115,1.235600702975895,0.9702798683531122,1.5710353656509006,2024,3.1887766844648318,20.0
"Lively, Ben",Curveball,207,0.7492567305485908,0.8909979480644794,1.1641576318211706,2024,-0.8771962620604304,59.0
"Lively, Ben",Four-Seam,736,0.8168937220733781,0.7365045362047717,1.0998883056988575,2024,-0.08881806108721547,51.0
"Lively, Ben",Offspeed,218,0.7075641830465624,0.7540660536472358,1.0340515878782186,2024,-0.7748072615702712,58.0
"Lively, Ben",Sinker,717,0.7922758423639632,0.6904571617460643,1.050919646119511,2024,-0.010476013111230358,50.0
"Lively, Ben",Slider,111,0.8215310956363625,0.7667559522162408,1.12375621526936,2024,-0.466329722359956,55.0
"Lively, Ben",Sweeper,415,0.9305559864144426,0.7421722057647888,1.1902747694803617,2024,-0.3287244610462026,53.0
"Lodolo, Nick",Curveball,509,1.0721851988841307,0.8030374529666922,1.3395709206956663,2024,0.46594439234893553,45.0
"Lodolo, Nick",Four-Seam,516,0.6727071633764488,0.7549213295171802,1.0111583166932738,2024,-1.2401606752272596,62.0
"Lodolo, Nick",Offspeed,306,0.7524869910958935,0.663996236810583,1.0035575091977373,2024,-0.9905357669813624,60.0
"Lodolo, Nick",Sinker,532,0.7385037732153689,0.6282857898508882,0.9696034533673503,2024,-1.0982486467651467,61.0
"Long, Sam",Curveball,156,0.7333298273668104,1.166251044425545,1.3776480444327972,2024,0.7575011679071889,42.0
"Long, Sam",Four-Seam,269,0.6557708736021647,0.9190695548515393,1.1290368839501892,2024,0.2894080680768704,47.0
"Long, Sam",Slider,216,0.6906068125027105,1.0625046424362268,1.2672229025209765,2024,0.8226594817498816,42.0
"Lorenzen, Michael",Curveball,165,0.8326669661589423,1.1272481434038162,1.4014359255205668,2024,0.9396451227708306,41.0
"Lorenzen, Michael",Cutter,209,0.7023110320440775,0.8940743246684151,1.1369299379302578,2024,0.37544980425548713,46.0
"Lorenzen, Michael",Four-Seam,565,0.784791865011783,0.8200391605825786,1.135060569431276,2024,0.3675702076902944,46.0
"Lorenzen, Michael",Offspeed,394,0.75345901785504,0.939027979009322,1.2039410438013205,2024,0.42706536410945645,46.0
"Lorenzen, Michael",Sinker,446,0.7598116446796834,0.75592504301815,1.0717912138345032,2024,0.26872446853232135,47.0
"Lorenzen, Michael",Slider,183,0.7652303474962098,0.9313429362743555,1.2053950181070552,2024,0.26716135846274525,47.0
"Lorenzen, Michael",Sweeper,130,0.8639548134645884,0.9925467643689591,1.315890192671076,2024,0.831722285311158,42.0
"Lovelady, Richard",Four-Seam,104,0.7837817156982056,0.7992464392013394,1.1194233553213204,2024,0.16466484082395824,48.0
"Lovelady, Richard",Sinker,181,0.7966559764186449,0.7737521619191277,1.110564339801197,2024,0.7873953988885023,42.0
"Lovelady, Richard",Slider,197,0.8083719174707049,0.7701307817713362,1.116497459910677,2024,-0.531546655097849,55.0
"Lowder, Rhett",Four-Seam,136,0.7656435856041979,0.937616883525407,1.2105104379759595,2024,1.3465926313411287,37.0
"Lowder, Rhett",Sinker,129,0.7362235564903388,0.6681149926701238,0.9941844741102541,2024,-0.7694265417644234,58.0
"Lowder, Rhett",Slider,136,0.8668490612842402,0.7836946995137455,1.1685908938098517,2024,-0.06350856773837962,51.0
"Lucas, Easton",Four-Seam,131,0.8011159155326983,0.7534468301734798,1.099758535324122,2024,-0.09050193554905749,51.0
"Lugo, Seth",Curveball,830,0.9064860145410526,0.846696308564343,1.2404078093494117,2024,-0.2933481739182168,53.0
"Lugo, Seth",Cutter,276,0.7558875458976484,0.8058943828109738,1.1049125478016122,2024,-0.019072157166240732,50.0
"Lugo, Seth",Four-Seam,746,0.7548866700271619,0.8501209278743389,1.1369078575656975,2024,0.3915402495396261,46.0
"Lugo, Seth",Offspeed,293,0.7666219641548658,0.8070523156739614,1.113122938475067,2024,-0.2154217997621406,52.0
"Lugo, Seth",Sinker,576,0.7524840059280166,0.7281686321058539,1.0471206883451332,2024,-0.06129494798155646,51.0
"Lugo, Seth",Slider,279,0.7846139294204129,0.8493071143077588,1.156261904870308,2024,-0.1742794647675252,52.0
"Lugo, Seth",Sweeper,112,0.935350742082595,0.967561087512458,1.3457546094228143,2024,1.1076124934649674,39.0
"Luzardo, Jesús",Four-Seam,386,0.6579689335173573,0.8130575836440569,1.0459377380107675,2024,-0.7888698511582825,58.0
"Luzardo, Jesús",Offspeed,252,0.6456097943704016,0.7852699166256748,1.0165927643576294,2024,-0.8983186469705953,59.0
"Luzardo, Jesús",Sinker,127,0.6402545199547514,0.8279410877193162,1.046619460480424,2024,-0.06799990963805204,51.0
"Luzardo, Jesús",Slider,318,0.8284508704763683,0.9926564852324588,1.2929415077516504,2024,1.0537305765257736,39.0
"Lynch IV, Daniel",Four-Seam,224,0.7307000149228252,0.8170267016178956,1.0961090926385177,2024,-0.1378563748867359,51.0
"Lynch IV, Daniel",Offspeed,134,0.8240334784452222,0.7241371535316294,1.0969985372476225,2024,-0.3294928957901006,53.0
"Lynch IV, Daniel",Slider,169,0.8527328163386362,0.8789529697349197,1.2246271183779398,2024,0.43995387285356496,46.0
"Lynn, Lance",Curveball,127,0.9735138488501367,1.0227836394006138,1.4120253492514119,2024,1.0207284067735698,40.0
"Lynn, Lance",Cutter,454,0.9638766550621778,0.855789528727925,1.2889662228523353,2024,2.248858382959903,28.0
"Lynn, Lance",Four-Seam,964,0.7746027918202842,0.7698278471813647,1.0920825973302903,2024,-0.1901033737419418,52.0
"Lynn, Lance",Offspeed,128,0.9252455215800061,0.9193865353119935,1.3043584156652837,2024,1.137461955411904,39.0
"Lynn, Lance",Sinker,340,0.7682026363494484,0.7833515850559786,1.0971668042298568,2024,0.6081755896516562,44.0
"López, Jorge",Curveball,105,0.8355891425450575,0.9446694138821632,1.2611936872121006,2024,-0.13419057659992029,51.0
"López, Jorge",Four-Seam,159,0.781687140690927,0.7523786135988794,1.0849462494163151,2024,-0.2827031988379646,53.0
"López, Jorge",Sinker,291,0.7997669499689972,0.7278127935531881,1.08135962414102,2024,0.3967217901816983,46.0
"López, Jorge",Slider,152,0.7216585009921015,0.8999009098938919,1.153521841874709,2024,-0.19889780431079143,52.0
"López, Pablo",Curveball,297,0.7611357992216993,0.9719910043652805,1.2345421084045216,2024,-0.3382618828865621,53.0
"López, Pablo",Four-Seam,1205,0.686727723753718,0.7554057068833901,1.0208980108531691,2024,-1.113780349244432,61.0
"López, Pablo",Offspeed,599,0.64967110326391,0.7140314718389895,0.9653566621682887,2024,-1.260785336461735,63.0
"López, Pablo",Sinker,231,0.6615398371744551,0.6988847123708934,0.9623278014037374,2024,-1.1955755730531241,62.0
"López, Pablo",Sweeper,654,0.8427397839554455,0.7635412761994017,1.1371919907920043,2024,-0.819108016280412,58.0
"López, Reynaldo",Curveball,244,0.6713565385622017,0.9049472948875249,1.126787117602287,2024,-1.1633425241003517,62.0
"López, Reynaldo",Four-Seam,1155,0.6910079188656476,0.7089640387074405,0.9900110868648889,2024,-1.5145629054687262,65.0
"López, Reynaldo",Slider,614,0.799054407022224,0.8293783383402906,1.1516754636136604,2024,-0.21548675391845082,52.0
"Madden, Ty",Four-Seam,167,0.7259211517442875,0.7992935501603512,1.0797368651100558,2024,-0.3502991290578054,54.0
"Maeda, Kenta",Four-Seam,441,0.876238022844339,0.7830805273667739,1.1751630461426115,2024,0.8879319353065749,41.0
"Maeda, Kenta",Offspeed,609,0.6964140716136472,0.7643018664584063,1.033997051356193,2024,-0.7751930768792104,58.0
"Maeda, Kenta",Sinker,140,0.6841367910518714,0.7096432660767512,0.9857163455877308,2024,-0.8827053138429439,59.0
"Maeda, Kenta",Slider,444,0.9310845690633722,0.8615125836642354,1.2685118866450373,2024,0.834240474188004,42.0
"Maeda, Kenta",Sweeper,260,0.8824493190733508,0.7992121600227616,1.1905699800773026,2024,-0.3259972786030865,53.0
"Mahle, Tyler",Four-Seam,121,0.7697351874034564,0.7524799118966732,1.0764377717894609,2024,-0.3931075050149662,54.0
"Maldonado, Anthony",Slider,184,0.8245884860553311,0.8531800660071965,1.1865337737995776,2024,0.09770083243988034,49.0
"Manaea, Sean",Cutter,209,0.896842081850689,0.8056899181426328,1.2055961031684534,2024,1.221562185190748,38.0
"Manaea, Sean",Four-Seam,928,0.7452903862101284,0.6495780722386392,0.9886401932505623,2024,-1.5323513471817911,65.0
"Manaea, Sean",Offspeed,350,0.8103440231274237,0.9233354950309993,1.228497404231071,2024,0.6007878428029013,44.0
"Manaea, Sean",Sinker,752,0.7492656935596896,0.6899592356035713,1.0185493735406974,2024,-0.4434955073031243,54.0
"Manaea, Sean",Slider,190,0.8615003476321156,0.8672548952216389,1.2224213276346876,2024,0.42013574985201435,46.0
"Manaea, Sean",Sweeper,567,1.080785263252548,0.9077223912253073,1.4114023964821902,2024,1.7140727430392015,33.0
"Manning, Matt",Four-Seam,211,0.720455324253294,0.789722265792733,1.0689794812500972,2024,-0.48988479331223533,55.0
"Manning, Matt",Sweeper,148,0.7930588312432757,0.9241233667838054,1.2177628286529303,2024,-0.07478726113679054,51.0
"Manoah, Alek",Four-Seam,109,0.7519477250913936,1.0236098151519977,1.2701190632951027,2024,2.1200622470751953,29.0
"Manoah, Alek",Sinker,107,0.8550675475713079,0.879516753731105,1.226658155723636,2024,2.340390830951804,27.0
"Manoah, Alek",Slider,120,0.9015314658624539,0.9084082051101103,1.279829852383307,2024,0.9359277433972549,41.0
"Mantiply, Joe",Curveball,230,1.0273390254590375,0.7434330913140117,1.2681160177569846,2024,-0.08118624814937904,51.0
"Mantiply, Joe",Offspeed,229,0.9218404594379453,0.5864244408275968,1.092558216964534,2024,-0.36090567163600185,54.0
"Mantiply, Joe",Sinker,368,0.7910712149548396,0.5258236380306134,0.949886396071591,2024,-1.3620051584341395,64.0
"Marinaccio, Ron",Four-Seam,201,0.8887004113019069,0.7541501387844026,1.1655603171336575,2024,0.7633288417645283,42.0
"Marinaccio, Ron",Offspeed,134,1.0111194838403728,0.9017442786219025,1.3548082353709536,2024,1.4943661372827772,35.0
"Marsh, Alec",Curveball,355,0.816325232658594,0.9163556340494049,1.2272304321231586,2024,-0.39424743408619634,54.0
"Marsh, Alec",Four-Seam,799,0.7987161063408168,0.827406527268822,1.150021295409475,2024,0.5616975996827416,44.0
"Marsh, Alec",Offspeed,216,0.6922901442117791,0.8465154580658207,1.0935511256988182,2024,-0.3538813991698249,54.0
"Marsh, Alec",Sinker,299,0.7075027761258432,0.8207797400148461,1.083623347775699,2024,0.4270037861362363,46.0
"Marsh, Alec",Slider,386,0.8456629538616968,0.8670134794900367,1.2111392179066414,2024,0.318770632153792,47.0
"Marsh, Alec",Sweeper,106,0.9054003378066438,0.8136500040788692,1.2172822601344064,2024,-0.07922679698006113,51.0
"Marte, José",Slider,120,0.9594350605168993,0.7538697173839258,1.2201783419392374,2024,0.39998344549624787,46.0
"Marte, Yunior",Sinker,182,0.775412191657566,0.7018891753759209,1.0459027112887127,2024,-0.07758791578479053,51.0
"Marte, Yunior",Slider,201,0.9027239889883969,0.8689653102191257,1.2530009220504765,2024,0.6948808340462223,43.0
"Martin, Chris",Cutter,299,0.5858895752503158,0.7320767899147681,0.9376582643580267,2024,-2.0799986628939062,71.0
"Martin, Chris",Four-Seam,204,0.6795678117788004,0.7322554982192466,0.9990047674952028,2024,-1.3978627020347476,64.0
"Martin, Davis",Four-Seam,254,0.8315720689736222,0.8336030865109897,1.177457520141478,2024,0.9177045716106909,41.0
"Martin, Davis",Offspeed,176,0.735695583346196,0.8341298930169353,1.1122143092855548,2024,-0.22184984171350544,52.0
"Martin, Davis",Slider,155,0.6778994224823884,0.7441896670113329,1.0066607608764704,2024,-1.518384240758757,65.0
"Martin, Davis",Sweeper,239,0.7370893559284806,0.8938468075310018,1.1585606734031784,2024,-0.6217021756581823,56.0
"Martinez, Justin",Four-Seam,139,0.8110488287129335,0.8998883571890942,1.2114451114107927,2024,1.3587207671370254,36.0
"Martinez, Justin",Offspeed,256,0.8369783717491858,1.185727279508803,1.4513724457034678,2024,2.177503771625195,28.0
"Martinez, Justin",Sinker,527,0.7638310499684533,0.7448898060533159,1.0669108191681516,2024,0.20343907358437913,48.0
"Martinez, Justin",Slider,255,0.7059317398386878,0.8401330110412962,1.097343655175074,2024,-0.7036357162923809,57.0
"Martinez, Nick",Curveball,253,0.5690432733667595,1.0873230928855082,1.2272252259817935,2024,-0.39428729754332076,54.0
"Martinez, Nick",Cutter,435,0.7117777991771506,0.7001547791070191,0.9984209283202485,2024,-1.3312741331535058,63.0
"Martinez, Nick",Four-Seam,479,0.6213481063657942,0.8097908814328046,1.020703062078329,2024,-1.1163099656070987,61.0
"Martinez, Nick",Offspeed,460,0.6037204330672036,0.9123704973219887,1.0940284665795605,2024,-0.3505044801340622,54.0
"Martinez, Nick",Sinker,368,0.6984908781299328,0.7727628700075574,1.0416582741441849,2024,-0.1343660606390805,51.0
"Martinez, Nick",Slider,130,0.5691707485218694,0.7951327471580741,0.9778504111448186,2024,-1.7772333888233331,68.0
"Martinez, Seth",Four-Seam,273,0.8372989198916234,0.6232444764664417,1.0437926799406134,2024,-0.8167036962162142,58.0
"Martinez, Seth",Offspeed,122,0.9140514956613075,0.765203142588471,1.1920679452732321,2024,0.3430698505246299,47.0
"Martinez, Seth",Sinker,176,0.7693006791815169,0.5450180854769089,0.9427980952919126,2024,-1.4568258742876492,65.0
"Martinez, Seth",Sweeper,267,0.9996197838174994,0.6129653387780545,1.1725895354908464,2024,-0.4921022670544913,55.0
"Maton, Phil",Curveball,307,1.0628594318647757,0.7384887467671064,1.2942317416156834,2024,0.11878201342881854,49.0
"Maton, Phil",Cutter,379,0.8161308289972856,0.7432611403103121,1.1038598881810961,2024,-0.03204315000877969,50.0
"Maton, Phil",Sweeper,240,0.8828553841331076,0.8166785665440869,1.2026626752108514,2024,-0.2142838570663637,52.0
"Matsui, Yuki",Four-Seam,422,0.6827769719387812,0.8810415012909644,1.1146382912886708,2024,0.10257480571946077,49.0
"Matsui, Yuki",Offspeed,253,0.6673788077928515,1.0543853870219677,1.2478473534276828,2024,0.7376778818070157,43.0
"Matsui, Yuki",Slider,283,0.7694682442103923,0.9638550807964283,1.233328016233035,2024,0.518127863039943,45.0
"Matthews, Zebby",Cutter,116,0.6383555045866198,0.7089631106711168,0.9540054730076261,2024,-1.8785664788746337,69.0
"Matthews, Zebby",Four-Seam,307,0.7155609287159553,0.7547499151038701,1.0400359979607146,2024,-0.8654496512163593,59.0
"Matthews, Zebby",Slider,186,0.7646823828596981,0.8140110065095395,1.1168496162754677,2024,-0.5283826749358356,55.0
"Matz, Steven",Offspeed,194,0.7733269319954132,0.802333118509605,1.1143486782900522,2024,-0.20675037797300153,52.0
"Matz, Steven",Sinker,450,0.7350286095303094,0.6646255112503714,0.9909561680684356,2024,-0.8126118268410728,58.0
"Matzek, Tyler",Four-Seam,117,0.6728965039989062,0.9165892543741154,1.1370688485435028,2024,0.3936292363108029,46.0
"Mayza, Tim",Sinker,524,0.797651106389421,0.8432657641587026,1.1607516687588384,2024,1.4587549540843328,35.0
"Mayza, Tim",Slider,187,0.8113726045885901,1.0137949554060874,1.2985013342633511,2024,1.1036833320232011,39.0
"Mazur, Adam",Four-Seam,231,0.7011462209976073,0.7827303489384452,1.050843862031142,2024,-0.7252089658339558,57.0
"Mazur, Adam",Slider,196,0.7816003173085612,0.8649379653818566,1.1657687334869422,2024,-0.08886451801635252,51.0
"McArthur, James",Curveball,304,0.8326695851229031,0.8057654884460116,1.1587047338987562,2024,-0.9189491356935071,59.0
"McArthur, James",Sinker,322,0.8378626113711004,0.6809789704357867,1.0796972324264722,2024,0.3744838551247844,46.0
"McArthur, James",Slider,195,0.8782957700174636,0.7396924264364201,1.1482806039283115,2024,-0.24598817252448357,52.0
"McCaughan, Darren",Four-Seam,139,0.76809599964196,0.8220068003643541,1.1250185085194042,2024,0.23726643112946852,48.0
"McCaughan, Darren",Sinker,225,0.7894635041144181,0.7825175048770179,1.1115692824865078,2024,0.8008385903916192,42.0
"McCaughan, Darren",Sweeper,271,0.9217749846233178,0.7828617800456025,1.209355898374621,2024,-0.1524512504823142,52.0
"McFarland, T.J.",Offspeed,103,0.8159538338908372,0.6234501810079864,1.0268742801531485,2024,-0.8255826886500184,58.0
"McFarland, T.J.",Sinker,411,0.8134360097064598,0.5169913646464064,0.9638247833533444,2024,-1.1755503364705477,62.0
"McFarland, T.J.",Sweeper,321,1.0229087096546985,0.563057358774545,1.1676368517469835,2024,-0.5378556115906706,55.0
"McGough, Scott",Four-Seam,288,0.6581002716158258,0.9752803502529093,1.176549076362844,2024,0.905916786594442,41.0
"McGough, Scott",Offspeed,185,0.7320724694253937,0.9468815551551479,1.1968770947693943,2024,0.3770918862115004,46.0
"McGreevy, Michael",Sinker,112,0.762763187082686,0.6015081744323243,0.9714009282873082,2024,-1.0742036938297739,61.0
"McKenzie, Triston",Curveball,347,0.6996322827678197,1.3518155140714794,1.5221335405197693,2024,1.863827518733245,31.0
"McKenzie, Triston",Four-Seam,683,0.6741191568339623,1.0448920802704689,1.2434774211952866,2024,1.7743656206701648,32.0
"McKenzie, Triston",Slider,274,0.6603382329679827,1.6422981744575598,1.770081883909869,2024,5.340640698275459,20.0
"McMillon, John",Slider,109,0.7661431418726288,0.9461803733375759,1.2174697584448237,2024,0.37564793632953775,46.0
"Means, John",Four-Seam,120,0.7445588266101499,0.7939348879669307,1.0884394574867937,2024,-0.23737602865938123,52.0
"Mears, Nick",Curveball,177,0.6854603298257459,1.1134096040719446,1.3074925660226389,2024,0.22032022918343722,48.0
"Mears, Nick",Four-Seam,619,0.6473136817724231,0.8284197083064879,1.0513297369143406,2024,-0.7189043503996895,57.0
"Mears, Nick",Slider,232,0.5799072149341505,0.9184396198831313,1.0861969035601942,2024,-0.8037846969911183,58.0
"Medina, Luis",Four-Seam,300,0.7196460930576041,0.9001100732797312,1.1524272832906712,2024,0.5929172178498456,44.0
"Medina, Luis",Sinker,108,0.7332506381086512,0.8481637205330562,1.1211771470714254,2024,0.9293636947970797,41.0
"Medina, Luis",Slider,181,1.021865881661929,0.9054656419921909,1.365312385109372,2024,1.7039531570643038,33.0
"Megill, Trevor",Curveball,190,0.6481113529394413,1.1509652300537487,1.3208971521665385,2024,0.32295922946058087,47.0
"Megill, Trevor",Four-Seam,476,0.6609207692070183,0.841643591951722,1.0701309261219365,2024,-0.47494387464833077,55.0
"Megill, Tylor",Cutter,171,0.7035893297849589,0.83423018965623,1.0913193640365395,2024,-0.18656892999546706,52.0
"Megill, Tylor",Four-Seam,612,0.7656364350534054,0.7972085827550613,1.1053237874485562,2024,-0.018288335602692603,50.0
"Megill, Tylor",Offspeed,123,1.2134481454472872,0.904897494893541,1.5137027046134477,2024,2.618455398248469,24.0
"Megill, Tylor",Sinker,103,0.7448331258049854,0.6319070477153366,0.976771673549524,2024,-1.0023588432429937,60.0
"Megill, Tylor",Slider,136,0.7598109983251261,0.8544217016674299,1.1433937193530894,2024,-0.28989482137701184,53.0
"Mercado, Michael",Four-Seam,123,0.7480167395184243,0.9246105469086983,1.1892996704172487,2024,1.0713659482021722,39.0
"Merryweather, Julian",Four-Seam,119,0.6774018706186196,0.8352730319331423,1.0754321606649064,2024,-0.40615611410337665,54.0
"Merryweather, Julian",Slider,117,0.6340460836334754,0.9972508847836867,1.181746065520336,2024,0.054685241834193245,49.0
"Meyer, Max",Four-Seam,383,0.6377517310275045,0.9640197949164744,1.155881237592937,2024,0.6377350389727663,44.0
"Meyer, Max",Offspeed,173,0.7653194221658359,0.9223522076583199,1.1985188412855368,2024,0.38870632211239475,46.0
"Meyer, Max",Slider,393,0.7562972543069402,0.9206053262189231,1.1914275905546532,2024,0.1416697640784913,49.0
"Mikolas, Miles",Curveball,328,0.8172675062939684,0.9260609777201405,1.2351174483829237,2024,-0.333856501059124,53.0
"Mikolas, Miles",Four-Seam,755,0.6389708540371243,0.7925494440888682,1.0180463514175109,2024,-1.1507829124824516,62.0
"Mikolas, Miles",Offspeed,230,0.6794430959724251,0.7829572395566221,1.0366604842660494,2024,-0.7563507827103483,58.0
"Mikolas, Miles",Sinker,623,0.7382835080338725,0.6908606646689514,1.011113740496897,2024,-0.5429625121540601,55.0
"Mikolas, Miles",Slider,656,0.6354765203242374,0.75324099676062,0.9854960208363772,2024,-1.7085407289449297,67.0
"Mikolas, Miles",Sweeper,111,0.7294347174715836,0.8646151619352953,1.1312092579630197,2024,-0.8743770482939401,59.0
"Miller, Bobby",Curveball,200,0.72369093134116,0.9666782381905104,1.2075576095145708,2024,-0.5448823603344771,55.0
"Miller, Bobby",Four-Seam,387,0.7478095952949855,0.8536373986463954,1.1348638681282592,2024,0.365017850872061,46.0
"Miller, Bobby",Offspeed,210,0.836455305416714,1.243538877802413,1.4986815600940224,2024,2.512189224717088,25.0
"Miller, Bobby",Sinker,155,0.7700614859226285,0.8107891064686494,1.1182010853462796,2024,0.8895527003184628,41.0
"Miller, Bobby",Slider,101,0.7774472832524552,1.0168324772259927,1.2799892831497348,2024,0.9373601632897425,41.0
"Miller, Bryce",Curveball,123,0.6518150687888753,0.8827222942672712,1.0972973766015852,2024,-1.3891456561218063,64.0
"Miller, Bryce",Four-Seam,1157,0.7090110672284455,0.7736778312297904,1.0494160661953156,2024,-0.7437357594073801,57.0
"Miller, Bryce",Offspeed,469,0.768228809391914,0.9142206551197015,1.1941419136045825,2024,0.3577420133756606,46.0
"Miller, Bryce",Sinker,475,0.7319261790265786,0.6736267754887756,0.9947305988054517,2024,-0.7621209919361244,58.0
"Miller, Bryce",Slider,229,0.7655506112165931,0.8739490771957557,1.161832487007233,2024,-0.12423007439922223,51.0
"Miller, Bryce",Sweeper,233,0.9293823059394041,0.9213217815306177,1.3086578222423138,2024,0.764908987076545,42.0
"Miller, Erik",Four-Seam,631,0.747673175292634,0.8805877897361977,1.155183982093178,2024,0.6286875908798152,44.0
"Miller, Erik",Offspeed,430,0.7854640052781925,0.8114260822770362,1.1293210307911208,2024,-0.10082938060865178,51.0
"Miller, Erik",Sweeper,208,0.8537663421655033,1.0024735196590289,1.3167650225580205,2024,0.8398040436664171,42.0
"Miller, Mason",Four-Seam,646,0.7416206330287378,0.811595338151235,1.0994035456750006,2024,-0.09510821032934892,51.0
"Miller, Mason",Slider,358,0.9416650405736136,0.8823260105199571,1.2904387771136485,2024,1.0312445706453874,40.0
"Miller, Shelby",Four-Seam,515,0.7183765191760098,0.9062959916120342,1.1564762201253773,2024,0.6454554134701005,44.0
"Miller, Shelby",Offspeed,160,0.7165814279095439,0.8981922675819665,1.149016228070307,2024,0.03850309496258114,50.0
"Miller, Shelby",Slider,175,0.7107037727809127,0.9982697717829032,1.2254151908233033,2024,0.447034379789286,46.0
"Miller, Tyson",Four-Seam,442,0.795302907394072,0.6523773891717058,1.02864132350006,2024,-1.0133046710110676,60.0
"Miller, Tyson",Sweeper,409,0.8698716684538038,0.6505616112993491,1.0862353012469306,2024,-1.289850565926928,63.0
"Milner, Hoby",Four-Seam,224,0.7277155733193337,0.6248753233896599,0.9591866999874521,2024,-1.9145339926340685,69.0
"Milner, Hoby",Offspeed,143,0.7531946113148574,0.5607721291565942,0.9390247618420715,2024,-1.4470687641897773,64.0
"Milner, Hoby",Sinker,333,0.8835103850467714,0.5417360591418999,1.0363727892317949,2024,-0.20507037731573344,52.0
"Milner, Hoby",Sweeper,337,0.9081317249470717,0.5605437171132222,1.0671984298388244,2024,-1.4657149217936467,65.0
"Minter, A.J.",Cutter,180,0.7242922551652379,0.8667346812170034,1.1295256874089612,2024,0.2842137782464133,47.0
"Minter, A.J.",Four-Seam,249,0.7895432523587363,0.7516268974782044,1.090101619280479,2024,-0.21580814922974428,52.0
"Mize, Casey",Curveball,149,0.9987609795071172,1.372523738836936,1.697452475875816,2024,3.2062457076593596,20.0
"Mize, Casey",Four-Seam,684,0.6858252077903709,0.8323953504465398,1.0785352266318071,2024,-0.36589134993265626,54.0
"Mize, Casey",Offspeed,325,0.7601108637134326,1.0003209440139025,1.2563480871828656,2024,0.7978158058649414,42.0
"Mize, Casey",Sinker,150,0.5898562327004423,0.6808959220723677,0.9008604952767871,2024,-2.017828204495312,70.0
"Mize, Casey",Slider,466,0.7983697338835803,0.8808082039096969,1.1887881745946016,2024,0.11795569677243556,49.0
"Mlodzinski, Carmen",Cutter,176,0.691455278014628,0.6578856624124853,0.9544233580032505,2024,-1.873417251924528,69.0
"Mlodzinski, Carmen",Four-Seam,345,0.8744254314494091,0.7317763486765892,1.14022649488947,2024,0.4346022245782412,46.0
"Mlodzinski, Carmen",Slider,230,0.89629796647037,0.8171241184123426,1.2128651489716689,2024,0.3342774132224625,47.0
"Mlodzinski, Carmen",Sweeper,112,1.0022767081453872,0.7090463270016799,1.2277236226143597,2024,0.017231462759299637,50.0
"Molina, Anthony",Four-Seam,506,0.7382541624731928,0.8668563774800425,1.1386216173895598,2024,0.4137776547024926,46.0
"Molina, Anthony",Offspeed,235,0.7010058897675446,1.1464067231084423,1.3437476073567622,2024,1.4161183969456719,36.0
"Molina, Anthony",Slider,222,0.6335037974196946,0.8993116029925385,1.1000401904576862,2024,-0.679408455355544,57.0
"Moll, Sam",Four-Seam,238,0.7953801917757225,0.7064806113554697,1.0638348103396427,2024,-0.5566410154341636,56.0
"Moll, Sam",Sinker,177,0.8092658663636748,0.5948219420919912,1.0043527195440043,2024,-0.6334051819250458,56.0
"Moll, Sam",Sweeper,153,0.9908648174618427,0.6851928425169039,1.2047000945961968,2024,-0.1954619907968062,52.0
"Montas, Frankie",Cutter,494,0.8267526873060794,0.8358460870148401,1.175652451681977,2024,0.8525930696848605,41.0
"Montas, Frankie",Four-Seam,869,0.7846693835580903,0.7838210127815348,1.109090357712709,2024,0.030585927798814794,50.0
"Montas, Frankie",Offspeed,483,0.713146962753357,0.8834404551238197,1.135361452680916,2024,-0.0580967832414117,51.0
"Montas, Frankie",Sinker,508,0.7816734820816239,0.7324411103395507,1.0712065219671902,2024,0.26090300283333734,47.0
"Montas, Frankie",Slider,165,0.6748448884358911,0.7007315877130761,0.9728516749571533,2024,-1.8221449784301476,68.0
"Montas, Frankie",Sweeper,114,0.7360444168670714,0.7794421237948064,1.0720500958196617,2024,-1.4208947885737993,64.0
"Montero, Keider",Curveball,177,0.76367564927182,0.9292102823864195,1.2027602613087054,2024,-0.5816156856714523,56.0
"Montero, Keider",Four-Seam,638,0.7331613271345836,0.7996189885797292,1.0848576213047558,2024,-0.2838532195107109,53.0
"Montero, Keider",Offspeed,165,0.813435186551279,0.9669777659660789,1.2636149740298517,2024,0.8492249549957614,42.0
"Montero, Keider",Sinker,121,0.7449791275239083,0.7979826250959822,1.0916822662301326,2024,0.5348085253263727,45.0
"Montero, Keider",Slider,438,0.8316152347108084,0.9193626483226349,1.2396820470321903,2024,0.5752162175534083,44.0
"Montero, Rafael",Four-Seam,310,0.8427087018797427,0.7366613403779275,1.119297943637549,2024,0.16303752386544904,48.0
"Montero, Rafael",Offspeed,159,0.6012457140648466,0.5717118579357883,0.8296691251250333,2024,-2.220698566697802,72.0
"Montero, Rafael",Sinker,163,0.8311042131940889,0.7148376816301374,1.0962331523299753,2024,0.5956860601781667,44.0
"Montgomery, Jordan",Curveball,593,0.7038386322037156,0.9743483459789299,1.2019748414564564,2024,-0.5876296504121203,56.0
"Montgomery, Jordan",Four-Seam,332,0.6553612829412343,0.8719748785566666,1.0907972313919274,2024,-0.20678202541525842,52.0
"Montgomery, Jordan",Offspeed,373,0.6947371996546392,0.9067234244089413,1.1422815524010914,2024,-0.009140958552577145,50.0
"Montgomery, Jordan",Sinker,597,0.687279007857799,0.8072866691217223,1.0602189400230717,2024,0.11392131881291251,49.0
"Montgomery, Mason",Four-Seam,115,0.5705276285654215,0.9180735013002379,1.0809073636284292,2024,-0.33511097408230744,53.0
"Moore, Matt",Curveball,150,0.7569468109143657,1.1306627011331165,1.3606493370031323,2024,0.6273419583758687,44.0
"Moore, Matt",Four-Seam,427,0.7205646278531083,0.7700718049444337,1.054620295501403,2024,-0.6762067194400938,57.0
"Moore, Matt",Offspeed,271,0.7881723792178263,1.0373873376273306,1.3028385117240777,2024,1.1267094873986745,39.0
"Morejon, Adrian",Four-Seam,244,0.6859043779686396,0.8299483176986877,1.0766982055188112,2024,-0.3897281689627368,54.0
"Morejon, Adrian",Sinker,381,0.6815186630882207,0.6710846808762555,0.9564634530625524,2024,-1.2740233879821534,63.0
"Morejon, Adrian",Slider,317,0.7688440438030777,0.7697364299314253,1.087940869374363,2024,-0.7881158811157101,58.0
"Morgan, Eli",Four-Seam,260,0.6950939171693975,0.7660193970543422,1.0343796548411976,2024,-0.9388452297201257,59.0
"Morgan, Eli",Offspeed,153,0.6966787824073767,0.7650330474432895,1.0347158496596982,2024,-0.7701079819881002,58.0
"Morgan, Eli",Slider,233,0.7210050780996046,0.8913213846216121,1.1464301694081522,2024,-0.26261356595267576,53.0
"Morton, Charlie",Curveball,1183,0.976173421561687,0.725317470616649,1.2161414318019037,2024,-0.4791559791787657,55.0
"Morton, Charlie",Cutter,219,0.998592555790443,0.7067729618871905,1.2234030865315328,2024,1.4409818810241308,36.0
"Morton, Charlie",Four-Seam,798,0.7908311384132499,0.8175702449599723,1.137468678657969,2024,0.39881735201284124,46.0
"Morton, Charlie",Offspeed,307,0.794667219315429,0.6918868728619668,1.0536619165051129,2024,-0.6360751841191787,56.0
"Morton, Charlie",Sinker,284,0.8765073206944519,0.7065117765603816,1.1257992599257975,2024,0.9911940351324918,40.0
"Muller, Kyle",Curveball,102,0.8069114575387678,1.4913025621760203,1.695608867710977,2024,3.1921291883643597,20.0
"Muller, Kyle",Four-Seam,387,0.6271559386240575,0.7661574696000527,0.9901120338504014,2024,-1.513253037548173,65.0
"Muller, Kyle",Slider,179,0.5955349394934064,0.880025539065285,1.0625943786622254,2024,-1.0158436799232178,60.0
"Musgrove, Joe",Curveball,343,0.9413020559130492,0.9582184915167926,1.3432171224157512,2024,0.4938633818157332,45.0
"Musgrove, Joe",Cutter,313,0.6587446049455444,0.7505166260216419,0.9986088626082639,2024,-1.3289583852543705,63.0
"Musgrove, Joe",Four-Seam,354,0.7439961226672801,0.7143878467446019,1.0314456971262884,2024,-0.9769156789911987,60.0
"Musgrove, Joe",Offspeed,114,0.9797358693082902,0.8099555335454985,1.271184620710243,2024,0.9027759601584822,41.0
"Musgrove, Joe",Sweeper,301,1.0082317586268694,0.6886510724005804,1.2209715715864558,2024,-0.04514460100377869,50.0
"Muñoz, Andrés",Four-Seam,307,0.7839301816550553,0.7728608216569992,1.1008453021937552,2024,-0.07640026572279814,51.0
"Muñoz, Andrés",Sinker,196,0.9068769823399593,0.6983079319343598,1.144578450304073,2024,1.2424046327304987,38.0
"Muñoz, Andrés",Slider,448,0.8668919760890536,0.768290286036521,1.158348678863866,2024,-0.15553065833278923,52.0
"Muñoz, Roddery",Cutter,307,0.8610000124061687,0.8521947697177806,1.2114276482306996,2024,1.293419153757907,37.0
"Muñoz, Roddery",Four-Seam,401,0.8227311086310193,0.9442970814191104,1.2524310180947595,2024,1.8905457056191968,31.0
"Muñoz, Roddery",Offspeed,138,0.7827983920210383,1.0321365693199183,1.295406970908453,2024,1.074135503778621,39.0
"Muñoz, Roddery",Sinker,337,0.797655136183556,0.817728501422435,1.1423369110374524,2024,1.212419398683424,38.0
"Muñoz, Roddery",Slider,302,0.9584716097054726,1.0771878383028795,1.4418742891108887,2024,2.3918303890168864,26.0
"Myers, Tobias",Cutter,490,0.7783376593798413,0.8709240372672622,1.1680403206648293,2024,0.7587955163109702,42.0
"Myers, Tobias",Four-Seam,872,0.706364683797085,0.8186709908286116,1.081283153359959,2024,-0.33023480158735524,53.0
"Myers, Tobias",Offspeed,245,0.8426135947524854,1.486004683094539,1.708276203733052,2024,3.994953786591186,20.0
"Myers, Tobias",Slider,455,0.6387440083236955,1.0328723879437591,1.2144213757778082,2024,0.34825947129244356,47.0
"Nance, Tommy",Curveball,121,0.9144360318125382,1.0268654510095911,1.3750076038895902,2024,0.7372832980873629,43.0
"Nance, Tommy",Sinker,116,0.8194002974091137,0.6629628167064785,1.0540097455571897,2024,0.030860472154639846,50.0
"Nardi, Andrew",Four-Seam,551,0.6638146239721653,0.7888024058793235,1.0309505761773046,2024,-0.9833402695282571,60.0
"Nardi, Andrew",Sweeper,342,0.7799700507031434,0.8421688122917743,1.1478682800699747,2024,-0.7204794813354568,57.0
"Nastrini, Nick",Four-Seam,333,0.8568878089940756,1.2614260784743727,1.5249434312976669,2024,5.4266123468863645,20.0
"Nastrini, Nick",Slider,266,0.7207036547523449,0.976134476790324,1.21336403224758,2024,0.3387596743597303,47.0
"Nelson, Ryne",Curveball,137,0.7561468679969267,0.9548195958685091,1.2179649201171865,2024,-0.4651935176981586,55.0
"Nelson, Ryne",Cutter,442,0.655650864128755,0.783097968360335,1.0213326998010333,2024,-1.048952651361074,60.0
"Nelson, Ryne",Four-Seam,1341,0.6827188400328466,0.7998443954516415,1.0515969149209203,2024,-0.7154375019532543,57.0
"Nelson, Ryne",Offspeed,238,0.7512092392332441,0.9381574315245663,1.2018546864884125,2024,0.4123055561617178,46.0
"Nelson, Ryne",Slider,204,0.6710101459377812,0.8137081062710185,1.0546921343039444,2024,-1.0868420967765864,61.0
"Neris, Héctor",Four-Seam,487,0.6720214722603403,0.7894106348112309,1.036716937998037,2024,-0.9085171103329863,59.0
"Neris, Héctor",Offspeed,408,0.7917355538115948,0.9206109913184914,1.214236296816138,2024,0.4998985055526579,45.0
"Nicolas, Kyle",Curveball,218,0.9291349893461675,1.2563185458186774,1.5625709958255525,2024,2.1734573679342306,28.0
"Nicolas, Kyle",Four-Seam,523,0.7698404090301565,0.8597500708412782,1.154046983310169,2024,0.6139341217790668,44.0
"Nicolas, Kyle",Slider,209,0.7910694055736135,1.0031120227184265,1.2775071563622817,2024,0.9150592745360516,41.0
"Nittoli, Vinny",Cutter,103,0.797867413276045,0.6760798652869962,1.0457898418966833,2024,-0.7475889352187942,57.0
"Nola, Aaron",Curveball,1049,0.7483292090246625,0.6440796893916165,0.9873374556686676,2024,-2.2311094611919637,72.0
"Nola, Aaron",Cutter,294,0.6939170304221646,0.6499511423496437,0.950766707742505,2024,-1.9184749167531134,69.0
"Nola, Aaron",Four-Seam,883,0.7378451850327021,0.8050187705029489,1.0920030851320988,2024,-0.19113510814366874,52.0
"Nola, Aaron",Offspeed,307,0.7590885605711291,0.6133794808163459,0.9759353617307237,2024,-1.185946969652581,62.0
"Nola, Aaron",Sinker,656,0.8065286583895004,0.6858790394598925,1.0587344018090619,2024,0.09406254298784213,49.0
"Núñez, Dedniel",Four-Seam,248,0.6615068048081502,0.7077081878265515,0.9687322292172535,2024,-1.7906731120010482,68.0
"Núñez, Dedniel",Slider,255,0.8026929422942357,0.935801498205228,1.2328991863295744,2024,0.5142750026543776,45.0
"Ober, Bailey",Four-Seam,1028,0.6123329296077024,0.7862606540452355,0.9965728436906119,2024,-1.429418859563302,64.0
"Ober, Bailey",Offspeed,792,0.6706844757863829,0.7856548515087473,1.0329913899738405,2024,-0.7823075671787121,58.0
"Ober, Bailey",Slider,523,0.5791505483640725,0.6790366521633336,0.8924719226124674,2024,-2.544324008183657,75.0
"Ober, Bailey",Sweeper,319,0.8527053457151358,1.0481980156896897,1.3512311004069482,2024,1.158204817103004,38.0
"Okert, Steven",Four-Seam,146,0.9138754024855656,0.7273272604619584,1.167978251115684,2024,0.7947034701498564,42.0
"Okert, Steven",Slider,365,0.9616866521906576,0.8063968641301142,1.2550367004516467,2024,0.7131714660482433,43.0
"Oller, Adam",Curveball,289,0.8814290216828269,0.9939729058114569,1.328495110172415,2024,0.3811368416225041,46.0
"Oller, Adam",Four-Seam,298,0.7307540141878975,0.8584585170011947,1.127365271180382,2024,0.2677175546688448,47.0
"Olson, Reese",Curveball,112,1.0691426150157164,1.187702896204464,1.598031320373639,2024,2.4449772956699354,26.0
"Olson, Reese",Four-Seam,442,0.8498696300159005,0.843764476311277,1.197587942285746,2024,1.1789129084432988,38.0
"Olson, Reese",Offspeed,413,0.6533252791765275,0.8201825146711729,1.048586323477193,2024,-0.6719821583701816,57.0
"Olson, Reese",Sinker,371,0.7675344241302708,0.6908466419863177,1.0326558841011646,2024,-0.25479168799379665,53.0
"Olson, Reese",Slider,515,0.8531950681482007,0.7441554123540821,1.1321259214629293,2024,-0.39113135309559244,54.0
"Ort, Kaleb",Four-Seam,203,0.7691772038748076,0.7703383054738843,1.088602166009715,2024,-0.2352647553658481,52.0
"Ortiz, Luis",Cutter,423,0.7472070390897693,0.6804345460049978,1.0105986001683989,2024,-1.1812194608713942,62.0
"Ortiz, Luis",Four-Seam,572,0.8180568268771994,0.7509606565485657,1.1104768703958876,2024,0.04857703942950393,50.0
"Ortiz, Luis",Sinker,557,0.8061115611643607,0.6784890189602111,1.0536428227309445,2024,0.02595211878068078,50.0
"Ortiz, Luis",Slider,574,0.8975433297693652,0.8170994983449805,1.213769178636984,2024,0.34239974810806906,47.0
"Otañez, Michel",Four-Seam,243,0.7683470105910543,0.8572715674980781,1.1512044428010264,2024,0.5770498839100728,44.0
"Otañez, Michel",Sinker,111,0.6947974900620328,0.8382237114862581,1.0887435614938432,2024,0.49549725800883276,45.0
"Otañez, Michel",Slider,247,0.8628721428866273,1.0551498456049264,1.3630442148550648,2024,1.6835745798008759,33.0
"Ottavino, Adam",Cutter,109,0.8322548647837255,0.6581614940943151,1.0610488736456198,2024,-0.5595653920505831,56.0
"Ottavino, Adam",Sinker,334,0.8682720519944894,0.7214128150811439,1.1288635019514193,2024,1.032184623913777,40.0
"Ottavino, Adam",Sweeper,372,0.9967062188511971,0.7227153583392082,1.2311542453632773,2024,0.04892386888141066,50.0
"Paddack, Chris",Curveball,198,0.6626938245023362,1.2743366468460835,1.4363484934125328,2024,1.206970874351015,38.0
"Paddack, Chris",Four-Seam,626,0.6285053528620974,0.7618238811166006,0.9876206784063758,2024,-1.5455803681589761,65.0
"Paddack, Chris",Offspeed,378,0.614836665683046,0.6874819051568513,0.922309869505005,2024,-1.56531725366753,66.0
"Paddack, Chris",Slider,258,0.66207283292824,0.9998620824044713,1.1991933205000063,2024,0.2114416550543862,48.0
"Pagán, Emilio",Cutter,161,0.5860187968777306,0.8072332219126048,0.9975186739371988,2024,-1.3423918153715715,63.0
"Pagán, Emilio",Four-Seam,343,0.7294282153494394,0.7654240360476838,1.057326570321296,2024,-0.641090637936682,56.0
"Palencia, Daniel",Four-Seam,149,0.7306152022176208,0.9336329128875751,1.1855247739876351,2024,1.022383646140738,40.0
"Pallante, Andre",Curveball,244,0.7023802948386602,1.3911740176670655,1.558429730853967,2024,2.1417476760419722,29.0
"Pallante, Andre",Four-Seam,975,0.6278973788290043,0.9024280244908864,1.0993777593379166,2024,-0.09544280868871063,51.0
"Pallante, Andre",Sinker,382,0.6483686560263034,0.9289110701432716,1.132809644358695,2024,1.0849724583395557,39.0
"Pallante, Andre",Slider,333,0.7083501470898574,1.0121657190876212,1.2354106093839343,2024,0.5368391063221859,45.0
"Paredes, Enoli",Four-Seam,129,0.9026644085498751,0.8816303765879178,1.2617746056191057,2024,2.011786231018676,30.0
"Paredes, Enoli",Slider,120,0.845650633420725,0.9039329819716522,1.2378286754236374,2024,0.5585644355934712,44.0
"Parker, Mitchell",Curveball,542,0.7414894938439536,1.0361224488815595,1.2741100417771152,2024,-0.03528996858812036,50.0
"Parker, Mitchell",Four-Seam,1168,0.6669259188223801,0.8737395993212249,1.0991865485981398,2024,-0.09792392105504273,51.0
"Parker, Mitchell",Offspeed,458,0.7579593849384227,1.0880052187079934,1.3259931316383433,2024,1.2905154380491424,37.0
"Parker, Mitchell",Slider,236,0.780806492603014,0.8800166259387598,1.1764727114640865,2024,0.007306323576792263,50.0
"Paxton, James",Curveball,517,0.7535175368607415,1.0218899702725937,1.2696644398030534,2024,-0.06932997081940527,51.0
"Paxton, James",Four-Seam,928,0.649933498637999,0.7048194821280236,0.9587408695987906,2024,-1.92031899870583,69.0
"Paxton, James",Offspeed,112,0.8847599204758609,1.0734532652958446,1.391079447643003,2024,1.7509646230047324,32.0
"Payamps, Joel",Four-Seam,292,0.8152520990109763,0.8621959570910518,1.1865992808720043,2024,1.0363262328470568,40.0
"Payamps, Joel",Sinker,176,0.746978239431486,0.6647939952806425,0.9999637725164654,2024,-0.6921164460107178,57.0
"Payamps, Joel",Slider,181,0.8460481307964359,0.6016460632190602,1.0381596336841152,2024,-1.235379818139905,62.0
"Payamps, Joel",Sweeper,181,0.828865582095746,0.6820137155659783,1.0733875634657928,2024,-1.4085391403668537,64.0
"Pearson, Nate",Curveball,122,0.8898851881799632,1.0992852058457026,1.4143279718415094,2024,1.0383596024051285,40.0
"Pearson, Nate",Four-Seam,486,0.77351144097008,0.8130003219078914,1.122180677401792,2024,0.20044330138430358,48.0
"Pearson, Nate",Slider,431,0.7917560127940569,0.9146862552815792,1.209763832074914,2024,0.30641335589304647,47.0
"Peguero, Elvis",Sinker,409,0.7875074958834304,0.7403843129627377,1.0808963812289762,2024,0.39052495600389686,46.0
"Peguero, Elvis",Slider,419,0.8120806938010687,0.761578392598813,1.1133178797260992,2024,-0.5601138758933938,56.0
"Pennington, Walter",Sinker,100,1.0130444464823354,0.7490680305204938,1.259905538084722,2024,2.7851434865913074,22.0
"Pennington, Walter",Slider,135,0.8115032417107728,0.8488484092009478,1.1743428516025773,2024,-0.011829591668377252,50.0
"Pepiot, Ryan",Cutter,124,0.7138185229605806,0.8142331363761276,1.0828261559892847,2024,-0.29122321581022187,53.0
"Pepiot, Ryan",Four-Seam,1084,0.8265435804862187,0.780322687207784,1.1366959956884495,2024,0.3887911721383886,46.0
"Pepiot, Ryan",Offspeed,503,0.7042979008452493,0.8367980473780108,1.093739688056841,2024,-0.3525474262336592,54.0
"Pepiot, Ryan",Slider,375,0.8045830487926561,0.8714014388631245,1.1860414621998716,2024,0.09327761511162287,49.0
"Peralta, Freddy",Curveball,225,0.7591504074056667,1.074061831586914,1.3152635322003063,2024,0.27982256600315875,47.0
"Peralta, Freddy",Four-Seam,1650,0.7345670715843405,0.8904429626196686,1.15432987154231,2024,0.6176048229743781,44.0
"Peralta, Freddy",Offspeed,536,0.790882825469487,0.862339330760008,1.1700960494755195,2024,0.18763100972034122,48.0
"Peralta, Freddy",Slider,638,0.829576067288686,0.9013394149823902,1.2249935479091145,2024,0.44324609154767103,46.0
"Peralta, Luis",Four-Seam,137,0.7911809250823503,0.7395133989423989,1.0829807585684537,2024,-0.3082070154867274,53.0
"Peralta, Sammy",Four-Seam,132,0.74077858561531,0.7517092826723589,1.0553765956103118,2024,-0.6663931202925646,57.0
"Peralta, Wandy",Offspeed,250,0.6825083618639708,0.7057771121672736,0.9818039499174044,2024,-1.1444299993695546,61.0
"Peralta, Wandy",Sinker,239,0.7418610960913931,0.8578928103842409,1.1341684001958854,2024,1.103148634147712,39.0
"Petersen, Michael",Four-Seam,230,0.6540610937857473,0.7990153464460218,1.0325799912164018,2024,-0.9621973054452208,60.0
"Petersen, Michael",Slider,115,0.7407113753397285,0.9969873004265334,1.2420293952920192,2024,0.5963061766454366,44.0
"Peterson, David",Curveball,143,0.8135225876964862,1.1430368675129177,1.4029797864495877,2024,0.9514664755989262,40.0
"Peterson, David",Four-Seam,491,0.6697339195641631,0.6729034486811413,0.9493906331230313,2024,-2.0416457995707646,70.0
"Peterson, David",Offspeed,307,0.8347320502051855,0.8350790985071218,1.1807348120569747,2024,0.2628942887053799,47.0
"Peterson, David",Sinker,585,0.7397591696453827,0.6871790954607302,1.0096824938131064,2024,-0.5621084032975442,56.0
"Peterson, David",Slider,345,0.8664108172577564,0.8669872877400481,1.225697622321304,2024,0.44957191068790564,46.0
"Pfaadt, Brandon",Curveball,148,0.749073618534584,0.6924115210795354,1.0200710762040905,2024,-1.9804679232034,70.0
"Pfaadt, Brandon",Four-Seam,931,0.7048186570501382,0.7320047218765201,1.0161694013182458,2024,-1.175137842062824,62.0
"Pfaadt, Brandon",Offspeed,331,0.7697137979789421,0.6564232727620625,1.0116080485162346,2024,-0.9335827160913777,59.0
"Pfaadt, Brandon",Sinker,619,0.7461350113201708,0.5674014995947888,0.9373696799343184,2024,-1.5294421819410926,65.0
"Pfaadt, Brandon",Sweeper,763,0.8797241263128772,0.613473479005853,1.0725037285998122,2024,-1.4167040875404755,64.0
"Phillips, Evan",Cutter,136,0.6669470095452849,0.8266830356401224,1.06217849486636,2024,-0.5456460695236894,55.0
"Phillips, Evan",Four-Seam,332,0.7458439736091739,0.7093595780958565,1.0293076527479301,2024,-1.0046585157853243,60.0
"Phillips, Evan",Sweeper,347,0.9010741897351624,0.7402204053844065,1.1661307576572768,2024,-0.5517690462765905,56.0
"Phillips, Tyler",Four-Seam,111,0.6843437202861706,0.7791119912214988,1.0369868959443245,2024,-0.9050141899441768,59.0
"Phillips, Tyler",Sinker,175,0.7835412777039182,0.7074875815137996,1.0556872699157331,2024,0.053300837692571025,49.0
"Phillips, Tyler",Sweeper,169,0.9241453416223739,0.8411672630059139,1.2496427396640988,2024,0.21972226697191552,48.0
"Pivetta, Nick",Curveball,389,0.6313170989647962,1.0472246176105844,1.2228003431365895,2024,-0.42816865327483766,54.0
"Pivetta, Nick",Cutter,141,0.7120482803191542,0.8827616600171264,1.1341432457593958,2024,0.34111186300825896,47.0
"Pivetta, Nick",Four-Seam,1158,0.6350209310870901,0.8345598005935311,1.0486856743969708,2024,-0.7532131774920348,58.0
"Pivetta, Nick",Sweeper,613,0.7109258955807207,0.9143428505429573,1.1582048512013194,2024,-0.624989293640518,56.0
"Poche, Colin",Four-Seam,370,0.5751255010210925,1.1210158872234537,1.2599388720617162,2024,1.9879661190529636,30.0
"Poche, Colin",Slider,173,0.5458750027174623,1.12769325193966,1.25286535152906,2024,0.6936627886459336,43.0
"Pop, Zach",Sinker,540,0.7697181480859822,0.7308644817962456,1.0614277734467892,2024,0.1300919715754411,49.0
"Pop, Zach",Slider,108,0.9716889690039502,0.7801139622448657,1.2460968046557794,2024,0.6328501776188973,44.0
"Poteet, Cody",Four-Seam,110,0.725865330786936,0.9881796360614696,1.226123758665905,2024,1.5491879619619582,35.0
"Povich, Cade",Curveball,272,0.8363425527957373,0.9996364277664876,1.3033579145172038,2024,0.18866117664302218,48.0
"Povich, Cade",Cutter,104,0.8691879110908989,0.7958562658815579,1.1785053333479223,2024,0.8877466054986931,41.0
"Povich, Cade",Four-Seam,566,0.7313954356315059,0.8085462078012403,1.0902688904175735,2024,-0.21363767236605077,52.0
"Povich, Cade",Offspeed,151,0.7799615237675958,0.7767032285439995,1.1007306136328463,2024,-0.3030905483343733,53.0
"Povich, Cade",Sinker,116,0.8473154672014868,0.771670707989395,1.1460450176706534,2024,1.262023011220478,37.0
"Pressly, Ryan",Curveball,241,0.7206805691110294,1.0209803957509667,1.2497125474292068,2024,-0.22210173601267486,52.0
"Pressly, Ryan",Four-Seam,320,0.7198619837936943,0.9381036888442192,1.1824719052622454,2024,0.9827702313493156,40.0
"Pressly, Ryan",Offspeed,108,0.705907827668942,0.9482152361844381,1.1821243569509066,2024,0.2727245395652428,47.0
"Pressly, Ryan",Slider,280,0.6045992163074261,0.8564881143211056,1.0483854741138285,2024,-1.1435048458424466,61.0
"Priester, Quinn",Curveball,118,0.7993018116961257,0.9291118702058712,1.225615051122562,2024,-0.40661641655145336,54.0
"Priester, Quinn",Four-Seam,110,0.7305527670219745,0.7822387283533268,1.0703292827626893,2024,-0.47237003849827724,55.0
"Priester, Quinn",Offspeed,103,0.9017986422231176,0.9431149237159607,1.3048779829743549,2024,1.1411376027472715,39.0
"Priester, Quinn",Sinker,245,0.7804588606735439,0.6488522622158444,1.0149508812678891,2024,-0.491632800556711,55.0
"Priester, Quinn",Slider,226,0.7683642712362665,0.7468667398990971,1.0715379510217753,2024,-0.9354893590806622,59.0
"Puk, A.J.",Four-Seam,507,0.7636108447235189,0.7696888537496835,1.084215132603243,2024,-0.29219002456890486,53.0
"Puk, A.J.",Sinker,173,0.8337341720139434,0.7563560337482044,1.1256940611778543,2024,0.9897867838184014,40.0
"Puk, A.J.",Slider,254,0.7622745051471693,0.7834660578951573,1.0931063466429696,2024,-0.7417061914458628,57.0
"Puk, A.J.",Sweeper,192,0.7884035622683191,0.7969857105261792,1.1210559307101025,2024,-0.9681744123123767,60.0
"Pérez, Cionel",Curveball,324,0.8133379552383462,0.9608050639743052,1.2588347788292007,2024,-0.15225275290041002,52.0
"Pérez, Cionel",Four-Seam,209,0.812264755935537,0.8016903001280169,1.1412630595328876,2024,0.4480524803446707,46.0
"Pérez, Cionel",Sinker,331,0.8257100214870625,0.7957941657865377,1.1467717270163478,2024,1.2717442550725633,37.0
"Pérez, Martín",Curveball,310,0.6360757697627537,0.9384924943165613,1.133737424083637,2024,-1.1101239837286163,61.0
"Pérez, Martín",Cutter,484,0.7898833526538916,0.7993778153060458,1.123797402739132,2024,0.2136291961039387,48.0
"Pérez, Martín",Four-Seam,102,0.7194054466645611,0.7305080908225031,1.025273752442622,2024,-1.0570016004035518,61.0
"Pérez, Martín",Offspeed,501,0.5868341913936502,0.7290138482225348,0.9358608652405914,2024,-1.4694515583139827,65.0
"Pérez, Martín",Sinker,806,0.7751665757367845,0.7469500894759016,1.0764839322105786,2024,0.3314993040745826,47.0
"Quantrill, Cal",Curveball,311,0.7408306909356361,1.0638425713825173,1.2963761527110633,2024,0.1352017826518447,49.0
"Quantrill, Cal",Cutter,341,0.7452022684344745,0.9954377488912229,1.2434720474532235,2024,1.6882739243389786,33.0
"Quantrill, Cal",Four-Seam,431,0.7236611930035142,0.9178771135482101,1.1688387047984266,2024,0.8058685452675025,42.0
"Quantrill, Cal",Offspeed,910,0.7777243065259472,1.0001555644176048,1.2669515578729769,2024,0.8728294145106154,41.0
"Quantrill, Cal",Sinker,635,0.7226257879291996,0.7561148909023585,1.045895672438022,2024,-0.07768207500320248,51.0
"Quijada, José",Four-Seam,357,0.789527812519364,0.8417148811176086,1.1540529051288948,2024,0.6140109621160112,44.0
"Quintana, Jose",Curveball,784,0.8516899794540104,0.8481576985095572,1.2019764151776864,2024,-0.5876176004187802,56.0
"Quintana, Jose",Four-Seam,634,0.6707256524128539,0.82880100455368,1.0662007343618918,2024,-0.5259412578982802,55.0
"Quintana, Jose",Offspeed,544,0.6739049007103245,0.8196906966376779,1.0611506270816382,2024,-0.5830967565018815,56.0
"Quintana, Jose",Sinker,857,0.7586111375829292,0.6801052947635103,1.0188395703103739,2024,-0.4396135239767415,54.0
"Ragans, Cole",Curveball,323,0.7829077950630065,1.159549805423828,1.3991069890572543,2024,0.9218124416468279,41.0
"Ragans, Cole",Cutter,352,0.7097548226621344,0.8866216886578834,1.135715601323991,2024,0.36048660901047846,46.0
"Ragans, Cole",Four-Seam,1299,0.6892229822607243,0.8096089422391338,1.06324736474159,2024,-0.5642635921763329,56.0
"Ragans, Cole",Offspeed,740,0.7173297131018794,0.8817817463083377,1.136706191335917,2024,-0.04858351139438877,50.0
"Ragans, Cole",Slider,400,0.7531827319980022,1.0133583250833567,1.2626081430102216,2024,0.7811977647277707,42.0
"Rainey, Tanner",Four-Seam,666,0.7879529179795801,0.7959598115663431,1.1200097421814077,2024,0.17227367959376547,48.0
"Rainey, Tanner",Slider,260,0.8547824471351415,0.954186285654465,1.2810638156084986,2024,0.9470143956787773,41.0
"Ramirez, Emmanuel",Four-Seam,198,0.6563955159000011,0.8402763577401082,1.0662642405476286,2024,-0.525117214317077,55.0
"Ramirez, Emmanuel",Offspeed,137,0.9348711032417911,1.1150793642388022,1.4551240387773596,2024,2.2040441887081785,28.0
"Ramírez, Erasmo",Cutter,119,0.8146553123311551,0.8521671413858671,1.1789198932782212,2024,0.8928548606116562,41.0
"Ramírez, Erasmo",Sinker,119,0.7052748189907274,0.7441898237921716,1.0252955984194152,2024,-0.3532507656941483,54.0
"Ramírez, Yohan",Curveball,109,0.89472171536469,1.0358574422089883,1.3687686395168766,2024,0.6895115087082875,43.0
"Ramírez, Yohan",Four-Seam,132,0.8501531630135155,0.741678886003091,1.1282056419486082,2024,0.2786220378991469,47.0
"Ramírez, Yohan",Sinker,306,0.9678981167046962,0.7438317963311001,1.220701644773877,2024,2.2607101500946003,27.0
"Ramírez, Yohan",Sweeper,221,1.0724530286900829,0.8182969647298354,1.3489868128460683,2024,1.1374718837437034,39.0
"Rasmussen, Drew",Cutter,127,0.6442052305333882,0.9028736194122746,1.1091353171174367,2024,0.032961291731896054,50.0
"Rasmussen, Drew",Four-Seam,173,0.641980447705782,0.732214902744762,0.9737954400376074,2024,-1.7249738997371815,67.0
"Rasmussen, Drew",Sinker,134,0.7737599797164672,0.7124808268605488,1.0518238611358457,2024,0.0016197370268224206,50.0
"Ray, Robbie",Four-Seam,301,0.6815800849001592,0.7272711407964787,0.996732022344983,2024,-1.4273533891390084,64.0
"Ray, Robbie",Slider,182,0.696446508275591,0.9561272268643357,1.1828850378800755,2024,0.06491844024149215,49.0
"Rea, Colin",Curveball,119,0.7373984652629809,0.8445879133997461,1.1211981270199916,2024,-1.206137460084723,62.0
"Rea, Colin",Cutter,515,0.8273304244222773,0.6765781561382765,1.0687533076150995,2024,-0.4646304710882457,55.0
"Rea, Colin",Four-Seam,516,0.7724974156253344,0.7552411952307827,1.0803432418085661,2024,-0.3424309061374522,53.0
"Rea, Colin",Offspeed,235,0.7711925338801687,0.8248970476274713,1.1292444657810077,2024,-0.10137103511710747,51.0
"Rea, Colin",Sinker,818,0.8640367599766561,0.663820201104123,1.089594778798465,2024,0.5068840538968588,45.0
"Rea, Colin",Sweeper,447,0.8900339984677231,0.8227526386051662,1.2120571037538646,2024,-0.1274972686068005,51.0
"Reid-Foley, Sean",Four-Seam,261,0.6736163585224143,0.8772799392344865,1.1060646862874983,2024,-0.008674580257954846,50.0
"Reynolds, Sean",Four-Seam,110,0.7039115677811026,0.7975350801035495,1.063745128896873,2024,-0.5578047039223015,56.0
"Richards, Trevor",Four-Seam,537,0.7096407555221281,0.9129109898381944,1.1562856382682303,2024,0.6429824613591572,44.0
"Richards, Trevor",Offspeed,630,0.6979104513529598,1.1922136383221136,1.3814674652372176,2024,1.6829652379383768,33.0
"Roberts, Ethan",Cutter,153,0.7113796764947568,0.8765377140487722,1.1288841429835181,2024,0.2763085940934263,47.0
"Roberts, Ethan",Sweeper,281,0.8382511610529543,0.7481359827237478,1.123553495679068,2024,-0.9451016791365155,59.0
"Robertson, David",Curveball,323,0.7475267741417326,0.9922698200912845,1.2423347672518608,2024,-0.2785934451589468,53.0
"Robertson, David",Cutter,768,0.7814404644795444,0.8485566278722156,1.1535586462039422,2024,0.5803506589998657,44.0
"Rodriguez, Eduardo",Cutter,166,0.8450447083217697,0.7280965700223868,1.1154484185030653,2024,0.11075205266853003,49.0
"Rodriguez, Eduardo",Four-Seam,369,0.6932379595065106,0.8250543410970527,1.0776333023175566,2024,-0.3775945396812801,54.0
"Rodriguez, Eduardo",Offspeed,195,0.5932812585722635,0.74350073540666,0.9511971379915591,2024,-1.3609560292701488,64.0
"Rodriguez, Grayson",Curveball,291,0.818526813033039,1.0061335272714396,1.2970315410018725,2024,0.14022009491004217,49.0
"Rodriguez, Grayson",Four-Seam,896,0.7346771001704963,0.7212901319425336,1.029567819986914,2024,-1.0012826376588602,60.0
"Rodriguez, Grayson",Offspeed,395,0.7871370761322314,0.8826344183715045,1.1826361626113089,2024,0.27634527758905464,47.0
"Rodriguez, Grayson",Slider,297,0.7974622350303845,0.8845572246401374,1.190960746608686,2024,0.13747536314902423,49.0
"Rodríguez, Joely",Sinker,122,0.6619374909073027,0.6590236939807946,0.934062883909187,2024,-1.5736774332418602,66.0
"Rodríguez, Manuel",Four-Seam,134,0.7764664541246663,0.8333734113155353,1.1390396819552095,2024,0.41920237700088275,46.0
"Rodríguez, Manuel",Sinker,189,0.8010821056264087,0.8044070328192713,1.1352546914256487,2024,1.1176800310555366,39.0
"Rodríguez, Manuel",Slider,278,0.8098417855702605,0.9978435105825253,1.2851207683588675,2024,0.9834644482797534,40.0
"Rodríguez, Randy",Four-Seam,427,0.7917042627365414,0.7794380724317483,1.11099925670152,2024,0.05535541978837042,49.0
"Rodríguez, Randy",Slider,350,0.8493887335704524,0.9422565223762245,1.2685852650401366,2024,0.8348997489012476,42.0
"Rodríguez, Yariel",Curveball,157,0.8371391035560597,1.0798060256318434,1.3663026501084892,2024,0.6706294123232309,43.0
"Rodríguez, Yariel",Four-Seam,616,0.81492269956524,0.8938432922710654,1.2095680375260731,2024,1.33436423134132,37.0
"Rodríguez, Yariel",Offspeed,142,0.6829164108158159,1.0891707317286872,1.2855612420324285,2024,1.004482493521678,40.0
"Rodríguez, Yariel",Sinker,162,0.7756205514006226,0.767462903006293,1.091140021833061,2024,0.5275548825287502,45.0
"Rodríguez, Yariel",Slider,424,0.7750172426679088,0.8765116360527327,1.1700104164358565,2024,-0.05075474052620804,51.0
"Rodríguez, Yerry",Four-Seam,247,0.8476546059000815,0.8259533768062671,1.1835190372618845,2024,0.9963576070193183,40.0
"Rodríguez, Yerry",Slider,135,0.8339850517486623,0.7810520007348851,1.1426168624662363,2024,-0.29687456113036553,53.0
"Rodón, Carlos",Curveball,257,0.8326358987357133,1.2277825426937992,1.4834866066153343,2024,1.5679077031458544,34.0
"Rodón, Carlos",Cutter,108,0.7432620310575241,1.1260598949028677,1.349240280202312,2024,2.9915622458610627,20.0
"Rodón, Carlos",Four-Seam,1531,0.7218224424766735,0.8034836005345259,1.0800988541753558,2024,-0.3456020312512643,53.0
"Rodón, Carlos",Offspeed,400,0.7331424461632648,1.0705465490992385,1.2975237031185767,2024,1.0891101970897452,39.0
"Rodón, Carlos",Slider,805,0.7912634379186632,0.9752819122006159,1.2558951534473535,2024,0.7208843132945247,43.0
"Rogers, Taylor",Sinker,571,0.7797852146776886,0.7548999110385725,1.0853289163732687,2024,0.4498193015024126,46.0
"Rogers, Taylor",Sweeper,511,0.9065195714570226,0.7817594247099927,1.1970486755172165,2024,-0.2661464987153819,53.0
"Rogers, Trevor",Cutter,461,0.9329036121874611,0.6933656046215133,1.1623532214024141,2024,0.6887184254927308,43.0
"Rogers, Trevor",Four-Seam,711,0.7684664218455821,0.7624461437219318,1.082527026720625,2024,-0.31409454931437947,53.0
"Rogers, Trevor",Offspeed,528,0.6791599213209124,0.6093986039592074,0.912482798323376,2024,-1.6348382711999667,66.0
"Rogers, Trevor",Sinker,543,0.8020186512353908,0.6129335787673628,1.0094164100657381,2024,-0.565667824968077,56.0
"Rogers, Tyler",Sinker,640,0.7351719749455701,0.6141923919468645,0.9579718821921552,2024,-1.2538450216389416,63.0
"Rogers, Tyler",Slider,356,0.8810918789052667,0.767439073330406,1.1684543766647653,2024,-0.0647351181631741,51.0
"Romano, Jordan",Four-Seam,103,0.7713561801786336,0.9327202992409713,1.2103542924763557,2024,1.344566518527245,37.0
"Romano, Jordan",Slider,112,0.681958892424333,0.880613253210644,1.1137987397581561,2024,-0.5557935461925885,56.0
"Romero, JoJo",Offspeed,157,0.7392419669518667,0.741351272932284,1.0469385825258246,2024,-0.6836390015385863,57.0
"Romero, JoJo",Sinker,358,0.7181431619568683,0.7465003783847934,1.0358534722604587,2024,-0.21201731826921988,52.0
"Romero, JoJo",Sweeper,312,0.9261840512104405,0.9188679562549099,1.3046590427190772,2024,0.7279678968085519,43.0
"Rosenberg, Kenny",Four-Seam,196,0.6635134817482133,1.0245370374355671,1.220625364941629,2024,1.4778419032615469,35.0
"Rosenberg, Kenny",Offspeed,132,0.5943004806591248,0.9635437827678255,1.1320820123216326,2024,-0.08129698465447603,51.0
"Ross, Joe",Four-Seam,194,0.7203222570904733,0.7343781962727011,1.0286765717273139,2024,-1.0128472970548088,60.0
"Ross, Joe",Sinker,437,0.7606832711187842,0.7256297076689165,1.0512742323540758,2024,-0.005732687222798475,50.0
"Ross, Joe",Slider,447,0.730797413077026,0.6794999399164748,0.9978902882113676,2024,-1.5971833320100297,66.0
"Roupp, Landen",Curveball,400,0.9709756524377708,0.6356622472836811,1.1605430669512848,2024,-0.9048730079665916,59.0
"Roupp, Landen",Sinker,359,0.8747640494243172,0.6536889046179337,1.0920262479381269,2024,0.5394099936904175,45.0
"Roycroft, Chris",Four-Seam,194,0.8378647652279032,0.7226824635460658,1.1064751727569038,2024,-0.003348189822758881,50.0
"Roycroft, Chris",Sinker,277,0.7339375934898347,0.6439527692943929,0.9763910897891108,2024,-1.007449939928402,60.0
"Roycroft, Chris",Sweeper,125,0.9964000909529671,0.7536717611730737,1.2493335282624907,2024,0.2168657438172074,48.0
"Ruiz, José",Curveball,344,0.6704986552938649,0.9655678644336213,1.1755380672601738,2024,-0.7900561964412127,58.0
"Ruiz, José",Four-Seam,235,0.6659392342470741,0.8114442320847416,1.0497222515947613,2024,-0.7397627588225705,57.0
"Ruiz, José",Sinker,197,0.6812127556538669,0.6722578113624299,0.9570691633332145,2024,-1.2659207575705524,63.0
"Ryan, Joe",Four-Seam,1019,0.640461406816682,0.6657257048592781,0.9237865163185627,2024,-2.373879704981807,74.0
"Ryan, Joe",Offspeed,470,0.6983881646673685,0.7748962963657985,1.0431731872843009,2024,-0.7102770612172312,57.0
"Ryan, Joe",Sinker,127,0.6861008608296467,0.6092431019932801,0.9175573816157638,2024,-1.7944727397095335,68.0
"Ryan, Joe",Slider,149,0.6846946364960954,0.6462140909546896,0.9414878632223126,2024,-2.103935932835053,71.0
"Ryan, Joe",Sweeper,341,0.9914950589423182,0.7000300818329336,1.2137151920356168,2024,-0.11217969769983129,51.0
"Ryan, River",Four-Seam,118,0.795773455861048,0.8429124783107036,1.1592052618690651,2024,0.6808669140291405,43.0
"Ryan, Ryder",Sinker,141,0.7749689043039047,0.6756401035661677,1.0281373216574217,2024,-0.3152368269434351,53.0
"Ryan, Ryder",Slider,149,0.771217508661162,0.8169409772150796,1.12346295262401,2024,-0.46896456666469616,55.0
"Sabrowski, Erik",Four-Seam,114,0.6452173140427225,0.9865263268992113,1.1787873328152771,2024,0.9349599552451013,41.0
"Salazar, Eduardo",Sinker,245,0.7892354659885267,0.7030970840141797,1.0569948582293904,2024,0.07079254181129692,49.0
"Salazar, Eduardo",Slider,211,0.9307371290289561,0.9758565891544819,1.3485428009333937,2024,1.5532853374168292,34.0
"Sale, Chris",Four-Seam,1076,0.7247999461346996,0.7381911394339319,1.034534252818934,2024,-0.9368391972408856,59.0
"Sale, Chris",Offspeed,400,0.7498011289072579,0.6082102685728125,0.965464377234091,2024,-1.2600233127784077,63.0
"Sale, Chris",Sinker,204,0.7727748237216261,0.6404754173572433,1.0036880433764892,2024,-0.6422966034340253,56.0
"Sale, Chris",Slider,1135,0.9007628491652397,0.6778634380788375,1.1273298324449426,2024,-0.4342222411934848,54.0
"Sammons, Bryan",Four-Seam,147,0.7081441695957108,0.8684949321324266,1.1206032357940552,2024,0.1799747341652698,48.0
"Sandlin, Nick",Four-Seam,300,0.9308204465220467,0.6943569258749033,1.1612744052005746,2024,0.7077157046018586,43.0
"Sandlin, Nick",Offspeed,266,0.8569333088289554,0.6732035447990754,1.0897420375990745,2024,-0.38082856131717163,54.0
"Sandlin, Nick",Slider,349,1.1797345672098476,0.6858338511662531,1.3646031366208053,2024,1.6975808509749446,33.0
"Sandoval, Patrick",Curveball,130,0.7521585012028265,0.8442695464240401,1.1307225468481368,2024,-1.1332089176525852,61.0
"Sandoval, Patrick",Four-Seam,230,0.7506520724396004,0.9551686907719238,1.2148356932889395,2024,1.4027162803427773,36.0
"Sandoval, Patrick",Offspeed,409,0.7173665500202576,0.961691190510474,1.1997769430162508,2024,0.39760668630656776,46.0
"Sandoval, Patrick",Sinker,252,0.8034218533847031,0.8273717214381114,1.1532695434856395,2024,1.3586660192941602,36.0
"Sandoval, Patrick",Slider,357,0.6119611162086476,0.9039495467376204,1.0916140301399957,2024,-0.7551140417161812,58.0
"Sands, Cole",Curveball,163,0.9857339721840428,0.8220972842456074,1.2835557676555134,2024,0.03703601377665058,50.0
"Sands, Cole",Cutter,341,0.6854340331429759,0.7144460569165825,0.9900772606389355,2024,-1.4340857653901256,64.0
"Sands, Cole",Four-Seam,334,0.7409326678003988,0.7958151218006959,1.087337540187256,2024,-0.2516742874378875,53.0
"Sands, Cole",Offspeed,198,0.8324348732328103,0.9266047370668431,1.2456099537691718,2024,0.7218495339695448,43.0
"Sands, Cole",Sinker,118,0.729084386034926,0.7218253448199387,1.025960949736562,2024,-0.34435031265936583,53.0
"Santana, Dennis",Cutter,216,0.7259522542569766,0.7814965884323706,1.066650642521824,2024,-0.4905397520595833,55.0
"Santana, Dennis",Four-Seam,292,0.8076659998390164,0.7765558120519073,1.120429960563156,2024,0.17772634937964105,48.0
"Santana, Dennis",Sinker,146,0.8206101318811143,0.7438488031247507,1.1075703275440634,2024,0.7473442788359358,43.0
"Santana, Dennis",Slider,357,0.8614122034563803,0.7755165545585776,1.159075886496645,2024,-0.1489969967158971,51.0
"Santillan, Tony",Four-Seam,304,0.6355560179087638,0.7969266057506824,1.0193250055077372,2024,-1.1341913524099108,61.0
"Santillan, Tony",Slider,125,0.8741485054390882,0.8299008861360163,1.2053510237149743,2024,0.26676608693651127,47.0
"Saucedo, Tayler",Offspeed,147,0.9337287720212225,0.6703153084178407,1.149422477768538,2024,0.041377083750417536,50.0
"Saucedo, Tayler",Sinker,284,0.797460009858445,0.6508868861122037,1.0293668956384172,2024,-0.2987887262354206,53.0
"Sauer, Matt",Four-Seam,149,0.8193419609917078,0.9053505343239082,1.221057262802332,2024,1.4834461236334433,35.0
"Sborz, Josh",Four-Seam,130,0.6376732786852661,1.0127007333387437,1.1967414029998487,2024,1.167928383759812,38.0
"Scherzer, Max",Four-Seam,294,0.7249122477393045,0.8089121442804731,1.0862028466575127,2024,-0.26639784403271954,53.0
"Scherzer, Max",Slider,149,0.6972404326605101,0.7964866442234811,1.058553350267712,2024,-1.0521506587335225,61.0
"Schmidt, Clarke",Curveball,242,1.0698103547555093,1.03678866461869,1.4897734492948633,2024,1.6160460970208645,34.0
"Schmidt, Clarke",Cutter,510,0.8437002909599206,0.7375607610451339,1.1206364518430283,2024,0.17467959582490594,48.0
"Schmidt, Clarke",Sinker,303,0.89221336352269,0.7105551998760097,1.1405846650377638,2024,1.1889794763090435,38.0
"Schmidt, Clarke",Sweeper,344,1.0117336203473792,0.6760435915009527,1.216815456899986,2024,-0.08353916787220707,51.0
"Schreiber, John",Cutter,148,0.7667199177073806,0.6947371117588101,1.0346589228650116,2024,-0.884745398976677,59.0
"Schreiber, John",Four-Seam,218,0.8803880013218409,0.7655150840900501,1.1666603519623275,2024,0.7776026739770666,42.0
"Schreiber, John",Sinker,233,0.7633084241394652,0.610971040904938,0.9777143566434612,2024,-0.9897485028287737,60.0
"Schreiber, John",Sweeper,241,1.0727182416896666,0.5974559589843869,1.227875420789798,2024,0.018633788161036332,50.0
"Schwellenbach, Spencer",Curveball,261,0.7548049696460497,0.8099397681681643,1.107128253755035,2024,-1.3138705680254301,63.0
"Schwellenbach, Spencer",Cutter,292,0.6874089716926164,0.6960689710684986,0.9782858001871737,2024,-1.579381496452656,66.0
"Schwellenbach, Spencer",Four-Seam,518,0.7145404445424681,0.7058220359166685,1.0043668618948451,2024,-1.3282852361459447,63.0
"Schwellenbach, Spencer",Offspeed,236,0.7346546147837656,0.8071594113600568,1.0914319577372638,2024,-0.3688733240563383,54.0
"Schwellenbach, Spencer",Sinker,132,0.7012680614280798,0.6824032588271487,0.9784943033237392,2024,-0.9793150992740662,60.0
"Schwellenbach, Spencer",Slider,354,0.6359179134148965,0.7960368256674124,1.018855348133682,2024,-1.4088208875912502,64.0
"Scott, Christian",Four-Seam,416,0.780045723953238,0.6984891837808334,1.0470713783293601,2024,-0.7741599608209708,58.0
"Scott, Christian",Slider,139,0.8611668306685286,0.8757078444003805,1.2281989004180225,2024,0.47204486608201646,45.0
"Scott, Christian",Sweeper,148,1.0097936743857197,0.8491391556674527,1.3193636991053859,2024,0.8638108548336004,41.0
"Scott, Tanner",Four-Seam,688,0.7256515020818839,0.8327569458765404,1.1045606517431794,2024,-0.02819063208462748,50.0
"Scott, Tanner",Slider,473,0.6920087278324283,0.778801599703081,1.0418291659846801,2024,-1.202410579007305,62.0
"Scott, Tayler",Four-Seam,583,0.7928682905604614,0.6253746228449314,1.0098185703752474,2024,-1.2575449558449887,63.0
"Scott, Tayler",Offspeed,285,0.938367971684183,0.7127919083959796,1.1783915966084746,2024,0.24631735349583458,48.0
"Scott, Tayler",Sweeper,266,0.9316897461211285,0.6063164465505422,1.1116048832138736,2024,-1.05548405183026,61.0
"Sears, JP",Four-Seam,1032,0.7762259923760582,0.7835049467159794,1.1029083338014116,2024,-0.04963077965802239,50.0
"Sears, JP",Offspeed,549,0.7925345140986245,0.6642342273168871,1.034078364910902,2024,-0.7746178290807489,58.0
"Sears, JP",Sinker,307,0.6591999792010346,0.5926431698636305,0.8864369911982782,2024,-2.2107724691858244,72.0
"Sears, JP",Slider,241,0.9307225589065922,0.6709191816738419,1.1473347506266567,2024,-0.25448627558841297,53.0
"Sears, JP",Sweeper,710,0.8914186802077438,0.6798204202258843,1.1210633644800876,2024,-0.9681057384666554,60.0
"Senzatela, Antonio",Four-Seam,125,0.6941408545739377,0.8522885233203331,1.0991939105418074,2024,-0.09782839394450922,51.0
"Severino, Luis",Cutter,234,0.6218179352071979,0.8355962238675847,1.041575054370596,2024,-0.7995240315863185,58.0
"Severino, Luis",Four-Seam,1030,0.7180843919913212,0.7794552095527065,1.0598092364762628,2024,-0.60887605780508,56.0
"Severino, Luis",Offspeed,217,0.8307114553620673,0.9243849854194626,1.2428069533675388,2024,0.7020198780666091,43.0
"Severino, Luis",Sinker,711,0.6359377075834282,0.7279034349567438,0.9665713520213045,2024,-1.138809287334564,61.0
"Severino, Luis",Slider,201,0.7590278330705599,0.9330915280365316,1.2028229508407873,2024,0.24405239148249397,48.0
"Severino, Luis",Sweeper,496,0.943214185749105,0.923796444037092,1.3202472761622814,2024,0.8719734203433608,41.0
"Sewald, Paul",Four-Seam,376,0.7790198242209748,0.5833458004855662,0.9732236174042554,2024,-1.7323937560099745,67.0
"Sewald, Paul",Sweeper,249,0.8991724515579357,0.6023077435451246,1.0822595416881884,2024,-1.3265789956615228,63.0
"Shuster, Jared",Four-Seam,483,0.7147820064911174,0.8206441623572818,1.0882877183973696,2024,-0.23934496477492387,52.0
"Shuster, Jared",Offspeed,379,0.6358604737256044,0.8070526729119465,1.0274495408052247,2024,-0.8215130421460356,58.0
"Shuster, Jared",Slider,367,0.6804827851141714,0.8689783466862483,1.1037120040328932,2024,-0.6464187199081438,56.0
"Sims, Lucas",Cutter,137,0.7021375843910099,0.8677664386142225,1.1162507690477323,2024,0.12063870830654294,49.0
"Sims, Lucas",Four-Seam,277,0.7921340736801594,0.941766478088382,1.2306098040955626,2024,1.6073979914009107,34.0
"Sims, Lucas",Sweeper,382,0.8765924953935107,0.8249100351968263,1.2036988697962008,2024,-0.2047113968969126,52.0
"Singer, Brady",Four-Seam,327,0.8042717824035817,0.8900849230472924,1.199626721195697,2024,1.205367696346956,38.0
"Singer, Brady",Sinker,1238,0.786423442617635,0.6717262074188665,1.0342523525870784,2024,-0.23343561276827815,52.0
"Singer, Brady",Slider,1194,0.8766940547602796,0.7070098131432688,1.1262572270724394,2024,-0.4438591595047163,54.0
"Singer, Brady",Sweeper,155,0.9097734910863055,0.7433341224938509,1.1748333595651204,2024,-0.47137361542676687,55.0
"Skenes, Paul",Curveball,230,0.9540752570015818,0.8080305197183502,1.2502691377535244,2024,-0.21783992040429861,52.0
"Skenes, Paul",Four-Seam,834,0.8258480158507704,0.7123285480224095,1.0906130870351631,2024,-0.20917144580708089,52.0
"Skenes, Paul",Offspeed,717,0.690131842262755,0.616168805236894,0.9251734735994356,2024,-1.545058860624949,65.0
"Skenes, Paul",Slider,132,1.0515321002965157,0.8218463906374113,1.3345977850115525,2024,1.427995102319478,36.0
"Skenes, Paul",Sweeper,212,1.0278139820120769,0.7298911840749384,1.2606120427037961,2024,0.32105768979574006,47.0
"Skubal, Tarik",Curveball,120,0.6912078032985448,0.9643325106498494,1.18646762216128,2024,-0.7063685259319507,57.0
"Skubal, Tarik",Four-Seam,941,0.697077722878577,0.7818571271274443,1.0474817034075405,2024,-0.7688356645660743,58.0
"Skubal, Tarik",Offspeed,770,0.6914351149777893,0.8430991745942802,1.0903663312969203,2024,-0.3764120335123805,54.0
"Skubal, Tarik",Sinker,584,0.6914703616057852,0.7182772702516141,0.9970223156676813,2024,-0.7314645285375676,57.0
"Skubal, Tarik",Slider,423,0.7112976601938943,0.8677465033390664,1.1220197660712066,2024,-0.48193100453063537,55.0
"Slaten, Justin",Cutter,306,0.6044325539699511,0.9639668030214779,1.1377920326782425,2024,0.38607263483411075,46.0
"Slaten, Justin",Four-Seam,237,0.6973826364538208,0.9744579313797019,1.198294956033818,2024,1.1880869776172167,38.0
"Slaten, Justin",Sweeper,200,0.716553618793873,1.042678693880117,1.2651592576739663,2024,0.36306527678694916,46.0
"Smith, Burch",Curveball,164,0.7459793152010173,0.9812581683406532,1.2326202706604465,2024,-0.35297740656101106,54.0
"Smith, Burch",Cutter,192,0.7346180743455696,0.8598942501557882,1.1309650023790208,2024,0.3019491827503398,47.0
"Smith, Burch",Four-Seam,448,0.6815374789442773,0.788080981842176,1.041904491374833,2024,-0.8412044538932852,58.0
"Smith, Cade",Four-Seam,806,0.6999881670555409,0.6994179339400945,0.9895296257994535,2024,-1.520810248085327,65.0
"Smith, Cade",Offspeed,241,0.8457062219928361,0.8824672100715315,1.2222795878066641,2024,0.5568002785871503,44.0
"Smith, Cade",Sweeper,119,0.9662187056272126,0.8726471329744657,1.3019568371464858,2024,0.7030046750555865,43.0
"Smith, Drew",Four-Seam,152,0.7395368207311996,0.8356144249789931,1.115870143184315,2024,0.11855906986351636,49.0
"Smith, Will",Four-Seam,195,0.7265397389570666,0.7592054542327866,1.050834389435659,2024,-0.725331880340857,57.0
"Smith, Will",Slider,301,0.6946830479946586,0.8147381545643806,1.070692671906426,2024,-0.9430838444278691,59.0
"Smyly, Drew",Curveball,494,0.6260275636514071,1.122675821631469,1.2854226973751515,2024,0.05133110636319396,49.0
"Smyly, Drew",Sinker,485,0.604169950906952,0.8204956391028928,1.018937889846959,2024,-0.4382982963740819,54.0
"Snell, Blake",Curveball,462,0.6497894617166285,1.113718322860118,1.2894164754773145,2024,0.08191149037014943,49.0
"Snell, Blake",Four-Seam,821,0.7342162704611885,0.8154857389067721,1.097310586010297,2024,-0.12226603688444937,51.0
"Snell, Blake",Offspeed,311,0.5258709074078881,0.7438653872189145,0.9109752606741531,2024,-1.645503254632503,66.0
"Snell, Blake",Slider,178,0.5294468172415098,0.9247830401135642,1.065616067619502,2024,-0.9886950468940305,60.0
"Snider, Collin",Cutter,112,0.8273363696114702,0.6343977108254817,1.0425669877674522,2024,-0.7873013142519252,58.0
"Snider, Collin",Four-Seam,280,0.7944968012982162,0.6079240705892316,1.000398342099225,2024,-1.3797799563297621,64.0
"Snider, Collin",Sweeper,254,0.9845590500255176,0.6580060832134956,1.1841995307097175,2024,-0.38484807139327426,54.0
"Soriano, George",Four-Seam,223,0.8993614373391837,0.7495575605325085,1.1707636531444967,2024,0.8308462905111033,42.0
"Soriano, George",Sweeper,200,0.8884113170672241,0.7988072209407426,1.1947249242064852,2024,-0.2876135254497318,53.0
"Soriano, José",Curveball,440,0.9127186768101274,0.9588603441904635,1.3238083481603686,2024,0.34525027546602116,47.0
"Soriano, José",Four-Seam,259,0.8395501135374914,0.7884510281869748,1.15173756428707,2024,0.5839675618256758,44.0
"Soriano, José",Offspeed,138,1.031805279682889,0.9755728219025195,1.4199874879787955,2024,1.955472796586503,30.0
"Soriano, José",Sinker,808,0.7009376962048507,0.7273862217369211,1.0101506667491127,2024,-0.5558456198300835,56.0
"Soroka, Michael",Four-Seam,467,0.7619437478848039,0.8244926897297232,1.1226515355881785,2024,0.2065530631602175,48.0
"Soroka, Michael",Offspeed,141,0.9392508044096514,1.0532379375871839,1.4112059476763417,2024,1.8933483236845488,31.0
"Soroka, Michael",Sinker,307,0.8290780383168791,0.7731338327050812,1.1336252982765571,2024,1.0958835202124004,39.0
"Soroka, Michael",Slider,446,0.8048813269764433,0.96554372238028,1.2570237190854145,2024,0.7310240115858692,43.0
"Soto, Gregory",Four-Seam,105,0.7965193021686335,0.9557266623670687,1.244128792322766,2024,1.7828176823134978,32.0
"Soto, Gregory",Sinker,450,0.7704623628751482,0.8000827694694914,1.1107406045558648,2024,0.7897533053511133,42.0
"Soto, Gregory",Slider,322,0.8914162017966258,0.8989907503582895,1.2660202265585188,2024,0.8118539326614612,42.0
"Speier, Gabe",Four-Seam,147,0.6970451678393753,0.7666856941536426,1.0361847902898766,2024,-0.915422152701282,59.0
"Speier, Gabe",Sinker,141,0.7840396247767134,0.7679122954794765,1.0974549771031923,2024,0.6120304991692619,44.0
"Speier, Gabe",Slider,123,0.9306711626080909,0.8727283688242926,1.2758540742032398,2024,0.9002070109386178,41.0
"Spence, Mitch",Curveball,301,0.7487677103465413,0.9805104090909116,1.2337154235856942,2024,-0.34459181373544195,53.0
"Spence, Mitch",Cutter,982,0.7575926983825774,0.8977554858578645,1.174696390149593,2024,0.8408123695878046,42.0
"Spence, Mitch",Sinker,361,0.7268976531561219,1.0110997980480103,1.245272259297783,2024,2.589393050345783,24.0
"Spence, Mitch",Slider,807,0.8053352150367554,0.7040869133162199,1.069721080507185,2024,-0.9518131937173744,60.0
"Spiers, Carson",Cutter,248,0.7231971942684997,0.7292373485262589,1.0270351952506003,2024,-0.9786858469550264,60.0
"Spiers, Carson",Four-Seam,463,0.7898003551189815,0.7992449873685075,1.123644583834121,2024,0.21943865884510513,48.0
"Spiers, Carson",Offspeed,188,0.7014601438105077,0.7348807964451242,1.0159213150330484,2024,-0.9030687743893933,59.0
"Spiers, Carson",Sinker,274,0.6878483414970427,0.6254639286887639,0.9296991271325445,2024,-1.6320517255063904,66.0
"Spiers, Carson",Sweeper,368,0.873579152169693,0.7297463596201418,1.1382751356699174,2024,-0.8091018250223556,58.0
"Springs, Jeffrey",Four-Seam,240,0.7044655108265724,0.8619660696327331,1.1132192781039347,2024,0.08416197407231207,49.0
"Springs, Jeffrey",Offspeed,179,0.6639079947502863,0.7470396826581861,0.9994208887948008,2024,-1.0198000364918138,60.0
"Springs, Jeffrey",Slider,114,0.7635754474765891,0.8608683406126121,1.150713588977807,2024,-0.2241288020835938,52.0
"Stanek, Ryne",Four-Seam,579,0.7787186146597597,0.8896274834609078,1.1823027277929299,2024,0.9805750182994964,40.0
"Stanek, Ryne",Offspeed,209,0.7024588800091119,1.1001048781917397,1.305250635366602,2024,1.1437739094368322,39.0
"Stanek, Ryne",Slider,162,0.7548306250721123,1.1136779351177775,1.3453801751605203,2024,1.5248704450402897,35.0
"Staumont, Josh",Sinker,122,0.7737065341766084,0.9705770148008154,1.241225822599273,2024,2.535263571880559,25.0
"Staumont, Josh",Slider,258,0.8195996940322864,1.024267168437172,1.311818162245103,2024,1.2233295567343152,38.0
"Steele, Justin",Four-Seam,1221,0.6700451431017498,0.7253703307355093,0.9874829671977063,2024,-1.5473672812958175,65.0
"Steele, Justin",Sinker,107,0.6476346983378859,0.7215568229935398,0.9695746238942803,2024,-1.098634300726392,61.0
"Steele, Justin",Slider,608,0.7582677196196649,0.9210275432179161,1.1930053101236544,2024,0.15584492578685838,48.0
"Stewart, Brock",Four-Seam,121,0.7434176923125617,0.7442648656579186,1.0519505955586195,2024,-0.7108482126437107,57.0
"Stone, Gavin",Cutter,111,0.5569543879497044,0.9537915425074822,1.104498300956245,2024,-0.024176554410687008,50.0
"Stone, Gavin",Four-Seam,557,0.7212007222710831,0.834574905622536,1.103016661206528,2024,-0.048225144886876244,50.0
"Stone, Gavin",Offspeed,574,0.6555983754226758,0.8990676256793718,1.112713721224644,2024,-0.21831678231751347,52.0
"Stone, Gavin",Sinker,465,0.610586273244674,0.7155296433123179,0.9406371604043042,2024,-1.4857328576853186,65.0
"Stone, Gavin",Slider,318,0.5967329733908147,0.8495771122739677,1.0382059098423668,2024,-1.2349640458826885,62.0
"Strahm, Matt",Cutter,116,0.6933500053312669,0.8561126288794303,1.1016637704942998,2024,-0.05910396457944293,51.0
"Strahm, Matt",Four-Seam,524,0.6931042325362057,0.7872562303883922,1.048887910810752,2024,-0.7505889981821222,58.0
"Strahm, Matt",Sinker,150,0.6706334737977316,0.7240263469389965,0.9868958441699108,2024,-0.8669270753924608,59.0
"Strahm, Matt",Slider,190,0.7530065638057067,0.9913833309553286,1.2449336504531319,2024,0.6223997152945098,44.0
"Stratton, Chris",Curveball,220,0.8791180586981364,0.9283914669409752,1.2785770516546884,2024,-0.0010860459052185398,50.0
"Stratton, Chris",Four-Seam,376,0.8030328022884019,0.8591800665059852,1.1760323414908251,2024,0.899211738109313,41.0
"Stratton, Chris",Slider,205,0.7945341994576215,0.7776092291046572,1.1117376971644448,2024,-0.5743111665781843,56.0
"Stratton, Hunter",Cutter,217,0.722034644931547,0.7912454385483989,1.0711691614796766,2024,-0.4348620420772725,54.0
"Stratton, Hunter",Four-Seam,217,0.8262681778049488,0.8737431628392891,1.2025581966214838,2024,1.2434059359301957,38.0
"Stratton, Hunter",Slider,147,0.8318371807703893,0.88540766481458,1.2148661770847178,2024,0.35225582817196693,46.0
"Strickland, Hunter",Cutter,363,0.778524759647506,0.6986665626932731,1.0460572485336739,2024,-0.7442939199005935,57.0
"Strickland, Hunter",Four-Seam,367,0.8709640584053924,0.757118662726368,1.1540394536074385,2024,0.6138364178604423,44.0
"Strickland, Hunter",Sinker,106,0.6352945789217199,0.6693968926665594,0.9228712813382864,2024,-1.723388316047954,67.0
"Strickland, Hunter",Slider,152,0.7879064544113111,0.7159588959658612,1.064609656923916,2024,-0.9977372332465713,60.0
"Stripling, Ross",Curveball,117,0.5247648680556193,1.023856672592759,1.150504520963802,2024,-0.9817382176292019,60.0
"Stripling, Ross",Cutter,216,0.5754153170655623,0.8384017362528153,1.0168678667680462,2024,-1.1039688372062348,61.0
"Stripling, Ross",Four-Seam,417,0.7229598965323266,0.8911359285467816,1.1475165598547878,2024,0.5291966514285766,45.0
"Stripling, Ross",Offspeed,239,0.5747025155224851,0.7598456148090731,0.9527057991281729,2024,-1.3502830977943798,64.0
"Stripling, Ross",Sinker,187,0.5520988091597443,0.681202573659321,0.8768409442057838,2024,-2.3391394887966266,73.0
"Stripling, Ross",Slider,182,0.5727639363846849,0.9761125221433713,1.1317482859310957,2024,-0.3945242530987003,54.0
"Stroman, Marcus",Curveball,437,1.0708237973769565,0.7796752362396634,1.3245969496545658,2024,0.35128860205906487,46.0
"Stroman, Marcus",Cutter,485,0.8019516561430855,0.8188882948239979,1.1461694892948393,2024,0.4893006182151856,45.0
"Stroman, Marcus",Offspeed,295,0.8460009622609334,0.8038538695196674,1.1670041438179075,2024,0.16575751115107076,48.0
"Stroman, Marcus",Sinker,936,0.8715687265098447,0.6714044676305366,1.1001890765610414,2024,0.6486047467733127,44.0
"Stroman, Marcus",Slider,425,0.7542144513020235,0.7498720080746069,1.0635541674247981,2024,-1.0072203724719735,60.0
"Suarez, José",Four-Seam,395,0.8149040626587682,0.8585117479696608,1.1836853689810007,2024,0.9985158941829705,40.0
"Suarez, José",Offspeed,244,0.7465087264544282,0.9745992947852585,1.22764777687598,2024,0.5947772057415003,44.0
"Suarez, José",Slider,131,0.7556676022447537,0.7645189679430695,1.0749524535657713,2024,-0.9048114574650952,59.0
"Suarez, José",Sweeper,118,0.8958088861849006,0.8795549851876713,1.2554244431809973,2024,0.2731341718492443,47.0
"Suarez, Ranger",Curveball,483,0.7912885272822324,0.8237106396855897,1.1422069651948932,2024,-1.045272654255747,60.0
"Suarez, Ranger",Cutter,285,0.7349371117822405,0.8761471420892843,1.1435761333929815,2024,0.45734498869776974,45.0
"Suarez, Ranger",Four-Seam,461,0.7527449112283198,0.8117704533024128,1.107066470558537,2024,0.004324372343621175,50.0
"Suarez, Ranger",Offspeed,384,0.8383272311180006,0.9292560214915273,1.2515227924062091,2024,0.7636795513729391,42.0
"Suarez, Ranger",Sinker,739,0.7236825062721195,0.6489101837277566,0.9720086401004299,2024,-1.0660742886388943,61.0
"Suarez, Robert",Four-Seam,664,0.6821597331420497,0.835657650983737,1.078733336449787,2024,-0.36332071650560255,54.0
"Suarez, Robert",Offspeed,119,0.730244184178403,0.8853365865429876,1.147639943535415,2024,0.02876665370644067,50.0
"Suarez, Robert",Sinker,166,0.6913995132640547,0.7656030727458913,1.031591659495036,2024,-0.2690278980698886,53.0
"Sulser, Cole",Four-Seam,143,0.6510498947451071,0.7474463487551907,0.9912325709514802,2024,-1.498713171944044,65.0
"Suter, Brent",Four-Seam,440,0.6006216293482259,0.8581058530615795,1.047421594535581,2024,-0.7696156252822944,58.0
"Suter, Brent",Offspeed,202,0.7517370448574564,1.1927673021313352,1.40989447181152,2024,1.8840703674240837,31.0
"Suter, Brent",Sinker,214,0.5978394805476334,0.8307757325959604,1.023523503575672,2024,-0.37695620750127024,54.0
"Suter, Brent",Slider,166,0.7325875466205243,0.9257276223816128,1.180532144544905,2024,0.04377866092716576,50.0
"Suárez, Albert",Curveball,297,0.8472302564153146,1.154199882212696,1.4317738911872087,2024,1.1719431163857645,38.0
"Suárez, Albert",Cutter,435,0.8316947960536031,0.9404661913867155,1.2554652089660145,2024,1.8360550390601509,32.0
"Suárez, Albert",Four-Seam,1116,0.6551809510570785,0.8421784004621091,1.0670175897486296,2024,-0.5153419055611362,55.0
"Suárez, Albert",Offspeed,385,0.7310298751192525,0.7649504483519733,1.0580897252836146,2024,-0.604750920151706,56.0
"Swanson, Erik",Four-Seam,332,0.6368474745374513,0.8490326129732896,1.061334576708486,2024,-0.5890835476278229,56.0
"Swanson, Erik",Offspeed,206,0.6531790471862867,0.9519930844408862,1.1545274793206342,2024,0.07749210681749978,49.0
"Swanson, Erik",Slider,128,0.7541768412766315,0.98060750262889,1.2370827709292802,2024,0.5518627903618003,44.0
"Sánchez, Cristopher",Offspeed,998,0.8330360429359773,0.7988462413416889,1.1541682572901473,2024,0.07495081240556939,49.0
"Sánchez, Cristopher",Sinker,1324,0.7609579600953781,0.6556565392142647,1.004461305599646,2024,-0.6319526183491346,56.0
"Sánchez, Cristopher",Slider,469,0.8117525952586256,0.8056724071232281,1.143700268212284,2024,-0.28714060590299645,53.0
"Sánchez, Sixto",Cutter,211,0.8621899950222532,0.7641809550075155,1.152104213824718,2024,0.5624289760425327,44.0
"Sánchez, Sixto",Four-Seam,185,0.7891912300965567,0.8305896679453829,1.1457320778257618,2024,0.5060415690577733,45.0
"Sánchez, Sixto",Offspeed,194,0.8169008510210347,0.6746418467830255,1.0594661966432444,2024,-0.5950131572153172,56.0
"Taillon, Jameson",Curveball,364,0.6807685331040576,0.9244423923103526,1.1480590282581895,2024,-1.0004633706324038,60.0
"Taillon, Jameson",Cutter,622,0.7240412452094823,0.7055099413127525,1.010930265673959,2024,-1.1771326403884086,62.0
"Taillon, Jameson",Four-Seam,732,0.6664857639904356,0.7924780924538236,1.0354828828238378,2024,-0.9245299637794813,59.0
"Taillon, Jameson",Offspeed,106,0.5372450295816548,0.8320702037357962,0.9904408340507386,2024,-1.0833288877401166,61.0
"Taillon, Jameson",Sinker,274,0.7366599774988003,0.716550906215699,1.027673646469088,2024,-0.32143944371265387,53.0
"Taillon, Jameson",Sweeper,385,0.6337546115095621,0.8600603764352818,1.0683392526363686,2024,-1.4551758966488557,65.0
"Tate, Dillon",Sinker,319,0.7594805187891329,0.6929020537790491,1.0280680495723202,2024,-0.31616348467173216,53.0
"Tate, Dillon",Sweeper,197,1.1090466152536407,0.8551037152206942,1.4004237782149342,2024,1.6126512652928409,34.0
"Taylor, Troy",Four-Seam,184,0.7859479240611651,0.7638792251350774,1.0960043840829385,2024,-0.139215052189128,51.0
"Taylor, Troy",Sweeper,135,0.9589058538801,0.8084858009749485,1.2542526567576517,2024,0.26230910190275675,47.0
"Thielbar, Caleb",Curveball,220,0.6988134491037097,0.99763498686028,1.2180376856468498,2024,-0.46463635158059996,55.0
"Thielbar, Caleb",Four-Seam,385,0.6987537740497741,0.7389708898478823,1.0170225232468424,2024,-1.16406790232251,62.0
"Thielbar, Caleb",Sweeper,274,0.7108480282138362,0.7946585852615465,1.0662022258208719,2024,-1.474917945450909,65.0
"Thompson, Keegan",Cutter,164,0.7890626978751969,0.7511746544509621,1.0894417389964488,2024,-0.20970524156410994,52.0
"Thompson, Keegan",Four-Seam,202,0.8057872603375975,0.7752301009249353,1.1181568844766179,2024,0.14823136811181553,49.0
"Thompson, Ryan",Sinker,627,0.7685933444319847,0.5701527162081533,0.9569795446636665,2024,-1.26711959304107,63.0
"Thompson, Ryan",Slider,251,1.1848364819039128,0.5267728008635766,1.2966599679870194,2024,1.087139413037738,39.0
"Thompson, Zack",Four-Seam,113,0.6407791164232621,0.8727200056115647,1.0826994431691679,2024,-0.3118573079170708,53.0
"Thornton, Trent",Curveball,137,0.7751737820212167,0.9537288597184144,1.2290212081949048,2024,-0.3805354504597638,54.0
"Thornton, Trent",Four-Seam,226,0.7310741736711809,0.7542592599050606,1.0504172878249527,2024,-0.7307441075282458,57.0
"Thornton, Trent",Sinker,108,0.6066775907408669,0.7852272021463275,0.9922900070532265,2024,-0.7947689655824497,58.0
"Thornton, Trent",Slider,247,0.67324199927963,0.8766939690242165,1.1053719305814977,2024,-0.6315049622842986,56.0
"Thornton, Trent",Sweeper,345,0.9225148322112097,0.6357874739553755,1.1203835627535035,2024,-0.9743858088731766,60.0
"Thorpe, Drew",Cutter,104,0.7892029909807519,0.9180486156037899,1.2106422351731332,2024,1.2837412037828366,37.0
"Thorpe, Drew",Four-Seam,232,0.8554528047113061,0.8577281098759848,1.2114029104966975,2024,1.358173176505064,36.0
"Thorpe, Drew",Offspeed,256,0.7978033344164921,0.7390358720641238,1.0875036462484404,2024,-0.39666392482026674,54.0
"Thorpe, Drew",Slider,105,0.7362901864061968,0.837760651996618,1.1153323041281782,2024,-0.5420151007943265,55.0
"Tinoco, Jesus",Sinker,195,0.7633158040121951,0.6663845994533627,1.0132716570808653,2024,-0.5140959048240431,55.0
"Tinoco, Jesus",Slider,336,0.9045093165122647,0.728243324427716,1.1612387537586817,2024,-0.1295645235467196,51.0
"Tonkin, Michael",Four-Seam,535,0.857459992931708,0.6409182997150656,1.0705203904588159,2024,-0.46989026320576893,55.0
"Tonkin, Michael",Sinker,244,0.780279816821121,0.5881583372080181,0.9771217028424365,2024,-0.9976764758949807,60.0
"Tonkin, Michael",Slider,506,1.050970816039069,0.8310421674117684,1.3398398188523417,2024,1.475092621317078,35.0
"Tonkin, Michael",Sweeper,134,1.267790619892926,0.6517151819578197,1.4254914009852195,2024,1.8442282527661564,32.0
"Toussaint, Touki",Curveball,128,1.00423826732594,0.7836159850616469,1.2737929618293318,2024,-0.037717851739382635,50.0
"Toussaint, Touki",Offspeed,183,0.9015036942478073,0.7166060322725575,1.1516219502214526,2024,0.05693711787808744,49.0
"Toussaint, Touki",Sinker,141,0.9269304244935953,0.7388152626928142,1.18534720830638,2024,1.7877712781922712,32.0
"Treinen, Blake",Cutter,119,0.6819007044081492,0.6405250816080029,0.9355538203872982,2024,-2.1059298633976953,71.0
"Treinen, Blake",Sinker,252,0.7722352839329067,0.7270696472030166,1.0606496149223155,2024,0.11968248831118034,49.0
"Treinen, Blake",Sweeper,284,0.8723769183926862,0.7303642365764915,1.1377492719462758,2024,-0.8139598021053193,58.0
"Turnbull, Spencer",Four-Seam,321,0.8376796062576002,0.7910551395255461,1.1521611677667623,2024,0.5894641559663224,44.0
"Turnbull, Spencer",Sinker,111,0.7519608035004546,0.7454465587905169,1.0588369194610059,2024,0.09543392908545555,49.0
"Turnbull, Spencer",Sweeper,304,0.8833175776158593,0.6501564294321291,1.0967922892038788,2024,-1.1923241474761077,62.0
"Tyler, Kyle",Curveball,165,0.6989695312587729,1.1395471968144986,1.3368344023834404,2024,0.4449908544484174,46.0
"Tyler, Kyle",Cutter,260,0.6447525730451515,0.9031356397797162,1.1096665554519793,2024,0.039507271553613235,50.0
"Uceta, Edwin",Cutter,143,0.7785509613666851,0.5757186019712642,0.9682941227234297,2024,-1.7025000946597828,67.0
"Uceta, Edwin",Four-Seam,269,0.886427067867219,0.6267576750243754,1.08562338306138,2024,-0.2739168479123259,53.0
"Uceta, Edwin",Offspeed,229,0.8325620878062664,0.629210382441597,1.043582931742672,2024,-0.7073783489612862,57.0
"Ureña, José",Offspeed,320,0.7479080062118115,0.8041692455005732,1.098205154406356,2024,-0.32095675606984836,53.0
"Ureña, José",Sinker,737,0.8467075789594333,0.6536685242157879,1.0696711007677973,2024,0.24036356160639447,48.0
"Ureña, José",Slider,609,0.9568537939684911,0.7513400570686539,1.216585822861595,2024,0.3677061385105623,46.0
"Uribe, Abner",Sinker,166,0.8292234030849386,0.8845042656951827,1.2124187594460674,2024,2.149909389725191,29.0
"Valdez, Framber",Curveball,813,0.8475743365791619,0.9281721097222287,1.2569350505470915,2024,-0.166798984285751,52.0
"Valdez, Framber",Offspeed,454,0.7685857120704951,0.8781510022415282,1.1669932217184085,2024,0.16568024342229073,48.0
"Valdez, Framber",Sinker,1201,0.6863778028958514,0.771930753127743,1.032952843034231,2024,-0.25081924671517974,53.0
"Valdez, Framber",Slider,112,0.9302504613095811,0.94115972396369,1.3233093163648844,2024,1.3265728523516642,37.0
"Varland, Gus",Four-Seam,252,0.7161454688500106,0.8586732583230855,1.118116316450836,2024,0.1477049655124513,49.0
"Varland, Gus",Slider,173,0.7766304685817645,0.9130631653714624,1.1986822884683355,2024,0.206850242341115,48.0
"Varland, Louis",Curveball,140,0.8084737129913461,1.0068695609987008,1.2912846539255898,2024,0.09621614447970886,49.0
"Varland, Louis",Four-Seam,383,0.6343712780914696,0.7735287149672524,1.0003867208966208,2024,-1.3799307507335004,64.0
"Varland, Louis",Slider,250,0.7214734918664841,0.9286195131231081,1.1759499137374074,2024,0.0026092009308876203,50.0
"Veneziano, Anthony",Four-Seam,113,0.7566784662248482,0.7585472257230025,1.0714271766669223,2024,-0.4581239864935996,55.0
"Verlander, Justin",Curveball,346,0.7803420258453084,0.9450745214334499,1.2256017005385658,2024,-0.4067186420569474,54.0
"Verlander, Justin",Four-Seam,767,0.717007592419175,0.8051505635280364,1.0781314008673786,2024,-0.3711313123905013,54.0
"Verlander, Justin",Offspeed,160,0.6640710962426645,1.0539370408751698,1.2457020939990602,2024,0.7225013744232381,43.0
"Verlander, Justin",Slider,305,0.6172425545323048,0.8270573863015311,1.0319943271944305,2024,-1.2907725623195638,63.0
"Vesia, Alex",Four-Seam,689,0.6776384208872575,0.7762056167500856,1.0303829331549297,2024,-0.9907058920038593,60.0
"Vesia, Alex",Slider,344,0.6617464504502861,0.8770076857845155,1.0986586574585686,2024,-0.6918209613881177,57.0
"Vest, Will",Four-Seam,651,0.6875162308079494,0.7698134215239534,1.0321294839228194,2024,-0.9680429981010553,60.0
"Vest, Will",Offspeed,114,0.7014475785365133,0.7757809512610043,1.0458799117366042,2024,-0.6911285036637016,57.0
"Vest, Will",Sinker,146,0.5879741116714972,0.7374985311408991,0.9431954407390177,2024,-1.451510555298413,65.0
"Vest, Will",Slider,251,0.9024799024530663,1.059737656662946,1.3919460748467118,2024,1.9432459099305635,31.0
"Vieira, Thyago",Four-Seam,167,0.7446112429267718,0.897086250370065,1.165851467253001,2024,0.7671067475579233,42.0
"Vieira, Thyago",Sinker,298,0.7994315585180104,0.8064572560233415,1.1355457377610259,2024,1.121573379084181,39.0
"Vieira, Thyago",Slider,266,0.8579421690931816,1.1728429170552876,1.453143239187063,2024,2.4930772726531267,25.0
"Vodnik, Victor",Four-Seam,848,0.7768272345383684,0.9082467404288088,1.1951454697316497,2024,1.147219872448201,39.0
"Vodnik, Victor",Offspeed,222,0.8171827563789055,0.8704419655642947,1.1939249862275512,2024,0.3562073738372743,46.0
"Vodnik, Victor",Slider,270,0.8149465673002493,0.943065335016336,1.2463988661997145,2024,0.6355640764100934,44.0
"Voth, Austin",Curveball,183,0.899480608594569,0.9909286079549121,1.338284301372887,2024,0.4560927401151639,45.0
"Voth, Austin",Cutter,329,0.6801869438705834,0.8707749856470405,1.104944955298954,2024,-0.018672828258896167,50.0
"Voth, Austin",Four-Seam,231,0.7256301894103729,0.7720808364268056,1.059550843405473,2024,-0.6122289146794347,56.0
"Voth, Austin",Sweeper,231,0.9076658907133114,0.8110627887562661,1.2172428748895927,2024,-0.0795906414669693,51.0
"Vásquez, Randy",Curveball,277,0.8339259714711019,0.8857430010344254,1.2165414870753446,2024,-0.4760927534379054,55.0
"Vásquez, Randy",Cutter,232,0.7544333018045898,0.7937739129023,1.0951011970023607,2024,-0.13996874948574284,51.0
"Vásquez, Randy",Four-Seam,474,0.7244613714375354,0.7667136925876894,1.0548431945586059,2024,-0.6733144257963616,57.0
"Vásquez, Randy",Offspeed,210,0.8327006633975417,0.9402067093688705,1.255937518814111,2024,0.7949112649050869,42.0
"Vásquez, Randy",Sinker,270,0.7622809494283307,0.6990252996439966,1.0342671876279053,2024,-0.23323716334652755,52.0
"Vásquez, Randy",Sweeper,221,0.9058053533188087,0.8123908282082545,1.216742452558431,2024,-0.08421358864376283,51.0
"Wacha, Michael",Curveball,212,0.8520747342143119,1.3700563871576628,1.6134081494395327,2024,2.562717772385371,24.0
"Wacha, Michael",Cutter,296,0.6722501424970379,0.8597337668243589,1.0913580548588482,2024,-0.1860921772356417,52.0
"Wacha, Michael",Four-Seam,606,0.6940949992861275,0.7822738442189486,1.045810802862115,2024,-0.7905169362927879,58.0
"Wacha, Michael",Offspeed,839,0.6354869601240369,0.9122161574309235,1.1117472709054557,2024,-0.22515387633491818,52.0
"Wacha, Michael",Sinker,409,0.770964652726244,0.7939956637413859,1.10671387891967,2024,0.735887503202267,43.0
"Wacha, Michael",Slider,240,0.7707896771893614,1.0963404106642358,1.3401787278259214,2024,1.4781375791152183,35.0
"Waldron, Matt",Cutter,212,0.6506710512920013,0.7305640242002761,0.9783131453911573,2024,-1.5790445457059603,66.0
"Waldron, Matt",Four-Seam,458,0.7518522625357721,0.7788918746557674,1.082568416814815,2024,-0.3135574797195524,53.0
"Waldron, Matt",Sinker,358,0.7899265185336009,0.5469550887587157,0.9608037124208408,2024,-1.2159634223945368,62.0
"Waldron, Matt",Sweeper,486,0.9017946343453582,0.6022343971449406,1.084398373126135,2024,-1.3068202755925404,63.0
"Walker, Ryan",Sinker,667,0.8437663636547157,0.6737229777686133,1.079742713431542,2024,0.3750922578425166,46.0
"Walker, Ryan",Slider,546,0.9905831276483585,0.6512037734024739,1.1854624782232563,2024,0.08807568210887103,49.0
"Walker, Taijuan",Curveball,155,0.860727995093126,0.8915762925062631,1.2392582325311565,2024,-0.3021504908342966,53.0
"Walker, Taijuan",Cutter,143,0.7569181081039689,0.8712112363942057,1.1540944678817293,2024,0.5869531153038764,44.0
"Walker, Taijuan",Four-Seam,180,0.8259556821557897,0.9952733635920655,1.2933568174178771,2024,2.4215907029930137,26.0
"Walker, Taijuan",Offspeed,318,0.7562575340278112,0.8161276617910435,1.1126499081536572,2024,-0.21876822400801155,52.0
"Walker, Taijuan",Sinker,392,0.7802002159671746,0.762884033237727,1.0911940364409471,2024,0.5282774398729592,45.0
"Walker, Taijuan",Sweeper,222,0.6562109477891122,0.829472579328772,1.0576566398678784,2024,-1.5538628485764792,66.0
"Walston, Blake",Four-Seam,112,0.7891160181159975,0.8818721312354671,1.1833860510826686,2024,0.994632004920875,40.0
"Warren, Will",Four-Seam,140,0.8872923936316637,0.7793231462714647,1.1809455356243412,2024,0.9629643638095594,40.0
"Warren, Will",Sinker,121,0.7177367693219067,0.5822623596625579,0.9242161681752045,2024,-1.7053976668666821,67.0
"Warren, Will",Sweeper,122,1.0816999777552683,0.7317500515597969,1.3059605582993359,2024,0.7399914165490504,43.0
"Weathers, Ryan",Four-Seam,554,0.7155278079419163,0.7663143302556654,1.0484358333695738,2024,-0.7564550647595356,58.0
"Weathers, Ryan",Offspeed,368,0.7769581801420494,0.9121126868395061,1.1981709256960078,2024,0.3862450144295251,46.0
"Weathers, Ryan",Sinker,177,0.7009305548036233,0.6752294597077967,0.9732617663889804,2024,-1.0493111269971265,60.0
"Weathers, Ryan",Sweeper,305,0.9988310131478366,0.9622651957653173,1.3869454566806865,2024,1.4881373005782565,35.0
"Weaver, Luke",Cutter,304,0.7478150948982091,0.7524231535870842,1.060833643042843,2024,-0.5622174882777982,56.0
"Weaver, Luke",Four-Seam,664,0.8227740721959848,0.8321645853711759,1.1702371857977958,2024,0.8240149553784925,42.0
"Weaver, Luke",Offspeed,381,0.6837049408076364,0.7928903098165545,1.0469610735293673,2024,-0.6834798903016049,57.0
"Webb, Jacob",Four-Seam,413,0.6900216703589762,0.7069728966572515,0.9878970503918596,2024,-1.5419942204787147,65.0
"Webb, Jacob",Offspeed,258,0.8019014369147333,0.7872435414322108,1.123742990212906,2024,-0.14029088950253915,51.0
"Webb, Jacob",Sweeper,262,0.9261268963067032,0.7693738734616564,1.2040129506064625,2024,-0.20180988970055372,52.0
"Webb, Logan",Four-Seam,176,0.8403502108898684,0.706541440642943,1.0979022198212607,2024,-0.1145891147281112,51.0
"Webb, Logan",Offspeed,990,0.696670332025258,0.5588336975706881,0.8931095414699759,2024,-1.771893198804791,68.0
"Webb, Logan",Sinker,1270,0.810729606856902,0.6347164640851548,1.029634636759617,2024,-0.2952071337544177,53.0
"Webb, Logan",Sweeper,680,1.0274203450880977,0.6531752114274092,1.2174688588724503,2024,-0.07750298080417167,51.0
"Weems, Jordan",Four-Seam,451,0.8114028912785124,0.8962549730304729,1.2089861987040973,2024,1.326814407005608,37.0
"Weems, Jordan",Slider,256,0.749979453218011,0.8437388510016968,1.1288775083855866,2024,-0.4203170091346167,54.0
"Weissert, Greg",Four-Seam,220,0.7109038221079279,0.6212498207907471,0.9441057060097644,2024,-2.1102219581651873,71.0
"Weissert, Greg",Sinker,342,0.7811130826965038,0.6003561437951265,0.9851726484998402,2024,-0.8899783893914668,59.0
"Weissert, Greg",Sweeper,300,0.969362912536564,0.6303519330127417,1.1562906276772593,2024,-0.6426730652974724,56.0
"Wentz, Joey",Curveball,159,0.7117593146951305,0.9020801773413281,1.1490648234139986,2024,-0.9927619908085423,60.0
"Wentz, Joey",Cutter,384,0.6878519136890165,0.8566914603409933,1.0986630572595157,2024,-0.09607909797708838,51.0
"Wentz, Joey",Four-Seam,447,0.7707942497603943,0.8428507383090322,1.1421563564292632,2024,0.45964372244221513,45.0
"Wentz, Joey",Offspeed,234,0.7492342557264905,1.035917400086996,1.2784665931329724,2024,0.9542918312776087,40.0
"Wesneski, Hayden",Four-Seam,387,0.6979688800087498,0.9072271223877536,1.1446491204979072,2024,0.491989331084705,45.0
"Wesneski, Hayden",Sinker,127,0.6774893819392801,0.6731211305150332,0.9550308471386169,2024,-1.293187461780065,63.0
"Wesneski, Hayden",Sweeper,437,0.8433049498621157,0.9059078722725122,1.2376721340917616,2024,0.10913671994672455,49.0
"Wheeler, Zack",Curveball,317,0.8677483219011214,0.8315433967849881,1.201853389935282,2024,-0.588559605472401,56.0
"Wheeler, Zack",Cutter,301,0.8052849170766478,0.904396405769087,1.210956917664368,2024,1.2876187576111842,37.0
"Wheeler, Zack",Four-Seam,1296,0.7020278821425956,0.686687631033439,0.982030065690422,2024,-1.618123042075298,66.0
"Wheeler, Zack",Offspeed,230,0.7547163636103726,0.7114581676115843,1.037193093769187,2024,-0.7525828691660987,58.0
"Wheeler, Zack",Sinker,597,0.8187322207367375,0.6554427615377888,1.0487743622556724,2024,-0.03917363162388322,50.0
"Wheeler, Zack",Sweeper,393,0.8372203808779463,0.7456123089249311,1.121104670125756,2024,-0.9677241531413452,60.0
"White, Mitch",Four-Seam,145,0.7614089631728929,0.8261660626376344,1.1235185678279604,2024,0.2178035003199852,48.0
"Wicks, Jordan",Four-Seam,384,0.6200983666774507,0.7353379427491785,0.9618959789928618,2024,-1.8793789294194558,69.0
"Wicks, Jordan",Offspeed,220,0.650463177789896,0.8751384358239539,1.0903988387360501,2024,-0.37618206161089407,54.0
"Wicks, Jordan",Sinker,111,0.6529020239295087,0.6213970856643694,0.9013408849727279,2024,-2.0114019965403185,70.0
"Williams, Devin",Four-Seam,209,0.8420218534876313,0.6961875329346694,1.092555665750907,2024,-0.18396493240813722,52.0
"Williams, Devin",Offspeed,176,0.8727249275506587,0.6127262603461378,1.0663405972230755,2024,-0.5463806283160804,55.0
"Williams, Gavin",Curveball,271,0.9428805528060729,1.0572589514227488,1.4166228246161416,2024,1.0559313045108798,39.0
"Williams, Gavin",Cutter,166,0.8332592290998938,0.7184699187863476,1.1002363232874155,2024,-0.0766931331413768,51.0
"Williams, Gavin",Four-Seam,704,0.7088946174143916,0.7307249064545976,1.0180817587562294,2024,-1.1503234739276087,62.0
"Williams, Gavin",Slider,153,0.9473518908736365,0.8704283507933549,1.286515106404388,2024,0.9959920023899526,40.0
"Williams, Trevor",Four-Seam,383,0.7084031239745162,0.6512435811670263,0.9622646143697206,2024,-1.8745955904016824,69.0
"Williams, Trevor",Offspeed,179,0.6751389129757555,0.5174558535614305,0.8506310082515646,2024,-2.072404999121253,71.0
"Williams, Trevor",Sinker,133,0.6474284130271801,0.5150499120918778,0.8273088673166413,2024,-3.0017336893424855,80.0
"Williams, Trevor",Slider,144,0.6778809870866375,0.48518741530384574,0.8336242922460816,2024,-3.07304577407125,80.0
"Williams, Trevor",Sweeper,225,0.7899497258973851,0.6011109607865782,0.9926504705197681,2024,-2.154395775163368,72.0
"Williamson, Brandon",Cutter,115,0.6766446701593064,0.9132891061798345,1.1366375856541775,2024,0.37184740590503257,46.0
"Wilson, Bryse",Curveball,228,0.7394269889340913,0.852396036637846,1.1284198133850916,2024,-1.1508409622390008,62.0
"Wilson, Bryse",Cutter,573,0.777190958811546,0.8853082096233857,1.1780477123126103,2024,0.8821077465000766,41.0
"Wilson, Bryse",Four-Seam,244,0.7367723754059707,0.8147436490663247,1.098472005494572,2024,-0.10719568964193722,51.0
"Wilson, Bryse",Sinker,528,0.7352344248770636,0.7230743362078658,1.0312158625655214,2024,-0.27405496096968607,53.0
"Wilson, Justin",Cutter,195,0.6974318131142608,0.7750467557676028,1.0426450055362715,2024,-0.786339970336738,58.0
"Wilson, Justin",Four-Seam,405,0.7212064879299361,0.8340236409587712,1.1026033883089414,2024,-0.053587691457580286,51.0
"Wilson, Justin",Slider,207,0.7174789206226573,0.961016569290008,1.1993034845224915,2024,0.21243143350668778,48.0
"Wilson, Steven",Four-Seam,248,0.9379125035971119,0.7233766723229109,1.1844634542546133,2024,1.008612173276261,40.0
"Wilson, Steven",Sweeper,318,0.9022552113575326,0.875464479460588,1.2571803853143049,2024,0.2893557255695614,47.0
"Winckowski, Josh",Cutter,436,0.6375476756272473,0.9379275235915279,1.1340965912162164,2024,0.3405369803644699,47.0
"Winckowski, Josh",Offspeed,156,0.6308002070210489,0.7845793998404471,1.0067143268235503,2024,-0.9682030526400719,60.0
"Winckowski, Josh",Sinker,418,0.6939609590555545,0.800324988341508,1.0592931131925383,2024,0.10153646586208302,49.0
"Winckowski, Josh",Slider,165,0.7108719587195846,0.973281593971663,1.2052452044533677,2024,0.26581534437452176,47.0
"Winn, Cole",Four-Seam,120,0.8034324490908603,0.9457464423840849,1.2409432031863066,2024,1.7414821139780112,33.0
"Winn, Keaton",Four-Seam,223,0.7942180817378931,0.6977928072064526,1.057211976449605,2024,-0.6425775851264163,56.0
"Winn, Keaton",Offspeed,343,0.745596507958025,0.7924278508303418,1.088051493014368,2024,-0.3927882161869206,54.0
"Winn, Keaton",Sinker,163,0.7524105336843159,0.7237672424812035,1.0440117971019112,2024,-0.10288281259900485,51.0
"Winn, Keaton",Slider,118,0.8481739754029687,0.8152469914101971,1.1764466624349161,2024,0.007072283758759461,50.0
"Woo, Bryan",Four-Seam,837,0.6337173361251155,0.7839714014610313,1.0080718329634482,2024,-1.2802102716018806,63.0
"Woo, Bryan",Offspeed,161,0.7778108669140267,0.7529653360947947,1.0825647980836512,2024,-0.4316035058519198,54.0
"Woo, Bryan",Sinker,398,0.6703050974184293,0.6670280443888525,0.9456401723839502,2024,-1.418807202005787,64.0
"Woo, Bryan",Slider,164,0.7698070874536742,0.7193187067582504,1.0535759838693508,2024,-1.0968702495688116,61.0
"Woo, Bryan",Sweeper,156,1.1465996474072604,0.8510726320414567,1.4279409569181867,2024,1.866857474084914,31.0
"Wood, Alex",Offspeed,169,0.7552274547626063,0.5603516455003329,0.9404054843747645,2024,-1.437300926588049,64.0
"Wood, Alex",Sinker,348,0.7663950792214779,0.7199123639359676,1.051491906389568,2024,-0.002820845794276131,50.0
"Wood, Alex",Slider,238,0.9477491164139791,0.7758324565173651,1.224803816229051,2024,0.44154143040323096,46.0
"Woodford, Jake",Cutter,120,0.8569967379856352,0.773530509983595,1.1544664823170485,2024,0.5915371199372839,44.0
"Woodford, Jake",Sinker,277,0.8008251006360687,0.6903008646617848,1.057277695575565,2024,0.07457607759342146,49.0
"Woodford, Jake",Sweeper,174,0.9724002478550933,0.7495950016413628,1.2277845529710665,2024,0.01779434295664112,50.0
"Woods Richardson, Simeon",Curveball,213,0.547780665989587,1.0457268682930168,1.1805118979078169,2024,-0.7519715439393354,58.0
"Woods Richardson, Simeon",Four-Seam,924,0.6844094939563673,0.861482126994592,1.1002580654322591,2024,-0.08402013264352415,51.0
"Woods Richardson, Simeon",Offspeed,442,0.6369173619599147,0.8656383615771922,1.0747062384670625,2024,-0.4871984080142139,55.0
"Woods Richardson, Simeon",Slider,716,0.6598089346406392,0.8121970605935004,1.0464281606820114,2024,-1.1610905023527043,62.0
"Wrobleski, Justin",Four-Seam,350,0.7176040878847209,0.8290582719303463,1.09649133384856,2024,-0.13289648929524303,51.0
"Yamamoto, Yoshinobu",Curveball,330,0.671108737568283,0.81799319677179,1.0580641793414174,2024,-1.6895544939054485,67.0
"Yamamoto, Yoshinobu",Four-Seam,581,0.7521145803720398,0.7310567801483047,1.048866224934818,2024,-0.7508703897766406,58.0
"Yamamoto, Yoshinobu",Offspeed,347,0.5899673032687819,0.8937394212118437,1.0709022233398902,2024,-0.5141096817255703,55.0
"Yarbrough, Ryan",Cutter,142,0.716624901500446,0.6824705791069856,0.989604638629563,2024,-1.4399094681154105,64.0
"Yarbrough, Ryan",Four-Seam,258,0.6638326319429162,0.684282158510388,0.9533707755579122,2024,-1.99000026634144,70.0
"Yarbrough, Ryan",Offspeed,232,0.7189430170673712,0.6000426159794466,0.9364455151162785,2024,-1.4653154883184827,65.0
"Yarbrough, Ryan",Sinker,439,0.6623473526930345,0.5766759702232515,0.8782136358838887,2024,-2.3207768922294476,73.0
"Yarbrough, Ryan",Sweeper,400,1.0400393740958571,0.6381823401967971,1.2202289125441843,2024,-0.05200535303060844,51.0
"Yates, Kirby",Four-Seam,623,0.7279327491238462,0.7399863176214215,1.038010518980377,2024,-0.8917318618899209,59.0
"Yates, Kirby",Offspeed,397,0.8102077178477886,0.7761715284477972,1.121997677195952,2024,-0.15263800031599073,52.0
"Young, Alex",Offspeed,124,0.7264306807435196,0.6971802416355488,1.0068573996611911,2024,-0.9671908925498268,60.0
"Young, Alex",Sinker,102,0.7675701496993368,0.6685599009052521,1.0179077933722203,2024,-0.4520779719506219,55.0
"Young, Danny",Sinker,329,0.8487296170735816,0.7208022428011921,1.1135069986870747,2024,0.8267595611531106,42.0
"Young, Danny",Sweeper,364,1.2015213123282487,0.7139899684350303,1.3976534402364744,2024,1.5870586301549323,34.0
"Zerpa, Angel",Four-Seam,187,0.7398176447541102,0.8152699421997853,1.1009065474162463,2024,-0.07560555994906004,51.0
"Zerpa, Angel",Sinker,416,0.7716800885717844,0.6750401394822889,1.0252655017167138,2024,-0.3536533714784791,54.0
"Zerpa, Angel",Slider,248,0.8887529801001756,0.875986696970598,1.2478920437707748,2024,0.6489796630231728,44.0
"Zulueta, Yosver",Sinker,176,0.7213952583998239,0.8944858076385515,1.149137058365337,2024,1.3033854648227075,37.0
"Abbott, Andrew",Curveball,308,0.6521713354089976,0.90070754504718,1.1120258685993205,2025,-1.2327244416142669,62.0
"Abbott, Andrew",Cutter,115,0.6126338592473456,0.9106060702113099,1.0975079319084584,2025,0.1408106750479156,49.0
"Abbott, Andrew",Four-Seam,1263,0.6862475121053283,0.830946468149115,1.0776862626944081,2025,-0.16253403256137638,52.0
"Abbott, Andrew",Offspeed,526,0.6294332414697036,0.823640284496527,1.036614452780096,2025,-0.8454526645096601,58.0
"Abbott, Andrew",Sweeper,465,0.6467415698765053,0.8984484543998438,1.107015936389262,2025,-1.0490874441071019,60.0
"Abel, Mick",Curveball,154,0.7919899548801188,0.9569372237980112,1.242166228377369,2025,-0.266852950300097,53.0
"Abel, Mick",Four-Seam,303,0.7325173702557473,0.7271110908134426,1.0321202624259973,2025,-0.7682672740951936,58.0
"Abreu, Bryan",Four-Seam,594,0.8486439837794317,0.8848201720168868,1.2260111532987852,2025,1.809228164179522,32.0
"Abreu, Bryan",Slider,576,0.7892707862900303,0.8768069067045344,1.179719765764589,2025,0.18665990487016193,48.0
"Adam, Jason",Four-Seam,247,0.6806856068448778,0.8419608050328317,1.0826961219923683,2025,-0.09593529020290914,51.0
"Adam, Jason",Offspeed,363,0.8277094843949979,0.9216354700728085,1.2387553956507151,2025,0.7179442913865077,43.0
"Adam, Jason",Slider,382,0.7635439996153348,0.8339104400213839,1.1306662024334329,2025,-0.30518229593440876,53.0
"Adams, Travis",Cutter,123,0.6996044689557112,0.8165892765922824,1.0752973819499003,2025,-0.13747109847792627,51.0
"Adams, Travis",Four-Seam,195,0.8848769374354231,0.7470238712113493,1.1580379348556264,2025,0.9056237726919311,41.0
"Adams, Travis",Offspeed,111,0.8858864542904193,0.8173179190153081,1.205322940393472,2025,0.4593712480680981,45.0
"Adams, Travis",Slider,133,0.851281507485768,0.7747423160808187,1.151045551363417,2025,-0.10084599194318891,51.0
"Agnos, Zach",Cutter,176,0.6835851681434141,0.7247060561632819,0.9962366937356792,2025,-1.128043082218908,61.0
"Agnos, Zach",Four-Seam,155,0.8401428531262439,0.6922753369802394,1.088616165528608,2025,-0.017236981373863675,50.0
"Agnos, Zach",Offspeed,108,0.784287947887813,0.8470932963188298,1.1544152796417664,2025,0.06564160220435813,49.0
"Akin, Keegan",Four-Seam,543,0.6699915304789893,0.8263919713642556,1.063866693363825,2025,-0.34624496786193926,53.0
"Akin, Keegan",Offspeed,211,0.7455315267900672,0.8131053699310938,1.1031580122759883,2025,-0.3307919684973692,53.0
"Akin, Keegan",Slider,304,0.7494906598493077,0.7835562398318926,1.0842954533616957,2025,-0.7701248959741055,58.0
"Alcala, Jorge",Curveball,246,0.7391517213504036,1.1935286468234467,1.4038717526766726,2025,0.9332878528687387,41.0
"Alcala, Jorge",Four-Seam,491,0.745282171520904,0.8781912391458274,1.1518096056637999,2025,0.8228272575604441,42.0
"Alcala, Jorge",Sinker,138,0.8102542026908388,0.81181639955092,1.1469776543411758,2025,1.3796225258824997,36.0
"Alcala, Jorge",Slider,163,0.7379239736146203,0.9142361343082582,1.1748870158913574,2025,0.1382036832998409,49.0
"Alcantara, Sandy",Cutter,482,0.9005525441735005,0.8078748308031102,1.2098167741697579,2025,1.547957452836997,35.0
"Alcantara, Sandy",Four-Seam,495,0.7373038613041714,0.7870079516078969,1.078424081606164,2025,-0.15272581067553492,52.0
"Alcantara, Sandy",Offspeed,672,0.6608003711175436,0.7508107436596496,1.0001869341597296,2025,-1.1271901043037509,61.0
"Alcantara, Sandy",Sinker,747,0.6886274791903441,0.631034023236605,0.9340298408392657,2025,-1.4841620602657148,65.0
"Alcantara, Sandy",Slider,495,0.8585875532761176,0.8898900608579311,1.2365584931795188,2025,0.7565611084578371,42.0
"Aldegheri, Sam",Four-Seam,143,0.7915473795628427,0.8898606331215063,1.1909656588131377,2025,1.3433496396019873,37.0
"Alexander, Jason",Four-Seam,127,0.9474982039949854,0.8154065149429273,1.250056251208358,2025,2.128872526510372,29.0
"Alexander, Jason",Offspeed,410,0.9149818488428169,0.7659625074032225,1.193268765391624,2025,0.3661419386758351,46.0
"Alexander, Jason",Sinker,500,0.7207999062018466,0.6275211806810166,0.9556857940682638,2025,-1.1929264564073296,62.0
"Alexander, Jason",Sweeper,200,1.0218385897253468,0.7192302899720668,1.2495784543057666,2025,0.3636734696061888,46.0
"Alexander, Scott",Sinker,204,0.734336224023272,0.7165673761011161,1.0260207085654731,2025,-0.24704191928643648,52.0
"Alexander, Tyler",Cutter,271,0.7831216124644339,0.7862871972899006,1.1097418693240793,2025,0.2940928678605848,47.0
"Alexander, Tyler",Four-Seam,414,0.6308272406981509,0.8262371657732291,1.0395243439726756,2025,-0.6698408533114639,57.0
"Alexander, Tyler",Offspeed,254,0.6488046239363607,0.6997268499138399,0.9542353507031418,2025,-1.48258849452804,65.0
"Alexander, Tyler",Sinker,291,0.7367985025395766,0.5902697955247151,0.9440818104663131,2025,-1.3489802276609375,63.0
"Alexander, Tyler",Sweeper,355,0.9338910027402197,0.7013294634012183,1.167910707731449,2025,-0.4456346287455246,54.0
"Allard, Kolby",Curveball,132,0.8055528980687472,1.140281375220998,1.3961221602219656,2025,0.8757721795290411,41.0
"Allard, Kolby",Cutter,193,0.6933066775911776,0.8885727686257701,1.1270473434314032,2025,0.5109176666736391,45.0
"Allard, Kolby",Four-Seam,389,0.6584689242722407,0.7837924569619397,1.0236757005139254,2025,-0.8805253575390118,59.0
"Allard, Kolby",Offspeed,200,0.654141068717522,0.9263656455637886,1.134043141623685,2025,-0.09192043401781712,51.0
"Allen, Logan",Cutter,306,0.7816964629139914,0.8352158070192877,1.1439557703106904,2025,0.72276775720627,43.0
"Allen, Logan",Four-Seam,900,0.8257287704520349,0.744838086073688,1.1120304747704282,2025,0.294021969417904,47.0
"Allen, Logan",Offspeed,497,0.7668764784918931,0.8630994256900002,1.1545735801110881,2025,0.06686592850035726,49.0
"Allen, Logan",Sinker,366,0.7991162354159878,0.7038154773124912,1.0648675898016757,2025,0.27538232106937927,47.0
"Allen, Logan",Sweeper,636,1.0084428088256536,0.7905267749355813,1.28136235334203,2025,0.6786444093741085,43.0
"Altavilla, Dan",Four-Seam,121,0.7792755897091391,0.9147010448866513,1.2016440597087217,2025,1.4853033408436547,35.0
"Altavilla, Dan",Offspeed,107,0.7380034764921429,0.8089509016573109,1.095011731721019,2025,-0.393796870130121,54.0
"Altavilla, Dan",Sinker,114,0.7878168079746348,0.7298515013832688,1.07393600228261,2025,0.3973369890073104,46.0
"Altavilla, Dan",Slider,114,0.8065285543058061,0.8129598707366141,1.1451602771397138,2025,-0.15985549155860404,52.0
"Alvarado, Elvis",Four-Seam,372,0.9054243501510727,0.7156018748567031,1.1540707504936258,2025,0.8528858665952477,41.0
"Alvarado, Elvis",Sinker,117,0.7787609607475501,0.577387110661684,0.9694557800862786,2025,-1.007743650059738,60.0
"Alvarado, Elvis",Slider,245,0.9586901131517518,0.7613517582705455,1.2242316908480069,2025,0.6329647542708017,44.0
"Alvarado, José",Cutter,139,0.6478463343486983,1.031060476087001,1.2176988865387857,2025,1.6467144945705747,34.0
"Alvarado, José",Sinker,287,0.6756510593967391,0.7852137943907491,1.0358885350101397,2025,-0.11433649814921353,51.0
"Alvarez, Andrew",Curveball,113,0.7958487600587008,0.9742500541968669,1.2579898318307543,2025,-0.14941384461796112,51.0
"Alvarez, Andrew",Four-Seam,142,0.6865292898488264,0.9190446178454263,1.1471553841616138,2025,0.7609561988603452,42.0
"Alvarez, Andrew",Slider,121,0.6576744941020235,0.9352031618953043,1.1433025383560238,2025,-0.1784823612463715,52.0
"Anderson, Grant",Four-Seam,382,0.7595973670592685,0.6971430366203375,1.0310172518205494,2025,-0.7829301847204069,58.0
"Anderson, Grant",Sinker,290,0.7901520135215309,0.5713190433258528,0.97506187174912,2025,-0.9323512868860492,59.0
"Anderson, Grant",Sweeper,438,0.9908405712543822,0.5343784438241983,1.1257554613981147,2025,-0.863383173019766,59.0
"Anderson, Ian",Four-Seam,104,0.6700567271219496,0.8929993913109261,1.1164335763685467,2025,0.3525547567619813,46.0
"Anderson, Nick",Four-Seam,116,0.683919200523933,0.7751455439330968,1.0337292136360625,2025,-0.7468786240885743,57.0
"Anderson, Tyler",Cutter,480,0.702284642238204,0.8993010700527109,1.141028541852303,2025,0.6860917483530314,43.0
"Anderson, Tyler",Four-Seam,892,0.6793098974378535,0.8440595326018063,1.083465934551247,2025,-0.0857017596337081,51.0
"Anderson, Tyler",Offspeed,795,0.5775309977449167,0.9899003446733528,1.146056170412542,2025,0.0009906426442383043,50.0
"Armstrong, Shawn",Cutter,269,0.7631372415168044,0.7935016851920187,1.1009193311920955,2025,0.1835529864551811,48.0
"Armstrong, Shawn",Four-Seam,323,0.788674493735482,0.749620369643945,1.0880892222855825,2025,-0.024241920074253676,50.0
"Armstrong, Shawn",Sinker,264,0.7926939872802612,0.6976017986449838,1.0559412990043506,2025,0.15533894717191976,48.0
"Armstrong, Shawn",Sweeper,261,0.8656281647736892,0.7683813697157627,1.1574636274958003,2025,-0.5491627288033195,55.0
"Arrighetti, Spencer",Curveball,139,0.9303072468355884,0.8887295828376738,1.286589229290234,2025,0.06284423367523907,49.0
"Arrighetti, Spencer",Four-Seam,196,0.7874815441930714,0.7342507696111185,1.0766853649600816,2025,-0.1758395021107364,52.0
"Ashby, Aaron",Curveball,273,0.7353180771909842,1.10696016008333,1.3289294453264093,2025,0.3770834725644722,46.0
"Ashby, Aaron",Offspeed,122,0.6739419405637121,1.1231089231517228,1.3097982258782475,2025,1.2674032131600237,37.0
"Ashby, Aaron",Sinker,530,0.6754901051481228,0.8914296299135678,1.1184514594924817,2025,0.9959938998556914,40.0
"Ashcraft, Braxton",Curveball,232,0.815297818844645,1.0322957235205954,1.3154257843800026,2025,0.2768624407588815,47.0
"Ashcraft, Braxton",Four-Seam,327,0.7276060869128225,0.8337789682769967,1.1066155545868868,2025,0.2220385358028777,48.0
"Ashcraft, Braxton",Sinker,163,0.6786058894783623,0.7698148799603439,1.0262167912498206,2025,-0.2444049418983603,52.0
"Ashcraft, Braxton",Slider,344,0.6496306968623261,0.8231124095321906,1.0485867064919905,2025,-1.128163485949771,61.0
"Ashcraft, Graham",Cutter,562,0.6908293756274716,0.9711329087354457,1.1917820071887348,2025,1.3219951533906218,37.0
"Ashcraft, Graham",Slider,477,0.6815035180196451,1.0105561848025717,1.218880981768065,2025,0.5793151445171291,44.0
"Assad, Javier",Cutter,124,0.7714570603103524,0.7588042614668561,1.0820951451341752,2025,-0.05230015050688005,51.0
"Assad, Javier",Sinker,230,0.6561411787325254,0.7875612872408995,1.0250726938071517,2025,-0.2597910995089303,53.0
"Bachar, Lake",Four-Seam,425,0.7101206546774048,0.7687754512273928,1.0465596201886194,2025,-0.5763171592793648,56.0
"Bachar, Lake",Offspeed,139,0.9936458660997214,1.0067242355841304,1.4145054944147502,2025,2.077229379821109,29.0
"Bachar, Lake",Slider,266,0.7657479875687906,0.8363960917248986,1.133987831821108,2025,-0.2718775287096052,53.0
"Bachar, Lake",Sweeper,313,0.8875661298482075,0.786369776292957,1.1858124050290417,2025,-0.2682330325841967,53.0
"Bachman, Sam",Sinker,114,0.7567791326888886,0.8229207884448544,1.1179952055926032,2025,0.9898580637353067,40.0
"Bachman, Sam",Slider,185,0.8728851173401357,0.8814196377040096,1.2404954678692581,2025,0.7960357187494689,42.0
"Backhus, Kyle",Sinker,273,0.6983770184969538,0.7279107431569413,1.0087539392577285,2025,-0.47925049181377344,55.0
"Backhus, Kyle",Sweeper,116,0.9494899324089702,0.6724072359679505,1.1634700781404093,2025,-0.489640220188388,55.0
"Baker, Bryan",Four-Seam,520,0.7123495965858667,0.7987110178234801,1.0702248538268333,2025,-0.2617225361197754,53.0
"Baker, Bryan",Offspeed,307,0.7147601682675211,0.9494119742195041,1.1883876450608157,2025,0.3283904146244559,47.0
"Baker, Bryan",Slider,275,0.7785206117263785,0.8185334481096979,1.1296421329594457,2025,-0.3154502673040382,53.0
"Banda, Anthony",Four-Seam,240,0.6156777527632221,0.769815035977131,0.9857354030692226,2025,-1.3848860479784004,64.0
"Banda, Anthony",Sinker,252,0.7236982120270496,0.7830388164260764,1.0662499191658112,2025,0.2939722913578314,47.0
"Banda, Anthony",Slider,522,0.9443192625299581,1.0506017411004183,1.412622698383526,2025,2.5218927233263826,25.0
"Banks, Tanner",Four-Seam,231,0.6176112346508049,0.7312587453819415,0.9571744824557655,2025,-1.7645616596728724,68.0
"Banks, Tanner",Sinker,133,0.6278879322012515,0.7840361090575562,1.0044679565372283,2025,-0.5368896431608517,55.0
"Banks, Tanner",Slider,386,0.6008835334476091,0.8807871680347055,1.0662303016436365,2025,-0.951257587984582,60.0
"Banks, Tanner",Sweeper,263,0.9304473070011285,0.8943942497690626,1.2906096486256473,2025,0.7702829236567422,42.0
"Barlow, Scott",Curveball,209,1.049728419776604,0.7982560219164471,1.3187654953829195,2025,0.3016489993057241,47.0
"Barlow, Scott",Four-Seam,271,0.8430255066388069,0.6718838578448707,1.0780166618731473,2025,-0.15814185935418573,52.0
"Barlow, Scott",Sinker,187,0.8366062770760112,0.6262727723703894,1.0450491128437347,2025,0.008857636454216571,50.0
"Barlow, Scott",Slider,242,0.9056701784289526,0.6443483134055116,1.111495938401962,2025,-0.49739554632746796,55.0
"Barlow, Scott",Sweeper,362,1.0028318061194672,0.629894918536106,1.1842462749624507,2025,-0.283753012002397,53.0
"Barnett, Mason",Four-Seam,230,0.7169969616684952,0.828490654442674,1.0956648244516676,2025,0.07646461615018145,49.0
"Bassitt, Chris",Curveball,458,0.9780399948857597,0.8363369200008409,1.2868650571651363,2025,0.06489136402997603,49.0
"Bassitt, Chris",Cutter,476,0.7112910211155381,0.7278735105269769,1.0177105502285264,2025,-0.8589915332739726,59.0
"Bassitt, Chris",Four-Seam,264,0.8033292056073873,0.686601635571888,1.0567684791626724,2025,-0.4406053302338442,54.0
"Bassitt, Chris",Offspeed,205,0.9574352629540293,0.8940403294350906,1.3099581647534613,2025,1.2686402112025172,37.0
"Bassitt, Chris",Sinker,1179,0.7843377612157606,0.6615493247777493,1.0260766213021557,2025,-0.2462899884220252,52.0
"Bassitt, Chris",Sweeper,164,1.05764714171411,0.6376397194508062,1.2349906429594233,2025,0.21911170128215166,48.0
"Basso, Brady",Four-Seam,108,0.6029408609397077,0.8108796201749142,1.010476838035256,2025,-1.0559849042771117,61.0
"Bautista, Félix",Offspeed,179,0.7469995263779458,1.2519983456205923,1.457912257251984,2025,2.412945637603055,26.0
"Bautista, Félix",Sinker,387,0.7125914404370348,0.9898620035210248,1.2196775586189923,2025,2.3573121384757463,26.0
"Baz, Shane",Curveball,731,0.7206550491027924,1.0099374015338687,1.2406922482285165,2025,-0.27779248824948916,53.0
"Baz, Shane",Cutter,400,0.6913796490777906,0.8936680052847624,1.1298886329318367,2025,0.5465169239075341,45.0
"Baz, Shane",Four-Seam,1194,0.7004967412655825,0.813278814947408,1.0733676515369561,2025,-0.21994364323420618,52.0
"Baz, Shane",Offspeed,311,0.72839678858215,0.9302247017716551,1.1814736041922198,2025,0.27491589188106913,47.0
"Bazardo, Eduard",Four-Seam,175,0.7915226405707737,0.8152376847054864,1.1362748668786493,2025,0.6163156562506867,44.0
"Bazardo, Eduard",Sinker,497,0.7180883339223934,0.7395032052758291,1.0307840927801826,2025,-0.18298253277451867,52.0
"Bazardo, Eduard",Sweeper,524,0.7496475431301803,0.7353557575967424,1.0501045324879779,2025,-1.6130660280387767,66.0
"Beck, Tristan",Curveball,141,0.7819565936161229,1.0237731719604213,1.2882420665098748,2025,0.07511120721793428,49.0
"Beck, Tristan",Four-Seam,270,0.7577452247213484,0.8082120501840494,1.1078738843617135,2025,0.23876618731792068,48.0
"Beck, Tristan",Slider,174,0.6930233869131477,0.8062734432615533,1.0631830887092832,2025,-0.9818108814494128,60.0
"Beck, Tristan",Sweeper,232,0.8568558008644988,0.8149998763488352,1.182550913036626,2025,-0.30055364865224576,53.0
"Bednar, David",Curveball,371,0.754329343280712,0.8801614636175963,1.159179433984135,2025,-0.8827616430121589,59.0
"Bednar, David",Four-Seam,451,0.7051255969048024,0.8978819843700347,1.1416628947577412,2025,0.6879415960622067,43.0
"Bednar, David",Offspeed,202,0.575357106918433,0.8541392138118244,1.0298493079342388,2025,-0.8977755967568862,59.0
"Beeks, Jalen",Four-Seam,480,0.6560205046052733,0.8856381636763708,1.1021423952568976,2025,0.16257443351409315,48.0
"Beeks, Jalen",Offspeed,345,0.7285907037576882,1.1381402231326254,1.3513724805228593,2025,1.5889464998985239,34.0
"Beeter, Clayton",Four-Seam,251,0.7369961892207539,0.9942933102313728,1.2376520390225898,2025,1.9639766916401007,30.0
"Beeter, Clayton",Slider,214,0.7231001473875042,1.173397895888123,1.3783092705291164,2025,2.1778444885604813,28.0
"Bello, Brayan",Cutter,423,0.8154345238894327,0.7452193927412464,1.104665291420174,2025,0.2304870991976386,48.0
"Bello, Brayan",Four-Seam,408,0.7404005603258277,0.7290499378359626,1.0390894098148726,2025,-0.6756226659723921,57.0
"Bello, Brayan",Offspeed,410,0.8441100300063865,0.8160474450536096,1.174076307288375,2025,0.2177037739543553,48.0
"Bello, Brayan",Sinker,943,0.7796354065617888,0.683835274561622,1.0370448639762575,2025,-0.09878584742766827,51.0
"Bello, Brayan",Sweeper,513,0.9078073901665221,0.864720721416913,1.2537368877434925,2025,0.4048825637562949,46.0
"Bellozo, Valente",Cutter,463,0.7103271235322505,0.76201134923612,1.0417417716450912,2025,-0.557898092171806,56.0
"Bellozo, Valente",Four-Seam,380,0.7008279325004176,0.8802971244557308,1.1252034564014803,2025,0.46913746818979024,45.0
"Bellozo, Valente",Offspeed,215,0.8272262855160682,0.8979627980427884,1.2209178981887134,2025,0.5799856530380744,44.0
"Bellozo, Valente",Sweeper,205,0.7454868430665229,0.8947876355707733,1.1646439567333982,2025,-0.4780073603185114,55.0
"Bender, Anthony",Sinker,210,0.826065394252861,0.7123311828338088,1.0907794229905272,2025,0.6238522455300546,44.0
"Bender, Anthony",Slider,175,0.8953742426436994,0.7394183342328359,1.1612211276881936,2025,0.0011808031388770225,50.0
"Bender, Anthony",Sweeper,360,0.9790029836629349,0.5884160683718586,1.142226033471101,2025,-0.7001636901481124,57.0
"Bergert, Ryan",Four-Seam,558,0.6995582636415717,0.8017214250067262,1.0640202101201022,2025,-0.34420418741463726,53.0
"Bergert, Ryan",Slider,325,0.6841596104429326,0.8228871212327751,1.0701483947809245,2025,-0.9119722961375569,59.0
"Bergert, Ryan",Sweeper,234,0.78355394545745,0.8613717496546516,1.164438953550186,2025,-0.4800388934918982,55.0
"Bernardino, Brennan",Curveball,219,1.261808911122547,0.8507290111206767,1.521808653724453,2025,1.8085881109152484,32.0
"Bernardino, Brennan",Cutter,103,0.8651075120238968,0.7111988465215563,1.1199173213473255,2025,0.42158376028511,46.0
"Bernardino, Brennan",Offspeed,104,0.8860581610205918,0.6854963428371599,1.1202697446393497,2025,-0.19844653710145405,52.0
"Bernardino, Brennan",Sinker,371,0.7683259467807881,0.6429589796308317,1.0018587774654244,2025,-0.5719786477646277,56.0
"Berríos, José",Curveball,670,0.8913583910713557,0.8174833097740073,1.2094621710051048,2025,-0.5095748600907679,55.0
"Berríos, José",Cutter,149,0.6426492832354226,0.7919765056287448,1.0199141565401078,2025,-0.8313819750377386,58.0
"Berríos, José",Four-Seam,463,0.8266396932095508,0.8091740402710242,1.156760912997199,2025,0.8886476373002301,41.0
"Berríos, José",Offspeed,434,0.6789162565213391,0.6865967654847626,0.9655787910590656,2025,-1.3948561436742501,64.0
"Berríos, José",Sinker,867,0.8785281361456653,0.6805729429205756,1.111301586714943,2025,0.8998403159493108,41.0
"Bibee, Tanner",Curveball,152,0.7362849928961982,1.0445445457287976,1.2779627924067019,2025,-0.0011791751399413313,50.0
"Bibee, Tanner",Cutter,615,0.7160162895436557,0.9378233576285608,1.1799118513709284,2025,1.1732708751007688,38.0
"Bibee, Tanner",Four-Seam,827,0.7520167883806244,0.8643352580111835,1.145689612524949,2025,0.7414709115936274,43.0
"Bibee, Tanner",Offspeed,450,0.8395218550326635,0.971088510382917,1.28367045618227,2025,1.0653260138209857,39.0
"Bibee, Tanner",Sinker,450,0.7025841188344821,0.8058613275328949,1.069129048923237,2025,0.33269167187291987,47.0
"Bibee, Tanner",Sweeper,475,0.8099888270560549,0.9391732986075917,1.2402130400754172,2025,0.2708644244326108,47.0
"Bido, Osvaldo",Four-Seam,523,0.7887262639589881,0.8260667924402438,1.1421363600863148,2025,0.694235624209101,43.0
"Bido, Osvaldo",Offspeed,146,0.8297049750588574,0.8676574988636314,1.200516505913897,2025,0.422197358764081,46.0
"Bido, Osvaldo",Sinker,204,0.7959288000182201,0.7650699473113582,1.1040084596494033,2025,0.8017602064067658,42.0
"Bido, Osvaldo",Slider,411,0.80803372631782,0.8349983066023455,1.161955539121806,2025,0.008544478910306475,50.0
"Bieber, Shane",Curveball,120,0.616567315826768,0.9520934132638647,1.1343002788178542,2025,-1.0674089479994437,61.0
"Bieber, Shane",Four-Seam,230,0.7541624468396868,0.8210916998846961,1.1148778300077382,2025,0.3318733873069963,47.0
"Bieber, Shane",Slider,130,0.6340657262100631,0.796099540525684,1.0177493913432225,2025,-1.437358005566674,64.0
"Bigge, Hunter",Four-Seam,102,0.5536564467071292,0.9444612851036547,1.0947796947514195,2025,0.06469811307001436,49.0
"Bigge, Hunter",Slider,101,0.6944600736746737,1.2091734808118386,1.3944085845356988,2025,2.339266442333451,27.0
"Bird, Jake",Curveball,217,0.903243868225721,0.8648340257206715,1.2505148449864907,2025,-0.20489145896554745,52.0
"Bird, Jake",Sinker,328,0.8352507423083159,0.6643921992381464,1.0672679124451805,2025,0.3076625632339216,47.0
"Bird, Jake",Sweeper,388,0.8267042656372534,0.6686879079572686,1.0632889828598333,2025,-1.4824112358369506,65.0
"Birdsong, Hayden",Curveball,175,0.7317449451648513,1.3818385847601293,1.5636267262701122,2025,2.118952122221547,29.0
"Birdsong, Hayden",Four-Seam,527,0.7198871753458025,0.9448465621603185,1.1878436644834751,2025,1.3018472971928003,37.0
"Birdsong, Hayden",Offspeed,201,0.6541355914462589,1.1777847447239902,1.3472454404826546,2025,1.5570271779438056,34.0
"Birdsong, Hayden",Slider,291,0.6383139462282714,1.1207499960313105,1.289777208495208,2025,1.2901657701243905,37.0
"Bivens, Spencer",Cutter,352,0.7975512321194229,0.7559823149579958,1.098907288348048,2025,0.15834357686846415,48.0
"Bivens, Spencer",Offspeed,198,0.7841101709082196,0.8102318952721816,1.1275213897031262,2025,-0.14236091853775676,51.0
"Bivens, Spencer",Sinker,486,0.789899633948338,0.6511991275869331,1.0237195590012438,2025,-0.2779884528248169,53.0
"Bivens, Spencer",Sweeper,108,0.9212586310865012,0.7476672356012836,1.186475351848086,2025,-0.2616633860354119,53.0
"Blackburn, Paul",Cutter,180,0.6102842099712157,0.8204327154736762,1.022524648876349,2025,-0.7986744356719724,58.0
"Blackburn, Paul",Sinker,203,0.8294752712846275,0.6950435461882629,1.082180556455651,2025,0.508212169043882,45.0
"Blackburn, Paul",Sweeper,108,0.9805373540913233,0.7982705849563816,1.2643929094925426,2025,0.5104812249103701,45.0
"Blalock, Bradley",Curveball,135,0.6567875726820733,1.378920383228291,1.5273478120297508,2025,1.8496984559464722,32.0
"Blalock, Bradley",Cutter,102,0.6462678961057878,0.9265377309778545,1.1296611706448056,2025,0.5436669895851802,45.0
"Blalock, Bradley",Four-Seam,479,0.7193385152235982,0.8422339931082673,1.1076127475933037,2025,0.23529475642030517,48.0
"Blalock, Bradley",Offspeed,157,0.6962263848812638,0.9039168116903608,1.1409630938208741,2025,-0.03840019192140465,50.0
"Blalock, Bradley",Slider,160,0.6037327299216279,0.945795923795864,1.1220620030316921,2025,-0.39145346733421715,54.0
"Blanco, Ronel",Curveball,161,0.7205582762587649,0.9804235641752833,1.2167311102602614,2025,-0.4556264830413718,55.0
"Blanco, Ronel",Four-Seam,283,0.7014100688248552,0.8856853876630372,1.1297852409058602,2025,0.5300455830890358,45.0
"Blanco, Ronel",Slider,250,0.7179241969484006,0.8895194447979254,1.1430922951527647,2025,-0.1805903932174046,52.0
"Blewett, Scott",Four-Seam,256,0.6362437655599884,0.8645716746193405,1.0734478607589863,2025,-0.21887737909482424,52.0
"Blewett, Scott",Offspeed,135,0.7373936547667403,0.9666829010154236,1.2158228625938263,2025,0.5405796671645074,45.0
"Blewett, Scott",Slider,314,0.7137226457083466,0.8148381861785569,1.083218022676729,2025,-0.7809279007574882,58.0
"Blubaugh, AJ",Four-Seam,278,0.7589960809567777,0.8597971909856961,1.1468767416486574,2025,0.7572520547263862,42.0
"Blubaugh, AJ",Sweeper,108,0.8291378169173685,0.9231704330058446,1.2408517912380586,2025,0.277194297735614,47.0
"Booser, Cam",Cutter,112,0.7006799710330374,0.9451490120792847,1.1765453993966004,2025,1.131091720255277,39.0
"Booser, Cam",Four-Seam,262,0.7006235150112242,0.8842928802489902,1.1282053039432751,2025,0.5090426350109001,45.0
"Booser, Cam",Sweeper,182,0.8132204618594818,0.9354883293621818,1.2395426309569975,2025,0.26422082825780746,47.0
"Borucki, Ryan",Offspeed,103,0.7411833576600965,0.8186836863274372,1.1043530902437753,2025,-0.3215490054916383,53.0
"Borucki, Ryan",Sinker,156,0.7483450690197712,0.7039875285943499,1.0274331037797968,2025,-0.2280476146358589,52.0
"Borucki, Ryan",Slider,244,0.8889809709760361,0.8939954729394013,1.2607597203248682,2025,0.9992179923417378,40.0
"Boushley, Caleb",Cutter,140,0.8701250494702738,0.7913779952809471,1.1761788695307094,2025,1.1264993719649077,39.0
"Boushley, Caleb",Four-Seam,144,0.7140984409703796,0.8511683364736726,1.111046407856884,2025,0.2809402409818773,47.0
"Boushley, Caleb",Sinker,207,0.7402438358215043,0.69964073751765,1.0185568703150432,2025,-0.3474178028589298,53.0
"Bowden, Ben",Four-Seam,110,0.7438699036684264,0.7117988231488339,1.0295630132341287,2025,-0.8022621569744395,58.0
"Bowlan, Jonathan",Four-Seam,244,0.653263173278468,0.8110814893235596,1.0414441683955877,2025,-0.6443195992181445,56.0
"Bowlan, Jonathan",Sinker,125,0.6302869782316632,0.6637942064977908,0.9153602697891322,2025,-1.7352359216223214,67.0
"Bowlan, Jonathan",Slider,227,0.718970810150745,0.7905107705921425,1.0685627282808443,2025,-0.9278711962006676,59.0
"Bowman, Matt",Cutter,115,0.8643150077801226,0.6976662289518822,1.1107558686290582,2025,0.3067975296303298,47.0
"Bowman, Matt",Sinker,194,0.8276685409395814,0.6634981141089007,1.0607850682806217,2025,0.22047937554320673,48.0
"Boyd, Matthew",Curveball,311,0.878013962904254,0.8286581739090739,1.2073039750788341,2025,-0.5255924884530249,55.0
"Boyd, Matthew",Four-Seam,1294,0.7781143756636939,0.6347466872804515,1.0041739583498506,2025,-1.1397724590405052,61.0
"Boyd, Matthew",Offspeed,650,0.7592591546922232,0.7434179284192683,1.062612196560507,2025,-0.6443811106261994,56.0
"Boyd, Matthew",Slider,408,0.9450319777229266,0.8005002737124585,1.2385015652523927,2025,0.7760435839345413,42.0
"Boyle, Joe",Four-Seam,453,0.8297277408224283,0.8538070317388518,1.190560612206283,2025,1.3379651381601876,37.0
"Boyle, Joe",Offspeed,152,1.02877809054481,1.0185889713734468,1.4477250609796881,2025,2.334155901021,27.0
"Boyle, Joe",Slider,328,0.8498981270415951,0.8256028341494823,1.1848826381142012,2025,0.2384261441903032,48.0
"Bradish, Kyle",Four-Seam,112,0.6004618020779177,1.0422560866493293,1.2028516641349567,2025,1.501356673137142,35.0
"Bradish, Kyle",Sinker,161,0.6599921424914752,0.8284243022516473,1.0591866939834622,2025,0.19898396969786925,48.0
"Bradish, Kyle",Slider,158,0.7808753926962939,0.9335878482028686,1.2171083145023098,2025,0.561541255933392,44.0
"Bradley, Taj",Curveball,335,0.7363606728757163,1.514707341145374,1.6842106073403247,2025,3.013897650544745,20.0
"Bradley, Taj",Cutter,514,0.687878425791589,1.0912635341006298,1.2899739646703383,2025,2.552267799720385,24.0
"Bradley, Taj",Four-Seam,877,0.6437415115002404,0.8827964710093422,1.0925807717762392,2025,0.03546665246796347,50.0
"Bradley, Taj",Offspeed,344,0.6385064227370413,1.1291118344215103,1.2971445511226425,2025,1.1695372572934035,38.0
"Bradley, Taj",Sinker,202,0.6274920972285495,0.971041574756983,1.15614362083212,2025,1.5028891287287494,35.0
"Brash, Matt",Sinker,179,0.8091325887589429,0.7651448009386056,1.1136166811767536,2025,0.9309743845559885,41.0
"Brash, Matt",Slider,498,0.8850678312520179,0.8305969431799413,1.2137694789114666,2025,0.5280639683806252,45.0
"Brasier, Ryan",Four-Seam,134,0.680648642377354,0.7657829743252742,1.0245516766550131,2025,-0.8688805376223692,59.0
"Brasier, Ryan",Slider,129,0.5845618112274267,0.9141369687773425,1.0850617073839246,2025,-0.7624419461723931,58.0
"Brazobán, Huascar",Four-Seam,121,0.7955769504152768,0.8334426217472318,1.1522019301220472,2025,0.8280426366682719,42.0
"Brazobán, Huascar",Offspeed,385,0.8542112698552173,0.8506474942935128,1.2055198269192817,2025,0.4608940063511884,45.0
"Brazobán, Huascar",Sinker,378,0.7302921067038695,0.730592369447355,1.0330013414360486,2025,-0.15316432323338133,52.0
"Brebbia, John",Four-Seam,225,0.7837593459331462,0.7180612832532417,1.0629631784990698,2025,-0.35825587477890075,54.0
"Brebbia, John",Slider,199,0.8764552359364182,0.8200820831532984,1.2002951319194026,2025,0.39296160213169035,46.0
"Brieske, Beau",Four-Seam,197,0.7227565301019903,0.8603026827046969,1.1236092326400524,2025,0.4479445980442524,46.0
"Brieske, Beau",Offspeed,100,0.6188817638067822,0.885279866411697,1.080155118233722,2025,-0.5087007781218469,55.0
"Brogdon, Connor",Cutter,136,0.8045022900214536,0.7589845543354501,1.1060205641711842,2025,0.24746766498579228,48.0
"Brogdon, Connor",Four-Seam,352,0.7647810224686508,0.8307965759501424,1.129208998785732,2025,0.5223852880164511,45.0
"Brogdon, Connor",Offspeed,352,0.7197311745428626,0.7421208265459686,1.033806696052081,2025,-0.8671683954206666,59.0
"Brown, Ben",Curveball,666,0.7011792243272293,1.0596747735215604,1.2706545282908748,2025,-0.05541941216180328,51.0
"Brown, Ben",Four-Seam,949,0.68008131501591,0.8365903321553667,1.0781437654086752,2025,-0.1564522039942197,52.0
"Brown, Hunter",Curveball,530,0.7139816779996747,1.1894794131974895,1.387310747792244,2025,0.8103759252187392,42.0
"Brown, Hunter",Four-Seam,1110,0.7007557830621155,0.8487220169846681,1.1006306054301425,2025,0.1424774018043977,49.0
"Brown, Hunter",Offspeed,356,0.6731814374316605,0.9198628388314093,1.1398775767447729,2025,-0.0467957899049179,50.0
"Brown, Hunter",Sinker,672,0.590463739121496,0.786319734721635,0.983334201800202,2025,-0.8211025687037091,58.0
"Brown, Hunter",Slider,252,0.6162943715379957,0.8084738501486654,1.016586798440556,2025,-1.4490149008675712,64.0
"Brown, McCade",Four-Seam,286,0.8317186737957718,0.764613448396148,1.1297741711549465,2025,0.5298984269624408,45.0
"Brubaker, JT",Sinker,231,0.771408800895409,0.8006557067578178,1.111809830349936,2025,0.9066753252596453,41.0
"Brubaker, JT",Slider,114,0.7124540116397752,1.012207937845409,1.2378027420146007,2025,0.7690367380316526,42.0
"Bruihl, Justin",Sinker,112,0.7935709479071362,0.6363365437145928,1.0171917450652384,2025,-0.3657764071773427,54.0
"Brzykcy, Zach",Curveball,112,0.8226899426509914,1.0577848497290334,1.3400475849966542,2025,0.4595997201163714,45.0
"Brzykcy, Zach",Four-Seam,245,0.6757333418188272,0.8291832952307766,1.0696543770468145,2025,-0.2693061894390267,53.0
"Brzykcy, Zach",Offspeed,102,0.7002235182041706,0.9282338331082247,1.1627256875002865,2025,0.1299158959904606,49.0
"Bubic, Kris",Four-Seam,684,0.6787234470851109,0.7902292257576311,1.0416946514524303,2025,-0.6409897938133071,56.0
"Bubic, Kris",Offspeed,378,0.7515034678593071,0.8765198398640477,1.154575459586709,2025,0.06688046472653039,49.0
"Bubic, Kris",Sinker,117,0.7512017440407379,0.8014637938111145,1.0984754312409317,2025,0.7273504192841618,43.0
"Bubic, Kris",Slider,243,0.6675366228057459,0.9455861026679548,1.1574706131672081,2025,-0.03642423900042433,50.0
"Bubic, Kris",Sweeper,373,0.7709454394908838,0.9911166031517489,1.2556548059537913,2025,0.4238886806712338,46.0
"Buehler, Walker",Curveball,282,0.8741235167384038,1.0303002738962002,1.3511515743637719,2025,0.5420109474085497,45.0
"Buehler, Walker",Cutter,370,0.649051910116808,0.7572978964539717,0.9973808129294887,2025,-1.1137081144233194,61.0
"Buehler, Walker",Four-Seam,554,0.7635142427859842,0.9154447786088754,1.1920541689115087,2025,1.357819787221806,36.0
"Buehler, Walker",Offspeed,150,0.8311275200832337,1.0591905141949598,1.346349694544582,2025,1.550099306464868,34.0
"Buehler, Walker",Sinker,359,0.867216161795101,0.7202793539002854,1.1273270239525173,2025,1.1153550911073065,39.0
"Buehler, Walker",Slider,323,0.671456894577284,0.7410409290387291,0.999998009890996,2025,-1.6153446374825486,66.0
"Buehler, Walker",Sweeper,151,0.7179702687409184,0.704344612419456,1.0057746466481547,2025,-2.0523647366976245,71.0
"Bummer, Aaron",Curveball,327,0.9352617433319809,0.6993834088538698,1.1678406060419526,2025,-0.8184804378097128,58.0
"Bummer, Aaron",Four-Seam,116,0.8067710438348586,0.6655301849414272,1.0458536916024908,2025,-0.5857014459898117,56.0
"Bummer, Aaron",Sinker,324,0.8129566129592162,0.7002810160983473,1.0729827380073989,2025,0.3845172117436606,46.0
"Bummer, Aaron",Sweeper,164,1.0806466164425546,0.6865553718370762,1.280295039522956,2025,0.6680675812688635,43.0
"Burke, Brock",Four-Seam,430,0.7951318937737987,0.8661920020296233,1.1758075152321465,2025,1.1418443200026687,39.0
"Burke, Brock",Offspeed,223,0.7565757450451975,0.8640548236389669,1.1484762062160723,2025,0.019707665305107765,50.0
"Burke, Brock",Slider,280,0.7510694542205951,0.834781528540434,1.1229272128929488,2025,-0.3827783234013393,54.0
"Burke, Sean",Curveball,563,0.7224280479948172,0.9809620245867844,1.2182728668943608,2025,-0.444183923777199,54.0
"Burke, Sean",Four-Seam,1023,0.73130211419234,0.8221065512928086,1.1003008515404966,2025,0.13809380677066732,49.0
"Burke, Sean",Offspeed,155,0.8030868066479608,1.1178385011337075,1.3764124867309484,2025,1.782610727072947,32.0
"Burke, Sean",Sinker,115,0.7056183058093358,0.8754634635574184,1.124425839936627,2025,1.0763391184628546,39.0
"Burke, Sean",Slider,520,0.7569583592017453,0.8858483106106053,1.1652095034701107,2025,0.04117079344744615,50.0
"Burnes, Corbin",Curveball,194,0.7642962346115646,0.9932049231085035,1.2532377083093151,2025,-0.18468300047698624,52.0
"Burnes, Corbin",Cutter,555,0.7883422849845421,0.6881416114725243,1.0464331969765923,2025,-0.49911800054642275,55.0
"Burns, Chase",Four-Seam,442,0.6541315380773368,0.8391047442697893,1.0639477623283442,2025,-0.34516727470527103,53.0
"Burns, Chase",Slider,258,0.6324501362999717,0.8783004532900524,1.082314585116252,2025,-0.7899863398974706,58.0
"Burrows, Mike",Curveball,183,0.8534595686449167,1.0160564708777893,1.3269378234582792,2025,0.36230211813156954,46.0
"Burrows, Mike",Four-Seam,602,0.7474774580424229,0.7907431759316483,1.0881164094728246,2025,-0.023880506235879295,50.0
"Burrows, Mike",Offspeed,365,0.6488932493989978,0.8669281533901505,1.0828789739652562,2025,-0.4876339536650779,55.0
"Burrows, Mike",Slider,300,0.6869332359129732,0.7889405361926252,1.0460900727230784,2025,-1.1531963227941597,62.0
"Buttó, José",Four-Seam,335,0.795165906817048,0.7794346358352195,1.1134662863795022,2025,0.31310898199467463,47.0
"Buttó, José",Offspeed,166,0.7645685886190918,0.8534179218042555,1.145812932358369,2025,-0.0008906072799575381,50.0
"Buttó, José",Sinker,189,0.6792431148081793,0.7741670494994695,1.0299057381843406,2025,-0.19479490272271766,52.0
"Buttó, José",Slider,328,0.9046816771816664,0.9537679507625535,1.314580633103209,2025,1.5388606684813695,35.0
"Cabrera, Edward",Curveball,531,0.8339995441144336,0.9646215684127887,1.275166659629333,2025,-0.021931422484237323,50.0
"Cabrera, Edward",Four-Seam,292,0.7317038493104474,0.7979561396775642,1.082646998769611,2025,-0.09658831150783138,51.0
"Cabrera, Edward",Offspeed,580,0.7201376192941605,0.8160227187189127,1.0883433595093357,2025,-0.4453713441999344,54.0
"Cabrera, Edward",Sinker,460,0.693929834280783,0.7345015671222747,1.0104608686188854,2025,-0.4562952056629667,55.0
"Cabrera, Edward",Slider,389,0.856046739956666,0.7466395036226189,1.1359078172810797,2025,-0.2526265342860169,53.0
"Cabrera, Génesis",Curveball,139,0.6414453141833603,0.943403350171722,1.1408163621736054,2025,-1.019048092388774,60.0
"Cabrera, Génesis",Cutter,146,0.6989893812694293,0.8728486803524335,1.1182356522309616,2025,0.4005136893026908,46.0
"Cabrera, Génesis",Four-Seam,163,0.760034936703134,0.7000263170122947,1.0332908349149017,2025,-0.752706227174735,58.0
"Cabrera, Génesis",Sinker,174,0.8537571637999932,0.7762347669875205,1.1538811499543524,2025,1.4724627574981186,35.0
"Cameron, Noah",Curveball,417,0.6091423223975753,1.1717131020659861,1.3205930343936423,2025,0.31521256892188354,47.0
"Cameron, Noah",Cutter,468,0.606970432341713,0.8172412931830332,1.017986462100829,2025,-0.855534561460827,59.0
"Cameron, Noah",Four-Seam,571,0.6939440404211965,0.8528497805720303,1.0995049247083233,2025,0.12751312518272617,49.0
"Cameron, Noah",Offspeed,402,0.6753535862177094,0.9955416258907688,1.2029985849112028,2025,0.4413942354263491,46.0
"Cameron, Noah",Slider,306,0.6384324839243257,0.9112363483564982,1.1126309896348698,2025,-0.48601480131103536,55.0
"Canning, Griffin",Four-Seam,471,0.7068502834565223,1.0252044814711108,1.245263647606809,2025,2.0651618804617344,29.0
"Canning, Griffin",Offspeed,312,0.6627615854088509,0.8083621982875768,1.0453240467500866,2025,-0.7780909885107,58.0
"Canning, Griffin",Slider,410,0.6991963243474107,1.0146239087801157,1.2322082519806343,2025,0.7129428255036386,43.0
"Cannon, Jonathan",Cutter,418,0.7515778317038162,0.707351331923572,1.0320926043154564,2025,-0.6787950264011966,57.0
"Cannon, Jonathan",Four-Seam,325,0.7422714929893843,0.7468420944119745,1.0529672755078165,2025,-0.49113676591006805,55.0
"Cannon, Jonathan",Offspeed,383,0.7482404419028105,0.7881250751124033,1.0867404901446547,2025,-0.4577682443521487,55.0
"Cannon, Jonathan",Sinker,393,0.8348282913029715,0.6980438805159652,1.0882111629116962,2025,0.5893135315323635,44.0
"Cannon, Jonathan",Sweeper,269,0.9635947970678027,0.7592458080243953,1.2267718328763328,2025,0.13766523265690428,49.0
"Cano, Yennier",Four-Seam,113,0.7193243762753023,0.6776404653834097,0.9882429653829552,2025,-1.3515516793768556,64.0
"Cano, Yennier",Offspeed,194,0.737021053241727,0.6614834149914364,0.9903334495160089,2025,-1.2033988509247784,62.0
"Cano, Yennier",Sinker,452,0.791113181992318,0.6203953138908396,1.0053608368241345,2025,-0.5248819274634351,55.0
"Cano, Yennier",Sweeper,184,0.9586710099767499,0.561794827603525,1.1111541448835602,2025,-1.0080787743741155,60.0
"Cantillo, Joey",Curveball,307,0.6412109977340326,1.1295271852763424,1.2988391763006575,2025,0.15376049214921592,48.0
"Cantillo, Joey",Four-Seam,687,0.5964382814442885,0.9316553936475322,1.10621896389673,2025,0.216766443389768,48.0
"Cantillo, Joey",Offspeed,500,0.641527707743038,1.1595912386582208,1.325220600720855,2025,1.3866828283592791,36.0
"Cantillo, Joey",Slider,143,0.620939935891639,1.1110296173722554,1.2727738269871254,2025,1.1196790610223966,39.0
"Carrasco, Carlos",Four-Seam,162,0.8989626625676133,0.7137263400409093,1.1478410853244643,2025,0.7700715916016493,42.0
"Carrasco, Carlos",Offspeed,166,0.752567878539387,0.6696100229822914,1.007341051822876,2025,-1.0718587814265,61.0
"Carrasco, Carlos",Sinker,177,0.778315799446705,0.65159032345117,1.0150593250069495,2025,-0.394453816884891,54.0
"Carrasco, Carlos",Slider,194,0.8895615790096281,0.7275013740332793,1.1491640666460174,2025,-0.11971095345350209,51.0
"Casparius, Ben",Curveball,180,0.7667146841159003,0.9979913778653345,1.2585063357538149,2025,-0.14558047259342577,51.0
"Casparius, Ben",Cutter,274,0.628105915343401,0.8704599459642562,1.0734139734591996,2025,-0.16106881470034076,52.0
"Casparius, Ben",Four-Seam,374,0.7214892638422914,0.9284366139673778,1.1758151657445575,2025,1.141946022360891,39.0
"Casparius, Ben",Sweeper,406,0.7629861584508807,0.8934815989922745,1.1749286130337555,2025,-0.3760888431341437,54.0
"Castillo, José",Sinker,211,0.7652424352005341,0.7117674029790019,1.0450879487273388,2025,0.00937991279519366,50.0
"Castillo, José",Slider,237,0.7593525312756831,0.7086372346301918,1.0386447886833654,2025,-1.2278474722526893,62.0
"Castillo, Luis",Four-Seam,1383,0.7679712404996307,0.6117660569193416,0.9818541310363676,2025,-1.4364818754788806,64.0
"Castillo, Luis",Offspeed,340,0.8667566378305547,0.6403208649156948,1.0776260386932524,2025,-0.5282611660305948,55.0
"Castillo, Luis",Sinker,656,0.7636250687066404,0.6199849703094946,0.9836181215120461,2025,-0.8172843332350677,58.0
"Castillo, Luis",Slider,609,0.9116827804071828,0.6124995878822381,1.0983265622058327,2025,-0.6294400815592964,56.0
"Cavalli, Cade",Curveball,240,0.796618067148794,0.9476371020754364,1.2379888618795452,2025,-0.29785639316670753,53.0
"Cavalli, Cade",Four-Seam,232,0.7055375599920855,0.8011889316770411,1.067561217355419,2025,-0.2971316820749459,53.0
"Cavalli, Cade",Offspeed,107,0.7270271935627759,0.9429309165449584,1.1906667264839819,2025,0.34601726897972623,47.0
"Cavalli, Cade",Sinker,146,0.7364712216436758,0.7539276367482806,1.0539434243649777,2025,0.12847094367752668,49.0
"Cease, Dylan",Curveball,253,0.6507718082920291,1.168307424063378,1.3373280014974946,2025,0.43941560371645855,46.0
"Cease, Dylan",Four-Seam,1283,0.7371909617970857,0.9253873258573647,1.1831281490239156,2025,1.2391614250952663,38.0
"Cease, Dylan",Sinker,120,0.747663301850346,0.8249407811572204,1.1133407858109063,2025,0.9272640628433119,41.0
"Cease, Dylan",Slider,1243,0.7187249557027934,0.9147128168335198,1.163299230305554,2025,0.02201718067011136,50.0
"Cease, Dylan",Sweeper,108,0.7560414680438915,0.8001188802235789,1.100812846896418,2025,-1.1105585973094334,61.0
"Cecconi, Slade",Curveball,340,0.8639313274087809,1.1577930051033685,1.4445975152770363,2025,1.235544993734236,38.0
"Cecconi, Slade",Four-Seam,900,0.6347757047573543,0.794653898995621,1.01706195216375,2025,-0.9684454559290823,60.0
"Cecconi, Slade",Offspeed,155,0.8650914776869933,1.0769556933457958,1.3813822172724641,2025,1.821047579547722,32.0
"Cecconi, Slade",Sinker,226,0.7232406442785511,0.7530170161633195,1.044084123127999,2025,-0.004119827968966494,50.0
"Cecconi, Slade",Slider,375,0.7681309883448283,0.933713073092778,1.2090679543019747,2025,0.4809234947017103,45.0
"Chafin, Andrew",Four-Seam,123,0.5542929445487885,0.7944817882124756,0.9687321508951064,2025,-1.6109193841363798,66.0
"Chafin, Andrew",Sinker,250,0.5896687682682251,0.7940640971060842,0.9890637222059387,2025,-0.7440502996329902,57.0
"Chafin, Andrew",Slider,237,0.6563494822602293,0.878476867174086,1.096593018864915,2025,-0.6468216888083171,56.0
"Chandler, Bubba",Four-Seam,249,0.6939126632801391,0.8376272392587243,1.0877197139928687,2025,-0.029153991675901384,50.0
"Chandler, Bubba",Offspeed,104,0.7150256590625874,0.8956851264946022,1.1460861830340416,2025,0.0012227660350991418,50.0
"Chapman, Aroldis",Four-Seam,365,0.7169519672351695,0.8307724550192985,1.0973618342831009,2025,0.0990238765648259,49.0
"Chapman, Aroldis",Offspeed,102,0.7478698044745983,1.1061207816225926,1.3352199923541623,2025,1.464020047718805,35.0
"Chapman, Aroldis",Sinker,311,0.7379365735096226,0.8886538293459283,1.1551000021358777,2025,1.4888542387387276,35.0
"Chapman, Aroldis",Slider,139,0.6923533689667035,0.8841443615971891,1.1229712550478064,2025,-0.3823367287667749,54.0
"Chivilli, Angel",Four-Seam,469,0.842756585563323,0.8059208825366665,1.1660819574193875,2025,1.0125572720953462,40.0
"Chivilli, Angel",Offspeed,374,0.7724721095718963,0.8009030728092623,1.1127258836307234,2025,-0.25679221002205027,53.0
"Chivilli, Angel",Slider,179,0.7562230895468077,0.7814565421344103,1.0874500854790479,2025,-0.7384945495127758,57.0
"Civale, Aaron",Curveball,330,0.6958860213074712,0.8858233177932322,1.1264725052114464,2025,-1.125504863669151,61.0
"Civale, Aaron",Cutter,611,0.7695508091910688,0.7768901058224412,1.0935111725315991,2025,0.09073423435537521,49.0
"Civale, Aaron",Four-Seam,271,0.7437311110812527,0.8643871155102325,1.1403074370757453,2025,0.6699227712665078,43.0
"Civale, Aaron",Offspeed,101,0.696137614863475,0.9834884984574722,1.2049303736838661,2025,0.45633506158322157,45.0
"Civale, Aaron",Sinker,293,0.8116921460577162,0.7812494356628671,1.1265854697693065,2025,1.105382453188422,39.0
"Civale, Aaron",Slider,135,0.584040532290885,0.769903550442629,0.966361640558433,2025,-1.9526042532196877,70.0
"Clarke, Taylor",Four-Seam,189,0.7025038432183721,0.9567043766914237,1.186926667539789,2025,1.289657165781141,37.0
"Clarke, Taylor",Offspeed,176,0.7960090412707596,1.0521253877188332,1.3193173330428503,2025,1.3410258200037781,37.0
"Clarke, Taylor",Sinker,156,0.8317251856574689,0.738769814337805,1.112451177820252,2025,0.9153003539446173,41.0
"Clarke, Taylor",Slider,344,0.7550758752331524,0.9028757233476783,1.1769979393226246,2025,0.15936914316980724,48.0
"Clase, Emmanuel",Cutter,514,0.7586108421504816,0.8253146905318803,1.1209972115201698,2025,0.43511398592441114,46.0
"Clase, Emmanuel",Slider,225,0.6183074353023728,1.0438954647074978,1.2132690657010425,2025,0.5230465075069863,45.0
"Cleavinger, Garrett",Four-Seam,105,0.8743195279887334,0.9371909741818544,1.2817026016632622,2025,2.5495644092924046,25.0
"Cleavinger, Garrett",Sinker,325,0.7933501859649001,0.7907513363663778,1.1201304359474187,2025,1.018573267133915,40.0
"Cleavinger, Garrett",Slider,339,0.8165657713331136,0.8636188479814468,1.1885357266408294,2025,0.2750543313933626,47.0
"Contreras, Luis",Four-Seam,113,0.6769063408897302,0.8025761973917515,1.049919400219144,2025,-0.5316538042176476,55.0
"Corbin, Patrick",Cutter,648,0.737789827767174,0.7123558937997575,1.0255655753719348,2025,-0.7605738744552405,58.0
"Corbin, Patrick",Offspeed,240,0.6725147136944721,0.9766481034566012,1.1857982788488663,2025,0.30836375799580285,47.0
"Corbin, Patrick",Sinker,748,0.7591759993484115,0.6895085813133007,1.0255585218266874,2025,-0.25325754196266936,53.0
"Corbin, Patrick",Slider,868,0.7536148869087637,0.7974360979363759,1.0971963033397907,2025,-0.6407727752598558,56.0
"Cortes, Nestor",Cutter,207,0.7225818793746243,0.8857734821437919,1.1431182065165888,2025,0.7122737019713243,43.0
"Cortes, Nestor",Four-Seam,228,0.6682973270917217,0.7891148564118451,1.0340810287437956,2025,-0.7422017574693318,57.0
"Coulombe, Danny",Cutter,285,0.6572295127439494,0.7921843470266128,1.0293234050072066,2025,-0.7134910468142045,57.0
"Coulombe, Danny",Four-Seam,141,0.6642488741057918,0.902671986687575,1.120733368068117,2025,0.40971419030363004,46.0
"Coulombe, Danny",Sinker,138,0.6449554114661786,0.8201978109841028,1.043404011839432,2025,-0.01326616383893113,50.0
"Coulombe, Danny",Sweeper,134,0.7473482546037425,1.1471845917934422,1.3691464133932307,2025,1.5485637310855207,35.0
"Cox, Austin",Four-Seam,152,0.7167655480617181,0.7907765594830003,1.0672771045590672,2025,-0.3009085456153409,53.0
"Cox, Austin",Slider,139,0.6132434533832198,0.9757214967941744,1.1524321986232602,2025,-0.08694258526472416,51.0
"Crismatt, Nabil",Offspeed,203,0.7010846243491888,0.8029228921428673,1.0659290882727188,2025,-0.6187276317600793,56.0
"Crismatt, Nabil",Sinker,135,0.7334741633859685,0.6523037925235503,0.9815725067947622,2025,-0.844794359284258,58.0
"Crochet, Garrett",Cutter,874,0.7465333516605792,0.7677015869469919,1.0708304122233865,2025,-0.19343892728450374,52.0
"Crochet, Garrett",Four-Seam,1132,0.7590620944596786,0.7518263018220281,1.0683716822140605,2025,-0.2863577387162496,53.0
"Crochet, Garrett",Offspeed,135,0.8264464904728052,0.9503406443031488,1.259428895106564,2025,0.8778371149679345,41.0
"Crochet, Garrett",Sinker,505,0.7261695359814062,0.7048713522271131,1.0120107796747668,2025,-0.43545154768526173,54.0
"Crochet, Garrett",Sweeper,504,0.8325625798824499,0.8862235400164148,1.2159574878669674,2025,0.030497625350825227,50.0
"Cruz, Fernando",Four-Seam,153,0.6943571358485588,0.8965483914612232,1.1339889110284636,2025,0.5859272210362806,44.0
"Cruz, Fernando",Offspeed,479,0.7503229558305305,1.101920596544701,1.3331217270510949,2025,1.44779166003597,36.0
"Cruz, Fernando",Sinker,113,0.7109188107239516,0.8185956486091952,1.0842068028577698,2025,0.5354617243161366,45.0
"Cruz, Steven",Cutter,164,0.8714309207497253,0.7681641858571072,1.1616660733929636,2025,0.9446647638364973,41.0
"Cruz, Steven",Four-Seam,322,0.8020198303080563,0.7615662016007966,1.1059922638192496,2025,0.2137527978650523,48.0
"Cruz, Steven",Slider,156,0.8069847529112931,0.9269786210804178,1.2290295990623878,2025,0.6810716312266831,43.0
"Curtiss, John",Cutter,168,0.7018034302476673,0.8179626638950989,1.0777712995964213,2025,-0.10647473902193476,51.0
"Curtiss, John",Four-Seam,291,0.7194678353632508,0.8265761444336877,1.0958385322067947,2025,0.07877380635719808,49.0
"Curvelo, Luis",Four-Seam,101,0.8641460060882664,0.8002187220908932,1.1777513842161613,2025,1.1676852113222564,38.0
"Curvelo, Luis",Slider,131,0.9196065339061296,0.9304380893462064,1.3082015193803531,2025,1.4748996201992906,35.0
"Dana, Caden",Four-Seam,253,0.7867038188309443,0.9210380179251284,1.2112860640767895,2025,1.6134796680689771,34.0
"Dana, Caden",Offspeed,109,0.7959023851978155,0.8918257775814629,1.195330006451086,2025,0.3820839737329952,46.0
"Dana, Caden",Slider,155,0.7906635682758265,0.8801852749042252,1.1831631317603204,2025,0.22118528069419421,48.0
"Darvish, Yu",Curveball,192,0.8125374327128553,1.05803147740648,1.3340343649031448,2025,0.41497099871723175,46.0
"Darvish, Yu",Cutter,136,0.6889918340274194,0.667286280448897,0.95915625808926,2025,-1.5926335319848939,66.0
"Darvish, Yu",Four-Seam,190,0.830729367348526,0.7579262078072616,1.1245280869130743,2025,0.46015941992934517,45.0
"Darvish, Yu",Offspeed,129,1.0129929857016575,0.9175834410981926,1.3667897279605077,2025,1.7081864587610134,33.0
"Darvish, Yu",Sinker,232,0.8486343911579042,0.6880935621089208,1.0925443149235137,2025,0.6475870293288966,44.0
"Darvish, Yu",Slider,160,0.714846047680263,0.752197727920097,1.0376927742700386,2025,-1.2373929737912275,62.0
"Darvish, Yu",Sweeper,117,1.032124952306271,0.6939572411398255,1.2437276911380641,2025,0.3056937871516148,47.0
"De Los Santos, Enyel",Four-Seam,540,0.7254823135738053,0.6535175365286356,0.9764270366283688,2025,-1.5086271475787492,65.0
"De Los Santos, Enyel",Offspeed,168,0.7418124270720476,0.6221543244973485,0.9681744060081707,2025,-1.3747811581098126,64.0
"De Los Santos, Enyel",Slider,397,0.7743884050218341,0.6225658928582531,0.9936124459680717,2025,-1.6793703595697862,67.0
"De los Santos, Yerry",Offspeed,163,0.793120545799092,0.8434434239260965,1.1577724342602163,2025,0.09160648213626117,49.0
"De los Santos, Yerry",Sinker,306,0.8281679149779051,0.6706501831170989,1.0656611860783187,2025,0.28605483630821,47.0
"DeSclafani, Anthony",Curveball,136,1.0681763680462124,0.8780526598826087,1.3827426466191464,2025,0.776472540442036,42.0
"DeSclafani, Anthony",Four-Seam,114,0.7738488250763402,0.8658529143125523,1.1612679592994772,2025,0.9485622172576611,41.0
"DeSclafani, Anthony",Offspeed,129,0.9443023520965389,0.927461514176065,1.32359049273286,2025,1.374075259452051,36.0
"DeSclafani, Anthony",Sinker,113,0.7363163339096251,0.8150975076967133,1.0984287371675525,2025,0.7267224637047699,43.0
"DeSclafani, Anthony",Slider,140,0.8313994881028811,0.8130142677532883,1.1628487899929847,2025,0.01750077982947158,50.0
"Detmers, Reid",Curveball,229,0.7315981982673233,0.9982070299202195,1.2375997730648385,2025,-0.30074411988235006,53.0
"Detmers, Reid",Four-Seam,492,0.6998809152265616,0.7303715349896778,1.0115709933670238,2025,-1.041439711546805,60.0
"Detmers, Reid",Slider,338,0.647967972508976,0.9174529546502243,1.1232018595932876,2025,-0.380024541038448,54.0
"Devenski, Chris",Offspeed,102,0.7724661919275616,0.741807688543272,1.0709727655047911,2025,-0.5797188613488733,56.0
"Dobbins, Hunter",Curveball,112,0.7399616034351428,0.9426429356569852,1.198381775020935,2025,-0.5918109827804096,56.0
"Dobbins, Hunter",Four-Seam,377,0.7275577540774254,0.7675559372590518,1.0575832838787727,2025,-0.429773694826015,54.0
"Dobbins, Hunter",Slider,252,0.7707361766245342,0.8128959163371656,1.120193744294015,2025,-0.4101858167663698,54.0
"Dodd, Dylan",Cutter,289,0.7269655922487113,0.801409859399013,1.0820058849449319,2025,-0.05341851469931184,51.0
"Dodd, Dylan",Sinker,189,0.7143192528139279,0.7142881904099969,1.0101780109960008,2025,-0.46009915784810707,55.0
"Dollander, Chase",Curveball,379,1.1383026669516765,0.8060429280651011,1.3947896484678473,2025,0.8658825871125231,41.0
"Dollander, Chase",Four-Seam,867,0.8191973920819725,0.6719530886638669,1.0595307076997889,2025,-0.40388554715460084,54.0
"Dollander, Chase",Offspeed,138,0.9050456145870432,0.7390413141618978,1.1684560875451775,2025,0.174235912801622,48.0
"Dollander, Chase",Sinker,175,0.7837883750151845,0.6351539843294977,1.0088333859555696,2025,-0.4781820693446426,55.0
"Dollander, Chase",Slider,219,0.8567374807316646,0.7683608925515018,1.1508160461572388,2025,-0.10314715699700522,51.0
"Domínguez, Seranthony",Four-Seam,476,0.8632415886683327,0.8429402186721566,1.2065381273137166,2025,1.550362802222677,34.0
"Domínguez, Seranthony",Offspeed,183,0.8889438588519252,1.1624562610388038,1.4633952791432898,2025,2.455352384164369,25.0
"Domínguez, Seranthony",Sinker,148,0.7921750063190685,0.8117387030399694,1.1342226248182619,2025,1.2080891518464298,38.0
"Domínguez, Seranthony",Sweeper,240,0.9304415622747522,1.0571589593710011,1.408299174957743,2025,1.9365583597625662,31.0
"Doval, Camilo",Cutter,439,0.8960963874786171,0.7075993347366762,1.141790503626657,2025,0.6956385661635652,43.0
"Doval, Camilo",Sinker,135,0.8315713978165741,0.7222202014820135,1.101414095195504,2025,0.7668704331250087,42.0
"Doval, Camilo",Slider,529,0.8547790626278822,0.7552908566687342,1.1406627565036,2025,-0.20495049175046923,52.0
"Dreyer, Jack",Four-Seam,508,0.5515971718043569,1.0446132313726564,1.1813027736788686,2025,1.2148957331701893,38.0
"Dreyer, Jack",Slider,520,0.5897533611800392,1.1103818995989396,1.2572815873860967,2025,0.9643440210514674,40.0
"Dubin, Shawn",Four-Seam,193,0.804865271741789,0.791347782150536,1.1287335460464334,2025,0.5160648401545569,45.0
"Dunning, Dane",Cutter,147,0.7786006567105948,0.8056269285423444,1.1203810649161923,2025,0.427394124415951,46.0
"Dunning, Dane",Sinker,111,0.888851044126785,0.7969650905476502,1.1938213996226152,2025,2.0095909368670815,30.0
"Duran, Jhoan",Curveball,206,0.9493282198138532,1.0142060399900226,1.389186078424047,2025,0.8242941931345188,42.0
"Duran, Jhoan",Four-Seam,377,0.6710632597484366,0.7607168380640204,1.0144042617705815,2025,-1.0037755574820886,60.0
"Duran, Jhoan",Offspeed,428,0.6603045639566846,0.7064327439964041,0.9669794925293484,2025,-1.3840228489262334,64.0
"Díaz, Alexis",Four-Seam,215,0.8926179002703527,0.8230057767226573,1.2141273509817319,2025,1.6512504163663968,33.0
"Díaz, Alexis",Slider,146,0.9936816264829152,0.7422944625196553,1.2403242494997329,2025,0.7943189745627731,42.0
"Díaz, Edwin",Four-Seam,561,0.9005373419847507,0.7642980030902751,1.181151532123098,2025,1.212885198181561,38.0
"Díaz, Edwin",Slider,505,0.983879651231705,0.8737466796220068,1.3158466583376283,2025,1.5515546420744228,34.0
"Eder, Jake",Four-Seam,135,0.737362336229637,0.8205967183131138,1.1032144800519434,2025,0.17682623078128568,48.0
"Eflin, Zach",Curveball,181,0.7732765702892977,0.7042830115117727,1.04593078856226,2025,-1.7232667578703595,67.0
"Eflin, Zach",Cutter,245,0.7906080247860096,0.6565334005282502,1.0276658770559735,2025,-0.7342586468420506,57.0
"Eflin, Zach",Four-Seam,149,0.861976762721965,0.6712980798113604,1.0925406406313032,2025,0.03493316766865277,50.0
"Eflin, Zach",Offspeed,187,0.7732698341067203,0.6239269306533357,0.9935950136418394,2025,-1.1781732862599923,62.0
"Eflin, Zach",Sinker,205,0.7063771396197487,0.5080370784400305,0.8700978890028752,2025,-2.3439376795621425,73.0
"Eflin, Zach",Sweeper,160,0.9137694160845682,0.72249900381079,1.1648945687396421,2025,-0.47552385447066897,55.0
"Eisert, Brandon",Four-Seam,385,0.7860572967410027,0.912643366488436,1.2044932495265877,2025,1.5231791467944693,35.0
"Eisert, Brandon",Offspeed,356,0.7330523847645566,0.7394744128425368,1.0412435863225367,2025,-0.809650054776506,58.0
"Eisert, Brandon",Slider,434,0.7999481206566633,0.7336503715009357,1.085430727105875,2025,-0.7587419199182539,58.0
"Elder, Bryce",Four-Seam,309,0.6037535557220227,0.8974160475330847,1.081607099836576,2025,-0.1104122448762267,51.0
"Elder, Bryce",Offspeed,263,0.612042684773802,1.037472432399429,1.2045519067163155,2025,0.45340792521701495,45.0
"Elder, Bryce",Sinker,1059,0.771541281500825,0.7862713392532139,1.1015891103269757,2025,0.769224087889568,42.0
"Elder, Bryce",Slider,883,0.6841369972307676,0.8063066806427285,1.0574374185875144,2025,-1.039420621616708,60.0
"Ellard, Fraser",Four-Seam,168,0.7717422120562341,0.8073705793286194,1.1168855331836294,2025,0.35856286072152793,46.0
"Englert, Mason",Cutter,140,0.7199353925429164,0.746362822536191,1.0369977976351314,2025,-0.6173365798956733,56.0
"Englert, Mason",Four-Seam,143,0.6608305794217121,0.8869561913808942,1.1060688677147266,2025,0.21477113446795848,48.0
"Englert, Mason",Offspeed,248,0.7192907766724267,0.9238875993847152,1.1708746806139736,2025,0.19294177707439125,48.0
"Englert, Mason",Sinker,124,0.6711058206309212,0.7688192252132048,1.0205224267707862,2025,-0.32098442376668324,53.0
"Enns, Dietrich",Cutter,123,0.7383899030104639,1.0212362860089295,1.2602155374098172,2025,2.179416702793508,28.0
"Enns, Dietrich",Four-Seam,340,0.6082318377284559,0.7565269277515771,0.9707105443126569,2025,-1.5846195410344432,66.0
"Enns, Dietrich",Offspeed,219,0.6539257761927705,1.0222212463532827,1.2134888533750017,2025,0.522527990666295,45.0
"Enright, Nic",Four-Seam,353,0.6741020533268478,0.8438800327708098,1.0800680941536673,2025,-0.1308710715354885,51.0
"Enright, Nic",Slider,135,0.6177569644422272,0.8491133979217615,1.0500558221576197,2025,-1.113433198624026,61.0
"Eovaldi, Nathan",Curveball,379,0.9286868216556888,0.9031304816361437,1.2954164888472273,2025,0.12835810167953346,49.0
"Eovaldi, Nathan",Cutter,385,0.7102838312727117,0.6309422545800492,0.950048024881899,2025,-1.706752961506482,67.0
"Eovaldi, Nathan",Four-Seam,432,0.7101100115058622,0.7654922754958664,1.044143022906678,2025,-0.6084422810027872,56.0
"Eovaldi, Nathan",Offspeed,603,0.7178534137599528,0.7970891319065868,1.0726903597266146,2025,-0.5664346570717496,56.0
"Erceg, Lucas",Four-Seam,289,0.6862766793783426,0.7456717068824776,1.0134110592960746,2025,-1.0169787298219612,60.0
"Erceg, Lucas",Offspeed,161,0.7373866201549975,0.7867367249399078,1.078282756030524,2025,-0.5231819877533284,55.0
"Erceg, Lucas",Sinker,230,0.7222807808252187,0.6447044627236169,0.9681597856786013,2025,-1.0251725625590318,60.0
"Erceg, Lucas",Slider,283,0.8110015264249518,0.8392727216666384,1.1670913319862026,2025,0.06003920210194261,49.0
"Estrada, Jeremiah",Four-Seam,702,0.6192964439834929,0.7898714247822942,1.0037056108332816,2025,-1.145998453371904,61.0
"Estrada, Jeremiah",Offspeed,287,0.6816572596391974,1.2012314157037551,1.3811638330380898,2025,1.8193585538491768,32.0
"Estrada, Jeremiah",Slider,247,0.6455691610139844,0.9524978350816515,1.1506570590265082,2025,-0.10474126301026751,51.0
"Estévez, Carlos",Four-Seam,558,0.7358053282080342,0.8855850350922915,1.1513775815946514,2025,0.8170841302663125,42.0
"Estévez, Carlos",Offspeed,163,0.6701577596623574,0.9056525298730965,1.1266401056687134,2025,-0.14917693887047434,51.0
"Estévez, Carlos",Slider,322,0.7292672834689257,0.9226665219119811,1.1760715460359112,2025,0.1500805353296037,48.0
"Evans, Logan",Curveball,131,0.7985797931915141,0.9859108853403583,1.268759220627149,2025,-0.06948594496364978,51.0
"Evans, Logan",Cutter,356,0.7728480151111079,0.868126931649772,1.1622987670632827,2025,0.9525919478550608,40.0
"Evans, Logan",Four-Seam,147,0.7267515585856277,0.8756937784723783,1.13798392851651,2025,0.6390351277817482,44.0
"Evans, Logan",Offspeed,163,0.830566951444822,0.841628100583106,1.1824463288130553,2025,0.28243913130769477,47.0
"Evans, Logan",Sinker,226,0.7422612981882415,0.8178266496727006,1.1044420599121385,2025,0.8075913897777083,42.0
"Evans, Logan",Sweeper,315,0.9042273002096759,0.7705559405653623,1.1880166109886887,2025,-0.24638987162524836,52.0
"Fairbanks, Pete",Four-Seam,504,0.6761831491327998,0.9297881539387757,1.1496650218111475,2025,0.7943181560120076,42.0
"Fairbanks, Pete",Slider,394,0.6457716537040512,1.0048815673763067,1.1944906835887537,2025,0.33476251428704557,47.0
"Falter, Bailey",Curveball,263,0.5596304580059548,1.1375928162354418,1.267794804011453,2025,-0.07664362084866368,51.0
"Falter, Bailey",Four-Seam,992,0.6039882895765153,0.8983016320457154,1.0824729447342138,2025,-0.09890210500390563,51.0
"Falter, Bailey",Offspeed,151,0.6570371805564326,1.115458087342051,1.2945827904194975,2025,1.1497241069827577,39.0
"Falter, Bailey",Sinker,191,0.5417048291078908,0.8205904970017013,0.9832664367547121,2025,-0.8220138928894906,58.0
"Falter, Bailey",Slider,354,0.6093357679858055,1.0069198449037726,1.176935704364469,2025,0.15874513592736517,48.0
"Farris, Mitch",Four-Seam,202,0.8179241573929861,0.7236710696404537,1.092107936186522,2025,0.029180995776903692,50.0
"Farris, Mitch",Offspeed,108,0.9051413488196333,1.134746588373773,1.4515270170303212,2025,2.363560960835207,26.0
"Faucher, Calvin",Curveball,159,0.9499835138641934,1.084967772868811,1.4420900612575027,2025,1.2169352530098438,38.0
"Faucher, Calvin",Cutter,390,0.7231980775813913,0.8454578266790557,1.1125710746331186,2025,0.32954071910862726,47.0
"Faucher, Calvin",Four-Seam,182,0.89026975454864,0.8811816367074611,1.2526217756108728,2025,2.162977416196,28.0
"Faucher, Calvin",Sinker,131,0.8709613141885912,0.9626012525266733,1.2981428204088479,2025,3.4125359680449434,20.0
"Faucher, Calvin",Sweeper,191,0.9085694472615369,0.95350730454388,1.3170704690014388,2025,1.0325034099250936,40.0
"Fedde, Erick",Cutter,664,0.7113942134608864,0.8727150223467854,1.1259277228913869,2025,0.49688964890131654,45.0
"Fedde, Erick",Offspeed,281,0.6961993012769208,0.8776161825931688,1.1202248127263914,2025,-0.1987940491638003,52.0
"Fedde, Erick",Sinker,788,0.7543535038218745,0.7557646207303466,1.067815232461133,2025,0.31502308316413,47.0
"Fedde, Erick",Sweeper,615,0.9650731145049897,0.720836381579487,1.2045626614456255,2025,-0.08242241577841235,51.0
"Feltner, Ryan",Four-Seam,174,0.769679615493266,0.9338732035369759,1.2101759668702217,2025,1.5987225514602994,34.0
"Ferguson, Caleb",Curveball,227,0.8047978283405643,1.029328957062835,1.3066053904487582,2025,0.21139952783256852,48.0
"Ferguson, Caleb",Cutter,244,0.6811461631062679,0.8187503586710191,1.065040959465087,2025,-0.2659764909346508,53.0
"Ferguson, Caleb",Four-Seam,325,0.7086312583210337,0.7940586203613144,1.0642778550922525,2025,-0.3407791748345077,53.0
"Ferguson, Caleb",Sinker,246,0.6761766385209242,0.7594448985605573,1.0168438426971527,2025,-0.37045510015297783,54.0
"Ferguson, Tyler",Cutter,111,0.9927092687794271,0.6555809500518168,1.1896461971491472,2025,1.2952350323292463,37.0
"Ferguson, Tyler",Four-Seam,380,0.8108952351642481,0.625642894653963,1.024197302302184,2025,-0.8735914256571142,59.0
"Ferguson, Tyler",Sinker,147,0.8990815531010032,0.6646219073711568,1.1180652569882434,2025,0.9908001354277722,40.0
"Ferguson, Tyler",Sweeper,312,1.0191752637831846,0.7963277114642447,1.293389362239154,2025,0.7978292296695109,42.0
"Fermin, José",Four-Seam,304,0.7241517264679544,0.8252940369284854,1.0979553589906264,2025,0.10691391832627206,49.0
"Fermin, José",Slider,317,0.7415649240132186,1.0141011226279915,1.256311913277146,2025,0.9546214521813975,40.0
"Fernandez, Ryan",Four-Seam,198,0.7162127462783986,0.8739691826168052,1.1299481537201308,2025,0.5322112703667042,45.0
"Fernandez, Ryan",Slider,247,0.6548709078402258,0.9560657622560966,1.1588432368935035,2025,-0.02266144118163838,50.0
"Ferrer, José A.",Four-Seam,106,0.6429912089967837,0.6396814385957071,0.9069895466492539,2025,-2.4316968846910543,74.0
"Ferrer, José A.",Offspeed,265,1.0651408107980775,0.9262163740175495,1.4115246077648818,2025,2.0541746287741693,29.0
"Ferrer, José A.",Sinker,747,0.7379649375931371,0.6444195817692913,0.9797289658290965,2025,-0.8695868383174304,59.0
"Festa, David",Four-Seam,278,0.7248401062089332,0.8537489219953723,1.1199466064849868,2025,0.39925534727908274,46.0
"Festa, David",Offspeed,256,0.690423288251979,0.8399325715184358,1.08727689281905,2025,-0.45361960283314257,55.0
"Festa, David",Sinker,112,0.6999341531663907,0.7012536443019672,0.990789832616152,2025,-0.720837061114744,57.0
"Festa, David",Slider,236,0.7641277106216605,0.9734818164197612,1.2375613136486683,2025,0.7666160238006552,42.0
"Festa, Matt",Cutter,116,0.7401592459451003,0.7209421214665115,1.0332440427423977,2025,-0.6643683540246501,57.0
"Festa, Matt",Four-Seam,323,0.7502974396491453,0.7053845327686845,1.029812403796613,2025,-0.7989468746821229,58.0
"Festa, Matt",Sweeper,312,0.9248141580703726,0.9105528385028074,1.297839627485974,2025,0.8419303081875429,42.0
"Finnegan, Kyle",Four-Seam,493,0.6522593229186527,0.820798837753995,1.048404958206803,2025,-0.5517860928505472,56.0
"Finnegan, Kyle",Offspeed,314,0.6320917017777586,0.8676724149369068,1.0734967811310598,2025,-0.5601976387271478,56.0
"Fisher, Braydon",Curveball,305,0.7080445304381922,1.147985221662115,1.3487761586853673,2025,0.5243811645517582,45.0
"Fisher, Braydon",Four-Seam,184,0.653915893263625,0.8631653780976133,1.0828944848918385,2025,-0.09329834595965035,51.0
"Fisher, Braydon",Slider,319,0.6057992425719413,0.9505802603466555,1.127206970197334,2025,-0.3398667567677844,53.0
"Fitts, Richard",Four-Seam,285,0.7037550608729218,0.7918718759170009,1.059401837629405,2025,-0.40559868600836213,54.0
"Fitts, Richard",Slider,206,0.5604555798371502,0.8649011917800656,1.0306136659840943,2025,-1.3083726124280246,63.0
"Flaherty, Jack",Curveball,718,0.8026788420950839,0.7575902146693957,1.1037374039643333,2025,-1.294239498982736,63.0
"Flaherty, Jack",Four-Seam,1327,0.7592490630604937,0.7378350245717579,1.0587065992252263,2025,-0.41484086240570406,54.0
"Flaherty, Jack",Slider,669,0.7743884452669647,0.6462162835860654,1.0085994989760667,2025,-1.529100641440152,65.0
"Flexen, Chris",Curveball,132,0.7001590508141464,1.0629749814070546,1.2728466158710148,2025,-0.0391502478246825,50.0
"Flexen, Chris",Cutter,190,0.5386195284051255,0.9744265986399231,1.1133814227461898,2025,0.3396937819773786,47.0
"Flexen, Chris",Four-Seam,277,0.6191699902993779,0.9003286054502575,1.0926861739215596,2025,0.036867819627105274,50.0
"Fluharty, Mason",Cutter,500,0.8812952807929725,0.7684111510059666,1.169246367938887,2025,1.03964025134238,40.0
"Fluharty, Mason",Sweeper,358,0.9838708565774208,0.8705889508574091,1.313745402951954,2025,0.999552789952329,40.0
"Francis, Bowden",Curveball,160,0.9041293427404283,0.9376484981749054,1.3025492599260478,2025,0.18129587018465015,48.0
"Francis, Bowden",Four-Seam,639,0.7179682946952286,0.731035934884626,1.0246423816533328,2025,-0.8676747475084283,59.0
"Francis, Bowden",Offspeed,256,0.7139437216966261,0.8705899667335744,1.1258963220151292,2025,-0.15492950479475182,52.0
"Freeland, Kyle",Curveball,648,0.8812508872561097,0.9296812154043955,1.280980206156783,2025,0.02121536813374602,50.0
"Freeland, Kyle",Cutter,388,0.7279344510678395,0.6686076379746207,0.9883950316596286,2025,-1.2262933116812753,62.0
"Freeland, Kyle",Four-Seam,828,0.653489651455954,0.7013994345974199,0.9586500359430467,2025,-1.744946337027866,67.0
"Freeland, Kyle",Offspeed,147,0.6763239050753165,0.7851170459210978,1.03625421609381,2025,-0.8482388043719945,58.0
"Freeland, Kyle",Sinker,152,0.6958601053725298,0.7040010341402344,0.9898680428822761,2025,-0.733233559524998,57.0
"Freeland, Kyle",Sweeper,319,0.8987651279304733,0.8456729898054768,1.2340751844480198,2025,0.21003972344436891,48.0
"Fried, Max",Curveball,537,0.7828844230262526,1.0093207795315478,1.2773552582626806,2025,-0.00568815229899381,50.0
"Fried, Max",Cutter,890,0.6743740238683053,0.7684953894087552,1.0224311652188836,2025,-0.7998457167993523,58.0
"Fried, Max",Four-Seam,380,0.7100557752817424,0.898936793635844,1.1455420389332065,2025,0.7395091368149684,43.0
"Fried, Max",Offspeed,340,0.6508015818472008,0.832919073635958,1.057022649786371,2025,-0.6876117411329382,57.0
"Fried, Max",Sinker,549,0.6903227010068778,0.775335540794301,1.0381187949094373,2025,-0.08434330959433022,51.0
"Fried, Max",Sweeper,361,0.9348222189049905,1.056204780923129,1.4104825841545598,2025,1.9581954297090416,30.0
"Fuentes, Didier",Four-Seam,169,0.7948683846190977,0.6830886942302489,1.0480581630101262,2025,-0.5563962271040238,56.0
"Fulmer, Carson",Four-Seam,114,0.7973119035628533,0.8509947967874819,1.1661468242560147,2025,1.0134195816899298,40.0
"Fulmer, Carson",Offspeed,130,0.6954901145243984,0.6796913867357666,0.9724643338467227,2025,-1.3416020305735414,63.0
"Fulmer, Carson",Sinker,106,0.6783684374498262,0.7362786157334305,1.0011443137302711,2025,-0.5815869654009835,56.0
"Funderburk, Kody",Cutter,179,0.7089352814734594,0.802312219687643,1.070651264968181,2025,-0.1956835099712853,52.0
"Funderburk, Kody",Sinker,237,0.8030152207728488,0.6926649019036676,1.0604801323561346,2025,0.21637850788954005,48.0
"Funderburk, Kody",Sweeper,144,1.191737467732506,1.0718164321248462,1.6028189717402028,2025,3.864203647275383,20.0
"Gaddis, Hunter",Four-Seam,347,0.643049792956764,0.7405992755199046,0.9808161515403101,2025,-1.450280292743704,65.0
"Gaddis, Hunter",Offspeed,139,0.9531152031067708,1.1208933387187838,1.471336286230107,2025,2.5167696612878165,25.0
"Gaddis, Hunter",Slider,563,0.7060353807943662,0.8087777934566959,1.073595584064189,2025,-0.8774085856029155,59.0
"Gage, Matt",Four-Seam,146,0.7296889315954378,0.7735262124592853,1.0633855078260654,2025,-0.35264162488360795,54.0
"Gage, Matt",Slider,270,0.7387495686423182,0.9074123018279057,1.1701059826690186,2025,0.09026600573868133,49.0
"Gallen, Zac",Curveball,736,0.6063772415036064,0.7962483671875886,1.0008520476386227,2025,-2.057830691739419,71.0
"Gallen, Zac",Four-Seam,1410,0.7413504339016596,0.8259211406912156,1.109840617605455,2025,0.2649110254855511,47.0
"Gallen, Zac",Offspeed,501,0.6037589846346186,0.6457436837284426,0.8840304387305928,2025,-2.0255667952530567,70.0
"Gallen, Zac",Slider,406,0.6269368726533031,0.8939078197900645,1.091842952339818,2025,-0.6944488745827672,57.0
"Garcia, Brandyn",Sinker,145,0.8342520658147987,0.7352005849964157,1.1119786011858912,2025,0.9089450049086247,41.0
"Garcia, Rico",Curveball,114,0.6317473581296864,1.0397829848844737,1.21665664020672,2025,-0.45617918246371003,55.0
"Garcia, Rico",Four-Seam,231,0.6877832295830496,0.8153975526962556,1.066732834330477,2025,-0.30814382121320577,53.0
"Garcia, Rico",Offspeed,129,0.6312967450189826,0.9559254766535099,1.145569333208079,2025,-0.0027746499910183196,50.0
"Garcia, Rico",Slider,112,0.6501583217124874,1.0073782905564108,1.19896491340504,2025,0.37962398591738433,46.0
"Garcia, Robert",Four-Seam,436,0.7517115663402244,0.7641543084496114,1.0719151487369594,2025,-0.23925254074981572,52.0
"Garcia, Robert",Offspeed,275,0.730430609073294,0.7717189488390895,1.0625812960279757,2025,-0.6446201012918663,56.0
"Garcia, Robert",Slider,261,0.8529932231438873,0.7536934310750155,1.1382667643285675,2025,-0.2289742320142072,52.0
"García, Luis",Offspeed,196,0.7423392596261911,0.8640249704887104,1.1391254215451336,2025,-0.052613102977559945,51.0
"García, Luis",Sinker,369,0.7129001296499604,0.6810514497348948,0.9859298514807899,2025,-0.7861955113168931,58.0
"García, Luis",Sweeper,290,0.8864911830853026,0.9614515021007872,1.3077674137933852,2025,0.9403123279483259,41.0
"García, Yimi",Four-Seam,159,0.7290405382396227,0.7306363879912975,1.0321480697330634,2025,-0.767897616671934,58.0
"Garrett, Reed",Cutter,276,0.8479772398855578,0.6718645522532982,1.0818814056718296,2025,-0.05497814797947635,51.0
"Garrett, Reed",Offspeed,219,0.7920879737797248,0.9471707024331091,1.23472089872736,2025,0.686740715708209,43.0
"Garrett, Reed",Sinker,238,0.7921905760552836,0.74303784957269,1.0861266752494432,2025,0.5612807307301017,44.0
"Garrett, Reed",Sweeper,207,0.8742662462745961,0.7825394127538456,1.173332604971074,2025,-0.391904906443634,54.0
"Gausman, Kevin",Four-Seam,1627,0.6445132364737375,0.7125892035861371,0.9608229207597917,2025,-1.716061015608969,67.0
"Gausman, Kevin",Offspeed,1134,0.7030302035265142,0.7663268870123672,1.0399559436959807,2025,-0.8196089306680086,58.0
"Gausman, Kevin",Slider,267,0.8381862672960493,0.9836879492232655,1.2923614819897558,2025,1.316077338555384,37.0
"Gibaut, Ian",Four-Seam,199,0.647192276200785,0.7998810050813583,1.028915674224043,2025,-0.8108675810766356,58.0
"Gibson, Cade",Curveball,259,0.9091578289015115,1.1173736257954865,1.4405178851636178,2025,1.2052669275879768,38.0
"Gibson, Cade",Offspeed,132,0.657829805996709,0.8668991557005389,1.0882344415666942,2025,-0.446213736530503,54.0
"Gibson, Cade",Sinker,215,0.7751033824065174,0.8193315019180285,1.1278693911323583,2025,1.1226490038463892,39.0
"Gibson, Cade",Sweeper,129,0.8584470984895949,0.7632606812562581,1.1486941666331258,2025,-0.6360660167235075,56.0
"Gibson, Kyle",Sinker,100,0.7155249487937032,0.681985982435087,0.9884739918602727,2025,-0.7519811661027087,58.0
"Gil, Luis",Four-Seam,491,0.7305626896296333,0.8693765655788355,1.135578027374841,2025,0.6070521955786025,44.0
"Gil, Luis",Offspeed,229,0.9496223111955248,0.7892721508811342,1.2348008187869257,2025,0.6873588328301827,43.0
"Gil, Luis",Slider,250,0.9262247809980648,0.9881061622893584,1.3543434324015151,2025,1.9375477645645143,31.0
"Gilbert, Logan",Curveball,161,0.8429033821391055,1.1597999961460708,1.4337440994410295,2025,1.154993464929066,38.0
"Gilbert, Logan",Four-Seam,791,0.6622857615500896,0.8057039840490476,1.0429675641478453,2025,-0.624068283725932,56.0
"Gilbert, Logan",Offspeed,423,0.9447462647757279,0.8970080329450065,1.3027543574962854,2025,1.2129245794418602,38.0
"Gilbert, Logan",Slider,760,0.6600338173071194,0.9607890485197889,1.16565871323667,2025,0.045674856051745115,50.0
"Gilbert, Tyler",Cutter,154,0.8265569819242585,0.8098061768863029,1.1571441087828902,2025,0.8880078897896918,41.0
"Gilbert, Tyler",Four-Seam,102,0.8151224490398447,0.7218366453557238,1.0887941722415302,2025,-0.014870642818844343,50.0
"Gilbert, Tyler",Sinker,263,0.8415945438823156,0.6680214454170307,1.0744924512668954,2025,0.40482027797829484,46.0
"Gilbert, Tyler",Sweeper,254,1.1435573521751645,0.7593222704347747,1.372695788618911,2025,1.5837372020667242,34.0
"Gillispie, Connor",Cutter,117,0.6728165005418774,0.8633664204453161,1.0945700614186267,2025,0.10400132940699001,49.0
"Gillispie, Connor",Four-Seam,137,0.7622828573103293,0.9565930361218157,1.2231702217213896,2025,1.7714621394414536,32.0
"Gillispie, Connor",Sweeper,139,0.7644038403612062,0.9363073946246062,1.2087120287263127,2025,-0.04130316510532249,50.0
"Ginkel, Kevin",Four-Seam,248,0.7073998472052532,0.8071681042033546,1.073282298498048,2025,-0.22107828688579043,52.0
"Ginkel, Kevin",Slider,209,0.7117837426897042,0.8446525726967808,1.1045696288241198,2025,-0.566843128009184,56.0
"Ginn, J.T.",Cutter,210,0.6891115580862947,0.809503213902728,1.0630946302220543,2025,-0.2903625576744178,53.0
"Ginn, J.T.",Offspeed,148,0.7288587015987845,0.8111134346552091,1.0904769648068848,2025,-0.42886963019829716,54.0
"Ginn, J.T.",Sinker,811,0.8190778127380625,0.7597536926505998,1.1171902867533312,2025,0.9790332793569178,40.0
"Ginn, J.T.",Slider,406,0.8071415307868515,0.7622971764846622,1.1102136893397732,2025,-0.5102521903284147,55.0
"Giolito, Lucas",Four-Seam,1145,0.6154101735319708,0.9511487539349806,1.1328784726521715,2025,0.5711655690757668,44.0
"Giolito, Lucas",Offspeed,534,0.6194885616699479,0.9985910864872517,1.1751383901701495,2025,0.22591812736883593,48.0
"Giolito, Lucas",Slider,606,0.6755594227988284,1.1049361604129506,1.2950924493334057,2025,1.3434597527453247,37.0
"Gipson-Long, Sawyer",Four-Seam,131,0.7450310302257276,0.6541525613733613,0.9914569126041425,2025,-1.3088269579411227,63.0
"Glasnow, Tyler",Curveball,324,0.768996631714098,1.4089782529607557,1.6051714976612224,2025,2.427287755904083,26.0
"Glasnow, Tyler",Four-Seam,537,0.5746300232856094,0.9488121480880972,1.1092538735658168,2025,0.2571111227732864,47.0
"Glasnow, Tyler",Sinker,292,0.5960324534811632,0.877787121209335,1.0610206952570467,2025,0.22364815615696274,48.0
"Glasnow, Tyler",Slider,327,0.6250911649007111,1.0314346666913385,1.2060665139575018,2025,0.45082914631272053,45.0
"Gomber, Austin",Curveball,248,0.6189235271607634,1.0483955614739646,1.2174561946088367,2025,-0.45024507559573834,55.0
"Gomber, Austin",Four-Seam,340,0.669694366027012,0.9205314319356355,1.1383622714539485,2025,0.6440646430465516,44.0
"Gomber, Austin",Offspeed,209,0.5633464721788266,0.8911967688586836,1.0543201262142763,2025,-0.7085135785630471,57.0
"Gomber, Austin",Slider,153,0.6551450480916611,1.0857858109058725,1.268126910527313,2025,1.0730861233571023,39.0
"Gonsolin, Tony",Curveball,103,0.6247247744512695,0.8173961953442511,1.0287942379195398,2025,-1.85045025231815,69.0
"Gonsolin, Tony",Four-Seam,245,0.6041960824610482,0.9131307883121704,1.094924994063467,2025,0.06662965463084507,49.0
"Gonsolin, Tony",Offspeed,163,0.7924024133315011,0.9917799013459565,1.2694601046773317,2025,0.9554204203794097,40.0
"González, Wikelman",Four-Seam,206,0.7479113621310259,0.7577234146837125,1.0646671680692665,2025,-0.3356038289593204,53.0
"Gordon, Colton",Curveball,148,0.8971316772354891,0.7556224506482367,1.172949501991884,2025,-0.7805633999396395,58.0
"Gordon, Colton",Four-Seam,595,0.7197475757069189,0.7456786128345392,1.036375012423027,2025,-0.7117066040246287,57.0
"Gordon, Colton",Offspeed,114,0.8288259599742814,0.7967193794913547,1.149658315146017,2025,0.028850323276165143,50.0
"Gordon, Colton",Sinker,157,0.7359320294644824,0.7245146603797237,1.0327233148800594,2025,-0.15690330581548972,52.0
"Gordon, Colton",Sweeper,396,0.8233877859967169,0.7809812544640017,1.1348564516945485,2025,-0.7731945066382139,58.0
"Gordon, Tanner",Four-Seam,657,0.7002210372969043,0.6864081459959649,0.9805435451639924,2025,-1.4539041952810559,65.0
"Gordon, Tanner",Offspeed,263,0.5961175108446952,0.7268080569774322,0.9400032119216326,2025,-1.592662594959761,66.0
"Gordon, Tanner",Slider,319,0.78456459068074,0.7838215279176017,1.1090165844463828,2025,-0.5222551247815995,55.0
"Gore, MacKenzie",Curveball,675,0.742367910345601,1.1161740319693512,1.340505346484531,2025,0.4629971194451861,45.0
"Gore, MacKenzie",Cutter,128,0.6897214362363596,0.9005468383467639,1.1343281128757672,2025,0.6021403260580669,44.0
"Gore, MacKenzie",Four-Seam,1388,0.6939270510260134,0.8271930093296169,1.0797143264907838,2025,-0.13557389451591237,51.0
"Gore, MacKenzie",Offspeed,289,0.8505498770818132,1.1469941926727414,1.4279463475316154,2025,2.181183524632852,28.0
"Gore, MacKenzie",Slider,338,0.6819696005271841,0.9499850069963262,1.1694246660478036,2025,0.08343469229951553,49.0
"Graceffo, Gordon",Curveball,195,0.5900307849013398,1.2872396414441436,1.4160233831531661,2025,1.0234744288874813,40.0
"Graceffo, Gordon",Four-Seam,329,0.6420808874445298,0.8484823977746864,1.0640442873090556,2025,-0.3438841164488755,53.0
"Graceffo, Gordon",Slider,201,0.5884296713275163,0.8995896459131676,1.0749469796844806,2025,-0.8638586342659517,59.0
"Granillo, Andre",Four-Seam,102,0.5946415090176201,0.8802431709015929,1.062274241505292,2025,-0.3674142831534662,54.0
"Granillo, Andre",Slider,235,0.7292590457572884,0.9809075856559434,1.2222922921364605,2025,0.6135191102492866,44.0
"Graveman, Kendall",Sinker,128,0.8522707479397997,0.7682799199101983,1.1474403963304962,2025,1.3858456157306018,36.0
"Gray, Sonny",Curveball,500,0.7556710291823558,0.887511600567347,1.1656395435498639,2025,-0.8348162118565587,58.0
"Gray, Sonny",Cutter,342,0.5851040243742656,0.8208100777590633,1.008005904293125,2025,-0.9805835734252899,60.0
"Gray, Sonny",Four-Seam,589,0.6036395910930767,0.7909242692656712,0.9949582682949335,2025,-1.2622815618156689,63.0
"Gray, Sonny",Offspeed,229,0.7687824266078408,0.8781543879066142,1.1671253353692055,2025,0.16394361935813856,48.0
"Gray, Sonny",Sinker,490,0.6861955234570842,0.8193464562225605,1.0687342568370353,2025,0.3273823922301509,47.0
"Gray, Sonny",Sweeper,523,0.6551554714023573,0.86047653057306,1.0815029132533556,2025,-1.3019154833690167,63.0
"Green, Chad",Four-Seam,356,0.6887674957025924,0.7886275501212793,1.047059728929879,2025,-0.5696689459804535,56.0
"Green, Chad",Slider,337,0.715464480715757,0.8505832018119711,1.1114770381661387,2025,-0.49758505210343573,55.0
"Greene, Hunter",Four-Seam,947,0.6659527464025582,0.7473879304415303,1.0010403483430543,2025,-1.1814292148658656,62.0
"Greene, Hunter",Offspeed,188,0.7908007149884372,1.0592439337763282,1.3218787698076453,2025,1.360836464912881,36.0
"Greene, Hunter",Slider,611,0.7557835319314463,0.8325070887381055,1.1244006403137485,2025,-0.3680048036780201,54.0
"Guerrero, Luis",Four-Seam,107,0.8304810416430299,0.915214743135769,1.2358465869927238,2025,1.9399758510123852,31.0
"Guerrero, Luis",Slider,124,0.7766737183081098,0.8627471218235931,1.1608422205129512,2025,-0.0026183610057088345,50.0
"Gusto, Ryan",Curveball,263,0.7832191091896513,0.9775904865819666,1.2526433380876605,2025,-0.1890942780649797,52.0
"Gusto, Ryan",Cutter,194,0.6370685700257548,0.7445118116500786,0.9798745841183667,2025,-1.333048221282361,63.0
"Gusto, Ryan",Four-Seam,769,0.6529426395010036,0.7601306190546178,1.002064193803418,2025,-1.167818688906102,62.0
"Gusto, Ryan",Offspeed,168,0.7514799209484652,0.9343035934150773,1.1990184636847914,2025,0.41061121185327654,46.0
"Gusto, Ryan",Sinker,186,0.6461720882295013,0.7309808883579514,0.9756389838210926,2025,-0.9245901146579039,59.0
"Gusto, Ryan",Sweeper,180,0.7862637259389792,0.8219588448761848,1.1374651596412253,2025,-0.7473428264334864,57.0
"Gómez, Yoendrys",Curveball,158,0.8878983191117772,0.9396910417711304,1.2928196622369386,2025,0.10908505836659385,49.0
"Gómez, Yoendrys",Four-Seam,368,0.7941445667962836,0.813438294279662,1.136814607388849,2025,0.6234907158763835,44.0
"Gómez, Yoendrys",Sinker,212,0.769726465195975,0.6901495732068101,1.0338207120292342,2025,-0.14214518743423876,51.0
"Gómez, Yoendrys",Sweeper,187,0.9534766438040059,0.8965921998782724,1.3088144571184683,2025,0.9506882802411168,40.0
"Hader, Josh",Sinker,459,0.7247056007754744,0.7195085498805741,1.021220231461651,2025,-0.3116001418387425,53.0
"Hader, Josh",Slider,351,0.8250154630580979,0.9173778597413468,1.2337879282229105,2025,0.7287816634350378,43.0
"Hagenman, Justin",Cutter,125,0.6752084169868973,0.6334220537015819,0.9258131045116403,2025,-2.010398599929519,70.0
"Hall, DL",Cutter,106,0.730691456530715,0.9050049778185499,1.1631612160501792,2025,0.9633977961612455,40.0
"Hall, DL",Four-Seam,175,0.6535082810848756,0.8814858956789549,1.0973105566463115,2025,0.09834221548051639,49.0
"Hall, DL",Offspeed,104,0.7772514955961994,0.9339042297587289,1.2150296283497672,2025,0.5344446408563125,45.0
"Hall, DL",Slider,109,0.7512969503789846,0.8972495388283834,1.1702580239316922,2025,0.09179046806452054,49.0
"Halvorsen, Seth",Four-Seam,346,0.8755893356167086,1.0021952550878577,1.33080878189405,2025,3.2023591587837292,20.0
"Halvorsen, Seth",Offspeed,164,0.650170400998414,0.8291603531665201,1.053673783292375,2025,-0.7135125191151954,57.0
"Halvorsen, Seth",Slider,126,0.7175032551963475,1.004546637656204,1.2344735187292353,2025,0.7356558295624824,43.0
"Hamilton, Ian",Sinker,314,0.7877152356894268,0.7745892636674517,1.1047550949989478,2025,0.8118011773392031,42.0
"Hamilton, Ian",Slider,244,0.854250481091754,0.8987391776840189,1.239949996552135,2025,0.7905664766624378,42.0
"Hancock, Emerson",Four-Seam,382,0.8058479266948504,0.6732547124416732,1.0500775156069713,2025,-0.5295518916986477,55.0
"Hancock, Emerson",Offspeed,291,0.8887695860938956,0.7118495120563149,1.1387014995073679,2025,-0.05589179760502334,51.0
"Hancock, Emerson",Sinker,541,0.8225942146456154,0.6176940202155227,1.0286919580605514,2025,-0.21111817344486364,52.0
"Hancock, Emerson",Slider,162,0.9794083942120085,0.8558637610604487,1.3006704348717557,2025,1.3993881807112418,36.0
"Hanifee, Brenan",Four-Seam,114,0.8220575548150383,0.7758807983648065,1.1303847295057063,2025,0.5380149060646827,45.0
"Hanifee, Brenan",Sinker,592,0.8306908565983064,0.6455615360077234,1.0520441986954157,2025,0.10292960043166166,49.0
"Hanifee, Brenan",Slider,200,1.0188381764305154,0.711835809982736,1.2428762811020395,2025,0.819907265291575,42.0
"Harris, Hogan",Curveball,256,0.750676693055912,1.0012444787034904,1.2514016156420704,2025,-0.19831005334303956,52.0
"Harris, Hogan",Four-Seam,639,0.6674146439731433,0.7556828469163706,1.0082156872978265,2025,-1.0860435918448523,61.0
"Harris, Hogan",Offspeed,148,0.7673547680360131,0.8443165175069749,1.1409223118874963,2025,-0.03871560724297719,50.0
"Harrison, Kyle",Curveball,161,1.0074202697123062,0.7817540866482126,1.2751607944955008,2025,-0.0219749521438363,50.0
"Harrison, Kyle",Four-Seam,345,0.748833142965062,0.6838060500282958,1.0140718860407447,2025,-1.0081940060414367,60.0
"Hart, Kyle",Four-Seam,111,0.8497534210249116,0.7803742398578463,1.1537178297908253,2025,0.848194302708742,42.0
"Hart, Kyle",Offspeed,128,0.7826047616140462,0.8806556000209901,1.1781445152226904,2025,0.24916807707938834,48.0
"Hart, Kyle",Sinker,149,0.9162002092328919,0.6733536343393508,1.1370259189114411,2025,1.2457886721301403,38.0
"Hart, Kyle",Sweeper,230,0.8190901590818138,0.7186594563821699,1.0896697219580742,2025,-1.2209843361332662,62.0
"Hatch, Thomas",Cutter,160,0.6852214353993314,0.6960663481067105,0.9767480619368193,2025,-1.3722212331741106,64.0
"Hatch, Thomas",Offspeed,102,0.6409080641770757,0.8757563932000118,1.0852245882571496,2025,-0.46949252129825736,55.0
"Hatch, Thomas",Sinker,103,0.7719958384687008,0.652925181821173,1.01108301719948,2025,-0.4479283692719236,54.0
"Hatch, Thomas",Slider,108,0.6510482790481902,0.75607409134593,0.9977534230741499,2025,-1.63785029140297,66.0
"Headrick, Brent",Four-Seam,234,0.6636589306766059,0.7439624099795722,0.9969569919156137,2025,-1.2357114584369846,62.0
"Heaney, Andrew",Curveball,232,0.8926687949127338,0.8402633589418773,1.225928256380135,2025,-0.38736740296977135,54.0
"Heaney, Andrew",Four-Seam,909,0.6875692487103807,0.7162825873081545,0.9928807665842971,2025,-1.289898904528723,63.0
"Heaney, Andrew",Offspeed,361,0.7803643686391428,0.7735813988758733,1.0988160576403683,2025,-0.3643734812951621,54.0
"Heaney, Andrew",Sinker,234,0.7877331028486221,0.5866969067606971,0.9822101107838831,2025,-0.8362196740311746,58.0
"Heaney, Andrew",Slider,346,0.8009979348506918,0.7203130254396805,1.0772411736714944,2025,-0.8408555873307497,58.0
"Helsley, Ryan",Four-Seam,445,0.608146077547641,0.9751594857004771,1.1492509187241056,2025,0.7888132619294572,42.0
"Helsley, Ryan",Slider,464,0.6148018236908532,1.0605495755013121,1.225865687793574,2025,0.6493482460956509,44.0
"Henderson, Logan",Four-Seam,200,0.6957310985661803,0.663014849557661,0.9610569453711221,2025,-1.7129500011335967,67.0
"Henderson, Logan",Offspeed,164,0.7389301149960895,0.8853551612214203,1.1532005360515323,2025,0.05624654148980553,49.0
"Hendricks, Kyle",Curveball,212,0.9636071133517835,0.7984589276203273,1.2514293140240722,2025,-0.19810448239197812,52.0
"Hendricks, Kyle",Four-Seam,385,0.7305362797335236,0.680037325133305,0.998065137945093,2025,-1.2209802798701737,62.0
"Hendricks, Kyle",Offspeed,987,0.9783429464894928,0.6814176112921596,1.1922604086041166,2025,0.358343113214457,46.0
"Hendricks, Kyle",Sinker,987,0.7616701945791822,0.6580089356464698,1.006537254502231,2025,-0.50906111785754,55.0
"Hendriks, Liam",Four-Seam,128,0.8073346994294233,0.7310489854800386,1.0891381620686105,2025,-0.010297801845649495,50.0
"Henriquez, Ronny",Four-Seam,343,0.6748508095260058,0.8695436817687986,1.1006951574445776,2025,0.1433355262989987,49.0
"Henriquez, Ronny",Offspeed,192,0.7870973494488409,0.7935817961286226,1.1177183476422499,2025,-0.21817953251496397,52.0
"Henriquez, Ronny",Slider,270,0.715198290206134,0.8339725170183315,1.098644052209663,2025,-0.6262567250075377,56.0
"Henriquez, Ronny",Sweeper,328,0.714594802484324,0.8882142459344071,1.1399869641440807,2025,-0.7223523388514214,57.0
"Henry, Cole",Four-Seam,489,0.7721088814689563,0.8103868182777861,1.1193207404857808,2025,0.3909353754090112,46.0
"Henry, Cole",Sweeper,318,1.0074041572856234,0.8863165254987286,1.341797346654291,2025,1.2775409329476577,37.0
"Herget, Jimmy",Sinker,356,0.9194151804472671,0.6039690521685085,1.1000467671941077,2025,0.7484822055578226,43.0
"Herget, Jimmy",Slider,362,0.947350471955674,0.6112615366954379,1.1274367312438895,2025,-0.3375630264957516,53.0
"Herget, Jimmy",Sweeper,395,1.0933872040486918,0.5406231288233824,1.2197413436447087,2025,0.06799474327527026,49.0
"Hernandez, Nick",Slider,101,0.7581048501348631,0.9152744605662858,1.1884655240952127,2025,0.2743504360554211,47.0
"Hernández, Carlos",Four-Seam,394,0.6600254788636971,0.8301714040742232,1.0605744636242285,2025,-0.390010340734097,54.0
"Hernández, Carlos",Offspeed,151,0.6601025570861107,1.0273263450265284,1.2211203073641794,2025,0.5815511245564867,44.0
"Hernández, Carlos",Slider,147,0.6631996056788483,0.9786042723290246,1.182159058161464,2025,0.21111780067653751,48.0
"Hernández, Daysbel",Four-Seam,315,0.8462793824587979,0.9498576726286451,1.2721707398876734,2025,2.4228522665287473,26.0
"Hernández, Daysbel",Slider,402,0.7800308069341314,0.9309823047688933,1.2145682819665236,2025,0.5360732754712499,45.0
"Herrin, Tim",Curveball,295,0.9147240270195733,0.8844645073156676,1.2723983300476513,2025,-0.04247732097466827,50.0
"Herrin, Tim",Four-Seam,195,0.8048520243785199,0.819981231982045,1.148980418435838,2025,0.7852173567483374,42.0
"Herrin, Tim",Sinker,126,0.9605709636921257,0.7568999268121135,1.2229448374708494,2025,2.4012514617339886,26.0
"Herrin, Tim",Slider,134,0.9124862519372631,0.7056657904772128,1.1535143552744993,2025,-0.0760921949400177,51.0
"Hicks, Jordan",Four-Seam,111,0.7034054734300212,0.7738468038320158,1.0457619881466043,2025,-0.5869205091348489,56.0
"Hicks, Jordan",Sinker,652,0.739138985009364,0.7500438153156167,1.0530394883639833,2025,0.11631454749791106,49.0
"Hicks, Jordan",Sweeper,272,0.9095922347355401,0.8513878542390947,1.245880938066332,2025,0.32703195613381353,47.0
"Hill, Jaden",Four-Seam,111,0.7160690441720281,0.8256359580730612,1.0928996345889515,2025,0.03970546658399322,50.0
"Hill, Jaden",Offspeed,120,0.8760203660989055,0.752801046050542,1.1550415995776302,2025,0.07048568112889994,49.0
"Hill, Jaden",Sinker,138,0.7105786047965587,0.6887338429476946,0.9895838822536084,2025,-0.7370550349136693,57.0
"Hill, Jaden",Slider,119,0.9443982553158137,0.7613908981674632,1.2130969311872029,2025,0.52132057747516,45.0
"Hill, Tim",Four-Seam,121,0.8930515559679055,0.6154327010202816,1.0845729533331616,2025,-0.07098556617239926,51.0
"Hill, Tim",Sinker,739,0.7370516956720499,0.5728892378154746,0.933513406919172,2025,-1.491107214929701,65.0
"Hiraldo, Yaramil",Four-Seam,119,0.7031540366173532,0.9392490379538097,1.173292101102038,2025,1.1084055730015,39.0
"Hiraldo, Yaramil",Offspeed,111,0.6700702566071567,0.895291113476094,1.1182756040703226,2025,-0.21386960405153516,52.0
"Hjelle, Sean",Sinker,127,0.7598061955663535,0.7056811307125005,1.03696254178475,2025,-0.09989294037809823,51.0
"Hodge, Porter",Four-Seam,307,0.7135578499846441,1.1469284967787567,1.3507811747273821,2025,3.4678628716586144,20.0
"Hodge, Porter",Slider,105,0.76519992903088,0.930528135037631,1.2047462560578783,2025,0.43759140155202614,46.0
"Hodge, Porter",Sweeper,194,0.7340337675024703,0.8949613490373588,1.1574806210492856,2025,-0.5489943266980539,55.0
"Hoffman, Jeff",Four-Seam,422,0.775098903415763,0.830231193738866,1.1358090267000789,2025,0.6101229933059477,44.0
"Hoffman, Jeff",Offspeed,268,0.8266239303860445,1.0448864878957231,1.3323268723830244,2025,1.4416441010566066,36.0
"Hoffman, Jeff",Sinker,100,0.6543238533949778,0.7283069097340138,0.9790662183366156,2025,-0.8784996607703285,59.0
"Hoffman, Jeff",Slider,337,0.845028639177008,1.1145662808722003,1.3986891704330289,2025,2.3821863169664645,26.0
"Hoffmann, Andrew",Four-Seam,102,0.762381653010068,0.8733016979296747,1.1592590911669471,2025,0.9218572574507099,41.0
"Hoffmann, Andrew",Offspeed,117,0.7692373119708523,1.0261256764706816,1.282442960150882,2025,1.055832323272233,39.0
"Hoglund, Gunnar",Four-Seam,196,0.6654705180523314,0.7938272961240362,1.0358633049145223,2025,-0.7185090059475094,57.0
"Hoglund, Gunnar",Offspeed,126,0.7345920513295973,0.8072511263064036,1.0914576779699627,2025,-0.4212846058485064,54.0
"Holderman, Colin",Cutter,119,0.8297568572602781,0.853021285127069,1.1900175440094527,2025,1.2998877339990331,37.0
"Holderman, Colin",Sinker,181,0.8096402538917962,0.7003171703397394,1.0704959036795199,2025,0.351073535101166,46.0
"Holderman, Colin",Sweeper,133,1.0855635652477167,0.8950310443420503,1.4069572930723073,2025,1.9232606269063492,31.0
"Holman, Grant",Four-Seam,179,0.8222647698644551,0.7956688093280563,1.144206365083577,2025,0.7217533090968852,43.0
"Holman, Grant",Offspeed,146,0.6652925089315053,0.9283473480276581,1.1421221130117227,2025,-0.029436114436331682,50.0
"Holmes, Clay",Cutter,231,0.7338007160579868,1.0203959952739243,1.256849823192205,2025,2.137246791494334,29.0
"Holmes, Clay",Four-Seam,149,0.6905173583168571,0.8327185567803599,1.0817737364824753,2025,-0.10819705471065859,51.0
"Holmes, Clay",Offspeed,434,0.6888516897741298,0.7969132970153702,1.053369571168914,2025,-0.7158653542262406,57.0
"Holmes, Clay",Sinker,1129,0.7133428058301003,0.8315067847534903,1.0955644626039345,2025,0.6882028601883329,43.0
"Holmes, Clay",Slider,295,0.718635459940576,0.8826032011190038,1.1381675337618429,2025,-0.22996918073985764,52.0
"Holmes, Clay",Sweeper,526,0.9227637734505845,0.8688938754998159,1.2674657977530799,2025,0.5409328224981602,45.0
"Holmes, Grant",Curveball,299,0.8194353407937117,0.9453836860478717,1.2510893619510828,2025,-0.20062752763538785,52.0
"Holmes, Grant",Cutter,297,0.6973919083293987,0.7468430267786734,1.0218267859335313,2025,-0.8074181425035304,58.0
"Holmes, Grant",Four-Seam,641,0.8254704411467298,0.8112201721393902,1.1573588971848097,2025,0.8965969613184391,41.0
"Holmes, Grant",Slider,702,0.7166371691593262,0.8161500962132741,1.0861260570346472,2025,-0.751770100151689,58.0
"Holton, Tyler",Cutter,350,0.7898157770233184,0.702832036079637,1.0572520194233712,2025,-0.3635661522775439,54.0
"Holton, Tyler",Four-Seam,131,0.8078439671207528,0.9102521620364465,1.217033637047646,2025,1.6898852333167707,33.0
"Holton, Tyler",Offspeed,169,0.6927492411501585,0.676349137858553,0.9681682020166373,2025,-1.3748291409743425,64.0
"Holton, Tyler",Sinker,253,0.698215522204814,0.6378626428246829,0.9457133109769736,2025,-1.3270393307910073,63.0
"Holton, Tyler",Sweeper,215,0.9511234499160489,0.8376620424559793,1.2674042426754495,2025,0.5403228262032874,45.0
"Horton, Cade",Curveball,174,0.6436324764249014,0.9581305628884784,1.1542430161148232,2025,-0.9193985886707832,59.0
"Horton, Cade",Four-Seam,899,0.6589064518973524,0.8002087446348385,1.0365769374928337,2025,-0.709022305943594,57.0
"Horton, Cade",Offspeed,228,0.6477064569549017,0.900672795193132,1.109385027112806,2025,-0.28263103730772765,53.0
"Horton, Cade",Sweeper,387,0.6798128325242841,0.9209313851934537,1.1446659353274318,2025,-0.67598483846748,57.0
"Houck, Tanner",Offspeed,142,0.8121406733964428,0.6813625414755881,1.0601072522678543,2025,-0.6637548318833,57.0
"Houck, Tanner",Sinker,298,0.8085171558647168,0.6779437044396099,1.0551339524993364,2025,0.14448151483336388,49.0
"Houck, Tanner",Sweeper,265,1.142169504962818,0.6519219737281797,1.3151248754002998,2025,1.0132230364171728,40.0
"Houser, Adrian",Curveball,221,0.850844015565795,1.0492753734818483,1.3508939070924848,2025,0.5400986008313208,45.0
"Houser, Adrian",Four-Seam,222,0.764914470809635,0.8266835842105859,1.126277006804829,2025,0.4834087485729639,45.0
"Houser, Adrian",Offspeed,289,0.7794712181147347,0.7821472788890816,1.1042326501887467,2025,-0.3224805120569367,53.0
"Houser, Adrian",Sinker,868,0.6990083751407115,0.6872226141005463,0.9802487591667974,2025,-0.8625965052212089,59.0
"Houser, Adrian",Slider,292,0.7320502193247372,0.7601744955862306,1.0553496043270099,2025,-1.060354374254113,61.0
"Hudson, Bryan",Four-Seam,211,0.8562508947234568,0.5975909967283703,1.0441650224392347,2025,-0.6081498294360632,56.0
"Hurter, Brant",Offspeed,112,0.9806855151407144,0.8540592244878406,1.3004465535113623,2025,1.195075579266061,38.0
"Hurter, Brant",Sinker,552,0.8963430410324907,0.665997277218038,1.1166840289308402,2025,0.9722249758349201,40.0
"Hurter, Brant",Sweeper,332,1.1433026707657117,0.7149535816095668,1.3484434066123638,2025,1.3434018189377566,37.0
"Iglesias, Raisel",Four-Seam,387,0.7026213278503003,0.7292344528283224,1.0126498000503146,2025,-1.0270985566196944,60.0
"Iglesias, Raisel",Offspeed,267,0.6292258226587459,0.680476180973205,0.926807946002004,2025,-1.694717321122742,67.0
"Iglesias, Raisel",Sinker,215,0.7747876597408562,0.6729704619639276,1.0262480988350988,2025,-0.24398390831893557,52.0
"Imanaga, Shota",Four-Seam,1028,0.6405850014668466,0.7942955289179735,1.020418801945242,2025,-0.9238210542368656,59.0
"Imanaga, Shota",Offspeed,657,0.6719181402833634,0.8289261561589532,1.067048527296819,2025,-0.6100696749021758,56.0
"Imanaga, Shota",Sweeper,349,0.8423887612653318,0.9082857763671176,1.2387904894117316,2025,0.25676728301842133,47.0
"Irvin, Jake",Curveball,872,0.8726164702450293,0.7216333768410699,1.132348989805678,2025,-1.0818909613532557,61.0
"Irvin, Jake",Cutter,129,0.738203054173223,0.764308794929545,1.062596670048108,2025,-0.2966016305748898,53.0
"Irvin, Jake",Four-Seam,941,0.7390977477377199,0.808833797833563,1.0956630838121886,2025,0.07644147689749867,49.0
"Irvin, Jake",Offspeed,228,0.7671437406370548,0.7145100146708838,1.0483482626797258,2025,-0.7547011204749264,58.0
"Irvin, Jake",Sinker,652,0.7052989239266371,0.7080863123370633,0.999416228511011,2025,-0.604826761729878,56.0
"Irvin, Jake",Slider,122,0.9246953511150067,0.6830804878699853,1.1496349182598806,2025,-0.11498989593416468,51.0
"Jackson, Luke",Curveball,126,0.697103285194789,0.9537422799995963,1.181345557780701,2025,-0.7182498260434845,57.0
"Jackson, Luke",Four-Seam,264,0.7937167147859128,0.8243542399510282,1.1443540257524238,2025,0.7237162414381217,43.0
"Jackson, Luke",Slider,382,0.7176808516083496,0.8382547687240959,1.1035111517578666,2025,-0.5774560917658143,56.0
"Jacob, Alek",Four-Seam,247,0.8048954189939929,0.5794021156287573,0.9917476731067209,2025,-1.3049617228821022,63.0
"Jacob, Alek",Offspeed,189,1.0245822112591607,0.7457775589972487,1.2672619599485366,2025,0.9384195459953565,41.0
"Jansen, Kenley",Cutter,707,0.6538821248737455,0.8661990844943813,1.0852938252880227,2025,-0.012223052559487189,50.0
"Jarvis, Bryce",Four-Seam,158,0.6351603522023543,0.820966563527216,1.0379859206364532,2025,-0.6902919385243844,57.0
"Javier, Cristian",Four-Seam,246,0.6376631394186018,0.8818871804375359,1.0882735310542355,2025,-0.02179180491774044,50.0
"Javier, Cristian",Offspeed,115,0.6405712660279663,0.8921335406466061,1.0982867572757677,2025,-0.36846719218331625,54.0
"Javier, Cristian",Sweeper,123,0.8493839442906282,0.993406262377893,1.3070229863894207,2025,0.9329352280290183,41.0
"Jax, Griffin",Four-Seam,194,0.6845819951884464,0.7860475280287819,1.0423642474952566,2025,-0.6320884950565555,56.0
"Jax, Griffin",Offspeed,244,0.6071552683324185,0.8780353010095864,1.0675127679249585,2025,-0.6064791485371085,56.0
"Jax, Griffin",Sinker,128,0.6432969373315328,0.7163607100506019,0.9628102702424464,2025,-1.0971144134636666,61.0
"Jax, Griffin",Sweeper,481,0.7359567270856534,0.9137960333963646,1.1733096329586479,2025,-0.39213255366633454,54.0
"Jobe, Jackson",Four-Seam,272,0.7641016451433609,0.7789931518735407,1.0911836026886876,2025,0.016893335622328528,50.0
"Jobe, Jackson",Offspeed,148,0.8342422204365676,0.7978131455986965,1.1543248665990964,2025,0.06494233033159337,49.0
"Jobe, Jackson",Sinker,116,0.7900259337314594,0.7278276233167807,1.0741852844045194,2025,0.4006894080182709,46.0
"Jobe, Jackson",Slider,268,0.8151778654829394,0.8217790627817984,1.1575127560419591,2025,-0.03600168775525095,50.0
"Johnson, Pierce",Curveball,698,0.7643909645545521,0.9390644893731893,1.2108408904122652,2025,-0.4993423252171213,55.0
"Johnson, Pierce",Four-Seam,223,0.7511535267387726,0.7568669019963429,1.0663391243266083,2025,-0.3133776191209189,53.0
"Johnson, Ryan",Cutter,119,0.7572676940555882,0.629591261475923,0.9848043039036294,2025,-1.2712824762923438,63.0
"Johnson, Seth",Four-Seam,110,0.7424549256813142,0.8998673939416966,1.1666193223789267,2025,1.0197007522540396,40.0
"Junis, Jakob",Offspeed,205,0.7371208372777875,0.7779175779342588,1.07168226952218,2025,-0.574231420728337,56.0
"Junis, Jakob",Sinker,277,0.8010240944659496,0.6168030941589082,1.0109825205605671,2025,-0.4492798775158709,54.0
"Junis, Jakob",Sweeper,459,0.9075027300759336,0.7291605785138151,1.1641461911434812,2025,-0.482940099862562,55.0
"Junk, Janson",Curveball,190,0.5486559988696941,1.1118379367921976,1.2398415232544973,2025,-0.2841063712044432,53.0
"Junk, Janson",Four-Seam,611,0.6096804152308013,0.8626445701589854,1.0563455226112255,2025,-0.44622791815963775,54.0
"Junk, Janson",Offspeed,127,0.7269889510776539,0.9248769731062737,1.1763971907358546,2025,0.2356539332108185,48.0
"Junk, Janson",Slider,447,0.5871173634430825,0.9070170906088033,1.0804567557810052,2025,-0.8086141175126934,58.0
"Junk, Janson",Sweeper,247,0.697474193155252,0.8866882642266481,1.1281340026941995,2025,-0.8398123900126249,58.0
"Kahnle, Tommy",Four-Seam,145,0.8322075339751533,0.900226579970815,1.2259597362437953,2025,1.8085446497344162,32.0
"Kahnle, Tommy",Offspeed,886,0.8229786245883101,0.7957907127342803,1.1448042081523813,2025,-0.00869227442657515,50.0
"Keller, Brad",Four-Seam,470,0.7708569021582179,0.7978777121110968,1.1094274230830075,2025,0.2594182094386785,47.0
"Keller, Brad",Offspeed,130,0.6477416952152274,0.7994118482562715,1.0288967911568219,2025,-0.9051425448333419,59.0
"Keller, Brad",Sinker,160,0.7283423059226601,0.7723624820302335,1.0616149576210014,2025,0.23163997053643462,48.0
"Keller, Brad",Slider,192,0.7135124399717809,0.8906594011171707,1.1412160929433486,2025,-0.19940238894550083,52.0
"Keller, Brad",Sweeper,161,0.8732620686500447,0.8871308938600104,1.2448244307466882,2025,0.3165622178880361,47.0
"Keller, Mitch",Curveball,210,0.9633675401630982,0.9803879588950012,1.3744953864550455,2025,0.7152632930760267,43.0
"Keller, Mitch",Four-Seam,999,0.7418282025567775,0.7344547299013947,1.0439026929667103,2025,-0.6116371155881506,56.0
"Keller, Mitch",Offspeed,200,0.7521165634405587,0.872045390997711,1.1515826018840274,2025,0.04373312725320262,50.0
"Keller, Mitch",Sinker,510,0.8049181489554721,0.7638664734870425,1.1096779784403377,2025,0.8780055561821456,41.0
"Keller, Mitch",Slider,401,0.6679184018858193,0.7501342622632813,1.0043985279753171,2025,-1.5712222465226617,66.0
"Keller, Mitch",Sweeper,547,0.8878949446138378,0.7284391166287792,1.1484689718515368,2025,-0.6382976438724294,56.0
"Kelly, Kevin",Sinker,347,0.7733145895681112,0.5176269702552797,0.9305660292394927,2025,-1.5307444134987624,65.0
"Kelly, Kevin",Sweeper,116,1.2007041390877355,0.5360977590060566,1.3149491384968988,2025,1.0114815251710867,40.0
"Kelly, Merrill",Curveball,274,0.6986621654762636,0.6773203247596427,0.9730835749309973,2025,-2.2639218397228213,73.0
"Kelly, Merrill",Cutter,571,0.7757440761623506,0.6735498953998705,1.0273501512601024,2025,-0.7382144576881028,57.0
"Kelly, Merrill",Four-Seam,658,0.830833544695404,0.7678829926109938,1.1313393254600255,2025,0.5507048612584383,44.0
"Kelly, Merrill",Offspeed,767,0.6962395510204381,0.6349593730483555,0.942296618813366,2025,-1.5749249446735336,66.0
"Kelly, Merrill",Sinker,365,0.8346200131679417,0.6422252338090919,1.0531114933004948,2025,0.11728289098036879,49.0
"Kelly, Merrill",Slider,198,0.6579483076565557,0.6186418979772708,0.9031133779770099,2025,-2.586771529816988,76.0
"Kelly, Michael",Four-Seam,192,0.8323474141914613,0.9142826253579309,1.2364121226122795,2025,1.9474938188396782,31.0
"Kelly, Michael",Sweeper,332,0.81479065303458,0.815325947031062,1.1526665641783036,2025,-0.5967004943718007,56.0
"Kelly, Zack",Cutter,182,0.7099490229164641,0.7734414615303409,1.0498758543533764,2025,-0.45598404833718686,55.0
"Kelly, Zack",Four-Seam,115,0.7602063818013982,0.8775943991204864,1.1610709161370036,2025,0.9459428169849988,41.0
"Kelly, Zack",Sweeper,120,0.8322643055793157,0.8312468019187405,1.1762802047308092,2025,-0.36269488833590435,54.0
"Kent, Zak",Slider,118,0.7828521407103446,0.9431269531598413,1.2257022166869629,2025,0.6477091808905237,44.0
"Kerkering, Orion",Four-Seam,356,0.7910653567148486,0.7955288358615613,1.1218959520747196,2025,0.42516904205112743,46.0
"Kerkering, Orion",Sinker,202,0.7593204244704617,0.748802124132637,1.0664296170510041,2025,0.2963889211664029,47.0
"Kerkering, Orion",Sweeper,515,0.8483684604512789,0.7317259062994309,1.1203355955418879,2025,-0.917092764791503,59.0
"Kershaw, Clayton",Curveball,317,0.6139683140608027,1.4410942311843093,1.5664321478517222,2025,2.139773308911179,29.0
"Kershaw, Clayton",Four-Seam,612,0.6370761100153359,0.9202667159555104,1.1192661874852705,2025,0.3902101731608474,46.0
"Kershaw, Clayton",Slider,732,0.5643154637992137,0.8173119139887043,0.993202249006113,2025,-1.6834832550014827,67.0
"Kikuchi, Yusei",Curveball,476,0.6741184381717991,0.9839646661354042,1.1927372438580692,2025,-0.6337033806602407,56.0
"Kikuchi, Yusei",Four-Seam,1081,0.7674254963447641,0.8500016944953634,1.145183292353236,2025,0.7347401264235647,43.0
"Kikuchi, Yusei",Offspeed,376,0.790895054744687,1.1246556153901626,1.374905538881936,2025,1.770955702383821,32.0
"Kikuchi, Yusei",Slider,1121,0.7537640691135825,0.8619357234219814,1.1450298962025578,2025,-0.16116277369508936,52.0
"Kimbrel, Craig",Four-Seam,148,0.8015763840386384,0.7668522363466701,1.1093182824772825,2025,0.25796734492348455,47.0
"King, Bryan",Four-Seam,656,0.6941027227630089,0.6653044881198267,0.9614617265702297,2025,-1.7075690278991003,67.0
"King, Bryan",Sweeper,317,0.8381767232367121,0.850613928854035,1.194187705235793,2025,-0.185235783758647,52.0
"King, John",Offspeed,152,0.7213562445835187,0.6845506848612252,0.9944669284313126,2025,-1.1714297294708285,62.0
"King, John",Sinker,463,0.6963549220983797,0.717629559946075,0.9999511802278338,2025,-0.5976325743100714,56.0
"King, John",Slider,112,0.6873946346258983,0.9589474424668141,1.1798693067988997,2025,0.18815929831747186,48.0
"King, Michael",Four-Seam,297,0.6947893575150978,0.7946214107881848,1.0555356165469965,2025,-0.4569944331649817,55.0
"King, Michael",Offspeed,261,0.8226808915037973,0.6342170958385313,1.0387661786462552,2025,-0.8288108025429358,58.0
"King, Michael",Sinker,360,0.8226539862580052,0.7197349855209915,1.0930590242475875,2025,0.6545089911203293,43.0
"King, Michael",Sweeper,232,1.0918202142629085,0.6748074287556721,1.2835250080060556,2025,0.7000758067978312,43.0
"Kinley, Tyler",Curveball,151,0.7659033265431903,1.0072675731815104,1.2653836847347504,2025,-0.0945383875105734,51.0
"Kinley, Tyler",Four-Seam,280,0.8606339379450033,0.9053288492554137,1.249124133317764,2025,2.1164813842544095,29.0
"Kinley, Tyler",Slider,783,0.6617521378720151,0.8135343903379857,1.0486916116002742,2025,-1.1271116406641266,61.0
"Kirby, George",Curveball,236,0.6775528197012801,0.8157150598959161,1.0604097709971148,2025,-1.6158071167496824,66.0
"Kirby, George",Four-Seam,601,0.6614710601889342,0.662432968602987,0.9361417634950587,2025,-2.0441608555489914,70.0
"Kirby, George",Offspeed,102,0.7158147800225579,0.7517009592038252,1.0380005449741796,2025,-0.8347323607154469,58.0
"Kirby, George",Sinker,559,0.7685308801563091,0.7061704546763335,1.0437032264066308,2025,-0.009242238674341308,50.0
"Kirby, George",Sweeper,588,0.743169771147203,0.7812511020325539,1.0782646211269598,2025,-1.3340061942390151,63.0
"Kittredge, Andrew",Sinker,274,0.6567536625646642,0.7047119085091749,0.9632986283010812,2025,-1.0905468312103412,61.0
"Kittredge, Andrew",Slider,406,0.6455111706339519,0.7051587007299294,0.9559986739678759,2025,-2.0565099421979753,71.0
"Klein, Will",Four-Seam,175,0.6694304010844929,0.8645155157629902,1.0934002647206071,2025,0.04636061100463556,50.0
"Knack, Landon",Four-Seam,361,0.6697245346011906,0.8377437490690209,1.072541626861634,2025,-0.23092443156810616,52.0
"Knack, Landon",Offspeed,194,0.8503734669175083,1.0407858858349228,1.3440127578972185,2025,1.5320249886709272,35.0
"Kochanowicz, Jack",Four-Seam,347,0.8530661242111064,0.8222855925753686,1.1848524836592882,2025,1.2620839287607322,37.0
"Kochanowicz, Jack",Offspeed,261,0.7444571757171669,0.7614581453472418,1.0649107913775886,2025,-0.6266033359268698,56.0
"Kochanowicz, Jack",Sinker,874,0.7748335686182729,0.8680196964476748,1.1635399659998111,2025,1.6023573455502171,34.0
"Kochanowicz, Jack",Slider,273,0.8655935132588447,0.9549910731487946,1.2888987857817527,2025,1.2813581457382504,37.0
"Kochanowicz, Jack",Sweeper,103,1.239405618278389,1.147838727777781,1.6892779616174927,2025,4.720991836224921,20.0
"Koenig, Jared",Curveball,162,1.0737610479964903,0.8440135389669463,1.365767784857305,2025,0.6504890632738175,43.0
"Koenig, Jared",Cutter,181,0.885984837736412,0.7834857779331996,1.182716828713622,2025,1.2084151678391768,38.0
"Koenig, Jared",Sinker,591,0.7411578097306598,0.7134601918659581,1.0287566983024503,2025,-0.2102475277039903,52.0
"Kolek, Stephen",Cutter,256,0.771461239127958,0.756449114024164,1.0804479189599039,2025,-0.07293867688419602,51.0
"Kolek, Stephen",Four-Seam,433,0.778101578142883,0.8136601060173876,1.1258262894570688,2025,0.47741712151625365,45.0
"Kolek, Stephen",Offspeed,196,0.7506718100053558,0.7895533114499534,1.089450594546767,2025,-0.4368077753236896,54.0
"Kolek, Stephen",Sinker,407,0.770753507511919,0.697022292009179,1.039182873655862,2025,-0.07003326685500176,51.0
"Kolek, Stephen",Slider,279,0.8515387608808758,0.7131362023633923,1.1107121609147073,2025,-0.5052541975261592,55.0
"Kolek, Stephen",Sweeper,117,1.0212465923287561,0.6864043260992879,1.230485880142846,2025,0.17447056470699146,48.0
"Kopech, Michael",Four-Seam,191,0.65699819052434,1.0859984375406768,1.2692672014564341,2025,2.3842539753574274,26.0
"Kowar, Jackson",Four-Seam,162,0.7660076639107578,0.7143239416511278,1.047390297256004,2025,-0.5652745242064863,56.0
"Kowar, Jackson",Slider,100,0.9675103724207657,1.0221950896405325,1.4074654958566426,2025,2.4701833332522445,25.0
"Kranick, Max",Four-Seam,214,0.7245146423395727,0.7613057091175498,1.0509556839845409,2025,-0.5178779292085386,55.0
"Kranick, Max",Slider,211,0.6171512520095455,0.7898348343333886,1.0023545946337558,2025,-1.59171602117925,66.0
"Kremer, Dean",Curveball,344,0.7199473546643069,1.0895241903629418,1.3059047265685797,2025,0.2061993634253685,48.0
"Kremer, Dean",Cutter,543,0.7566667446776933,0.8212775560810791,1.1167100727689563,2025,0.3813993063120147,46.0
"Kremer, Dean",Four-Seam,715,0.6525706756643725,0.8189202750319865,1.0471288858567125,2025,-0.5687496059194748,56.0
"Kremer, Dean",Offspeed,567,0.7403234552660969,1.0741966415018211,1.304598498784559,2025,1.2271875230859617,38.0
"Kremer, Dean",Sinker,520,0.7383721140120951,0.6853533168542462,1.007423718042119,2025,-0.49713969645402434,55.0
"Kriske, Brooks",Four-Seam,133,0.7303612326690548,1.0847562627703777,1.3077169723626814,2025,2.89538736933715,21.0
"Kriske, Brooks",Offspeed,204,0.6511717790225852,1.0980261376773368,1.2765915888873967,2025,1.0105766917745287,40.0
"Lara, Andry",Four-Seam,116,0.7392101556914366,0.8799167630537685,1.1492106700602722,2025,0.7882782148885152,42.0
"Latz, Jacob",Four-Seam,685,0.6485352230210971,0.8342199545908056,1.0566555106261029,2025,-0.44210708148355865,54.0
"Latz, Jacob",Offspeed,324,0.6758112549871125,0.9095898725818913,1.1331701499204774,2025,-0.09867231986506401,51.0
"Latz, Jacob",Slider,290,0.6579489534592587,0.7930111912822003,1.0304191258206286,2025,-1.310323195742389,63.0
"Lauer, Eric",Curveball,242,0.707163907673035,0.849647311485527,1.1054326511506618,2025,-1.2816577685280346,63.0
"Lauer, Eric",Cutter,352,0.8051700540004749,0.8620400008548553,1.1795811879361957,2025,1.1691279066812905,38.0
"Lauer, Eric",Four-Seam,783,0.7652796344435295,0.6908155744341838,1.0309602692513682,2025,-0.7836876845259136,58.0
"Lauer, Eric",Offspeed,134,0.7900559077315636,0.9160695828715949,1.2096990609255192,2025,0.4932170064843743,45.0
"Lauer, Eric",Slider,170,0.6877638908506405,0.9159573578850106,1.145424397776519,2025,-0.15720725019829307,52.0
"Lawrence, Casey",Sinker,110,0.7463434176893483,0.6678078799740548,1.001496810620812,2025,-0.5768464839412526,56.0
"Lawrence, Justin",Sinker,110,0.9379296454019329,0.5875365011444463,1.106757046465417,2025,0.8387240071988307,42.0
"Lawrence, Justin",Sweeper,135,1.1525809634056274,0.602167262710731,1.3004031257596926,2025,0.8673339712008619,41.0
"Lazar, Max",Curveball,169,0.7243940898225729,1.0506854531211174,1.2762001092188489,2025,-0.014261399918400612,50.0
"Lazar, Max",Four-Seam,357,0.6132525957045892,0.9320007000412186,1.1156630544280552,2025,0.34231179600313744,47.0
"Leahy, Kyle",Curveball,243,0.7811669459138292,1.2395577631295998,1.4651707223129995,2025,1.3882345528750795,36.0
"Leahy, Kyle",Four-Seam,408,0.6844438989753815,0.9251659096156937,1.1508237967472066,2025,0.8097223717450664,42.0
"Leahy, Kyle",Offspeed,129,0.6352283530103063,0.8447961657820731,1.056974750023991,2025,-0.6879822071139001,57.0
"Leahy, Kyle",Sinker,101,0.6375397978039905,0.7048836403230601,0.9504303973353557,2025,-1.2636025714154835,63.0
"Leahy, Kyle",Slider,283,0.6438069907542575,0.8986739332932474,1.1054873494187116,2025,-0.5576414780919183,56.0
"Leahy, Kyle",Sweeper,186,0.7760066652019308,1.030684839368958,1.2901540925574884,2025,0.7657684705136181,42.0
"Leasure, Jordan",Four-Seam,605,0.7227938830651747,0.9605107621695417,1.2020864867554029,2025,1.4911847604887802,35.0
"Leasure, Jordan",Slider,480,0.6647825748151082,0.9481622993631535,1.1579929264513782,2025,-0.031187194069327445,50.0
"Lee, Chase",Four-Seam,126,0.8609315237753209,0.5134294201440411,1.0024035405461924,2025,-1.1633075709388936,62.0
"Lee, Chase",Sinker,229,0.8491517569384437,0.4868738169745744,0.9788282893168939,2025,-0.8816993999367984,59.0
"Lee, Chase",Sweeper,209,1.1725765964112855,0.5428001946729877,1.2921176129859495,2025,0.7852264946503139,42.0
"Lee, Dylan",Four-Seam,344,0.6527462647861757,0.8172897400172943,1.0459637686506358,2025,-0.584238132844076,56.0
"Lee, Dylan",Offspeed,146,0.634137026590176,0.7870922657958457,1.0107640690924207,2025,-1.0453845070752057,60.0
"Lee, Dylan",Slider,612,0.5821370591013331,0.9115817146297474,1.081602874453678,2025,-0.7971224033115233,58.0
"Legumina, Casey",Four-Seam,424,0.7420217925854315,0.676129757417306,1.003866420165991,2025,-1.1438607288010136,61.0
"Legumina, Casey",Sinker,196,0.7161343037239074,0.6643399958602141,0.9768295506738496,2025,-0.9085790228057029,59.0
"Legumina, Casey",Sweeper,149,0.865780388427898,0.7068473299238831,1.1176801102314047,2025,-0.9434079976340352,59.0
"Leiter Jr., Mark",Curveball,212,0.875074967710903,1.0509003977138325,1.367533489545806,2025,0.6635937129275559,43.0
"Leiter Jr., Mark",Offspeed,254,0.8931810307942258,1.0276573156277602,1.3615623056378616,2025,1.667756568456013,33.0
"Leiter Jr., Mark",Sinker,321,0.7128768211166261,0.7080220106602837,1.0047330638855163,2025,-0.5333244018690224,55.0
"Leiter, Jack",Curveball,244,0.8677053911451642,1.3309955202205517,1.5888554750730348,2025,2.3061940298959076,27.0
"Leiter, Jack",Four-Seam,1001,0.7475476215044772,0.8464401092578521,1.1292866354373656,2025,0.5234173535999735,45.0
"Leiter, Jack",Offspeed,426,0.8192629328996668,1.1510899296161565,1.412869342609957,2025,2.0645750668715803,29.0
"Leiter, Jack",Sinker,310,0.7037262879150206,0.8611849123498246,1.1121466367173125,2025,0.9112047959667999,41.0
"Leiter, Jack",Slider,602,0.7341431201473665,0.944060293272233,1.1959163675579347,2025,0.349057327822201,47.0
"Liberatore, Matthew",Curveball,376,0.9096766973725837,1.2609578078115957,1.554839633796269,2025,2.053736364969138,29.0
"Liberatore, Matthew",Cutter,248,0.6334063222690517,0.9501991817062937,1.141964121155177,2025,0.697813865462407,43.0
"Liberatore, Matthew",Four-Seam,684,0.6716754984871082,0.899166991232899,1.1223409702005578,2025,0.4310849062989743,46.0
"Liberatore, Matthew",Offspeed,291,0.6196425913716289,0.9259244857779988,1.1141333378034244,2025,-0.245906688573917,52.0
"Liberatore, Matthew",Sinker,281,0.6314840722221288,0.792517017550976,1.013338717595522,2025,-0.41759304946317893,54.0
"Liberatore, Matthew",Slider,506,0.6294932851627509,1.0208265086396204,1.1993117012713372,2025,0.38310110145780907,46.0
"Littell, Zack",Four-Seam,667,0.630526664378761,0.7756401349819255,0.9995906629652892,2025,-1.2007006588790592,62.0
"Littell, Zack",Offspeed,762,0.7357184938986417,0.871161956440273,1.140265257128064,2025,-0.043797395208173946,50.0
"Littell, Zack",Sinker,441,0.6840644269290327,0.694077393561142,0.9745191472938715,2025,-0.9396500043694874,59.0
"Littell, Zack",Slider,768,0.6696869233468921,0.8045407503687672,1.046788610133758,2025,-1.1461923427755507,61.0
"Littell, Zack",Sweeper,150,0.8366685678674548,0.8594485201804528,1.1994440592615179,2025,-0.13314655564517586,51.0
"Little, Brendon",Curveball,571,0.8436645752915218,0.990987944890737,1.3014710993796945,2025,0.17329401329291938,48.0
"Little, Brendon",Sinker,572,0.79823015279981,0.785457196755021,1.119872485943406,2025,1.0151042799048822,40.0
"Lively, Ben",Four-Seam,238,0.7179130917079302,0.7274655680222,1.0220593720051203,2025,-0.9020120779282225,59.0
"Lively, Ben",Sinker,175,0.7841250472713056,0.6657153488538454,1.0286053740175696,2025,-0.21228258102257003,52.0
"Lodolo, Nick",Curveball,711,1.053810982222044,0.7456590086964212,1.2909395584232124,2025,0.09513136500439481,49.0
"Lodolo, Nick",Four-Seam,689,0.719448639437576,0.6995320800399523,1.0034697184238304,2025,-1.1491342974878769,61.0
"Lodolo, Nick",Offspeed,538,0.716039644213859,0.6091972154760849,0.940124470179202,2025,-1.5917247602585418,66.0
"Lodolo, Nick",Sinker,540,0.7913418516222233,0.5697211658975452,0.9750918587500087,2025,-0.9319480129124039,59.0
"Long, Sam",Curveball,141,0.7315136198869102,1.0824072690722253,1.3064140508355089,2025,0.20997944971143978,48.0
"Long, Sam",Four-Seam,277,0.7134279677512498,0.9268177565309286,1.1696027611931763,2025,1.0593612020022707,39.0
"Long, Sam",Slider,202,0.7603870673812972,0.997311501660645,1.2541206973753922,2025,0.9326509289743286,41.0
"Lopez, Jacob",Cutter,243,0.8555514231757456,0.6072755060978957,1.049167183057352,2025,-0.4648631758451736,55.0
"Lopez, Jacob",Four-Seam,587,0.865566129916207,0.7788736499473254,1.1644092441407312,2025,0.9903209987672363,40.0
"Lopez, Jacob",Offspeed,224,0.8806837926012796,0.7134762356828588,1.1334250224142557,2025,-0.0967010869458146,51.0
"Lopez, Jacob",Sinker,103,0.7578764736919211,0.695893162891638,1.0289042926992913,2025,-0.20826263501256456,52.0
"Lopez, Jacob",Slider,509,0.8644749279057379,0.6157078579377339,1.0613260890527019,2025,-1.0004303401790542,60.0
"Lord, Brad",Four-Seam,1032,0.7479837899048586,0.6972119191651523,1.0225381216298934,2025,-0.8956478028022803,59.0
"Lord, Brad",Offspeed,278,0.8396287292433235,0.7186111240965118,1.1051598756044352,2025,-0.31530917223962546,53.0
"Lord, Brad",Sinker,384,0.7606032128876824,0.5866466002975876,0.9605579009595324,2025,-1.127404935487105,61.0
"Lord, Brad",Slider,430,0.9303839222093266,0.7819600549253121,1.2153500607662007,2025,0.5439118865580683,45.0
"Lorenzen, Michael",Curveball,261,0.8353065748605267,1.1257957126071478,1.401839170707489,2025,0.9182025020894584,41.0
"Lorenzen, Michael",Cutter,251,0.7493563100850851,0.8595869167175908,1.1403615860140102,2025,0.6777352846954524,43.0
"Lorenzen, Michael",Four-Seam,511,0.7033316545705997,0.8241431652200716,1.0834608313640026,2025,-0.0857695990344336,51.0
"Lorenzen, Michael",Offspeed,401,0.7914532243875471,0.9836440238595946,1.262518820480764,2025,0.9017351924942802,41.0
"Lorenzen, Michael",Sinker,418,0.8012610924707173,0.7505302022631272,1.0978683540463756,2025,0.7191862673082305,43.0
"Lorenzen, Michael",Slider,277,0.7142647354974783,0.8825075727013479,1.1353385963009042,2025,-0.25833390558835506,53.0
"Lorenzen, Michael",Sweeper,199,0.8763901332821057,0.9380617185952984,1.2837520997483087,2025,0.7023262323793303,43.0
"Loutos, Ryan",Four-Seam,107,0.8393370338820657,0.6715284092673696,1.0749125829104,2025,-0.19940604319753497,52.0
"Loáisiga, Jonathan",Sinker,270,0.8192512282771675,0.7052003831380598,1.0809626059266406,2025,0.4918328134904623,45.0
"Lucas, Easton",Four-Seam,218,0.6752241529760961,0.7869891110405126,1.0369568542898122,2025,-0.7039718685211448,57.0
"Lucchesi, Joey",Curveball,169,0.7758742153216632,1.4713938268737214,1.6634243570908482,2025,2.859626934207922,21.0
"Lucchesi, Joey",Four-Seam,158,0.6177718713506944,0.8269976023534863,1.0322631056714922,2025,-0.7663683823422391,58.0
"Lucchesi, Joey",Sinker,304,0.6943867856832102,0.7675264109918223,1.0350216421415777,2025,-0.1259947274308559,51.0
"Lugo, Seth",Curveball,771,0.893686027683838,0.8370604644716051,1.2244774139438983,2025,-0.398135218195884,54.0
"Lugo, Seth",Cutter,336,0.7668829645132951,0.7801376304434564,1.0939489036031942,2025,0.09621868112315568,49.0
"Lugo, Seth",Four-Seam,501,0.7758154549610211,0.8901358218794074,1.1807757626024107,2025,1.207889892723658,38.0
"Lugo, Seth",Offspeed,242,0.8666662712815543,0.8176818786710621,1.1915175535778355,2025,0.35259772947246354,46.0
"Lugo, Seth",Sinker,348,0.7541147476539611,0.7695995205713719,1.077484326889669,2025,0.44505589792324785,46.0
"Lugo, Seth",Slider,134,0.8649526640767184,0.916315579733349,1.260070376112174,2025,0.9923061891686542,40.0
"Luzardo, Jesús",Four-Seam,1002,0.6887888095983952,0.7713517037063045,1.0341244968757837,2025,-0.7416239123142281,57.0
"Luzardo, Jesús",Offspeed,521,0.6720144279484072,0.7091812720954537,0.9770063807681866,2025,-1.3064729655275789,63.0
"Luzardo, Jesús",Sinker,325,0.6073371260082933,0.6395783236937361,0.8819970616543475,2025,-2.183914119485076,72.0
"Luzardo, Jesús",Slider,197,0.8215881912375232,0.9357401790168206,1.245237663503388,2025,0.8435839859689231,42.0
"Luzardo, Jesús",Sweeper,968,0.9012594308312393,0.8740477643625021,1.255479213706598,2025,0.42214860293403295,46.0
"Lynch IV, Daniel",Curveball,107,0.7298892571323963,0.9741417888685656,1.217247120554134,2025,-0.45179677461789575,55.0
"Lynch IV, Daniel",Four-Seam,247,0.795982043539535,0.8143453108629852,1.138747425446884,2025,0.6491847013193024,44.0
"Lynch IV, Daniel",Offspeed,209,0.8688828756806565,0.760440175491033,1.1546543691303992,2025,0.06749076632423948,49.0
"Lynch IV, Daniel",Sinker,207,0.787061015090255,0.7744997453091976,1.1042259265924317,2025,0.8046847655708159,42.0
"Lynch IV, Daniel",Slider,318,0.78245251128343,0.8407492530561914,1.148516973722326,2025,-0.12619911835122588,51.0
"López, Jorge",Sinker,107,0.7377350249329999,0.7931491043548958,1.08320749108925,2025,0.5220226868713215,45.0
"López, Pablo",Curveball,124,0.7301499528285734,0.9466936333248498,1.19555334008708,2025,-0.612802969219565,56.0
"López, Pablo",Four-Seam,518,0.6474591183432821,0.6977978905978822,0.9519060909820434,2025,-1.8345972086841646,68.0
"López, Pablo",Offspeed,267,0.6731161280606197,0.7302016336314936,0.993116180320018,2025,-1.1818766753264833,62.0
"López, Pablo",Sweeper,267,0.8466358150070076,0.774528132126482,1.1474694029506483,2025,-0.6482031358234471,56.0
"Mahle, Tyler",Cutter,172,0.7061089715333682,0.7931848828756599,1.0619473330172196,2025,-0.3047373435990516,53.0
"Mahle, Tyler",Four-Seam,684,0.6386518358428396,0.751328808362396,0.9860888122784313,2025,-1.3801879901146232,64.0
"Mahle, Tyler",Offspeed,383,0.649062271599762,0.7043512075296261,0.9578060638577549,2025,-1.4549719117763034,65.0
"Mahle, Tyler",Slider,142,0.6204721181003977,0.9159673561033569,1.1063371307096983,2025,-0.5491210308098353,55.0
"Manaea, Sean",Four-Seam,663,0.7325835437665892,0.6193844786454452,0.9593309027569705,2025,-1.7358952098755707,67.0
"Manaea, Sean",Sweeper,371,0.9723358996039729,0.7925130155599511,1.2543978561407838,2025,0.41143260461233416,46.0
"Martin, Chris",Cutter,230,0.6643773785992596,0.6952999655147096,0.96168567798381,2025,-1.5609417703869013,66.0
"Martin, Chris",Four-Seam,189,0.6248949595676742,0.8272145532547833,1.036714824630957,2025,-0.7071892983798576,57.0
"Martin, Chris",Offspeed,115,0.5321306752564077,0.8704269608372937,1.0201990735642177,2025,-0.972412366643886,60.0
"Martin, Corbin",Four-Seam,147,0.6619285838482899,0.9932746371557258,1.193626388336083,2025,1.3787201419345276,36.0
"Martin, Corbin",Slider,108,0.7920565051442909,0.9388730883322778,1.2283469311786377,2025,0.674226769170576,43.0
"Martin, Davis",Curveball,111,0.9068457300378103,1.0221925721963632,1.3664724046760792,2025,0.6557185877374779,43.0
"Martin, Davis",Four-Seam,755,0.7540599189723721,0.7784178817996578,1.0837623171646478,2025,-0.08176178684496194,51.0
"Martin, Davis",Offspeed,563,0.7742646375466141,0.8099079814725875,1.1204627023726363,2025,-0.1969541648558667,52.0
"Martin, Davis",Sinker,242,0.6742047105530611,0.6786246541851757,0.9565999231653148,2025,-1.1806329804855362,62.0
"Martin, Davis",Slider,497,0.7792263478156392,0.9624157284102044,1.2383205301623015,2025,0.7742284110686634,42.0
"Martinez, Nick",Curveball,283,0.5562454813379107,1.2031235329557763,1.3254868053137432,2025,0.3515329988393139,46.0
"Martinez, Nick",Cutter,541,0.6530700810936758,0.791165932767075,1.0258869645291806,2025,-0.7565471058773707,58.0
"Martinez, Nick",Four-Seam,540,0.6222005947857531,0.783940639666397,1.0008478938741414,2025,-1.1839876151778435,62.0
"Martinez, Nick",Offspeed,510,0.5855947171470052,1.0508889590122368,1.2030331570344617,2025,0.4416616228813307,46.0
"Martinez, Nick",Sinker,435,0.686514241652359,0.8018365599554333,1.0555774120701318,2025,0.15044528906771332,48.0
"Martinez, Nick",Slider,268,0.6256005234323271,0.8213745901092177,1.032488369036614,2025,-1.2895756481997258,63.0
"Maton, Phil",Curveball,385,0.9753406563549178,0.6851403464648372,1.1919340125580775,2025,-0.6396647766093249,56.0
"Maton, Phil",Cutter,363,0.8196968813181617,0.7172919347655133,1.0892248146835317,2025,0.03702933888217693,50.0
"Maton, Phil",Sinker,122,0.8324342797512121,0.715253650909823,1.0975129225866773,2025,0.7144063209026901,43.0
"Maton, Phil",Sweeper,138,0.815589832181603,0.6663796571283948,1.0532087266029333,2025,-1.5823041968205855,66.0
"Matsui, Yuki",Four-Seam,420,0.6767508102368883,0.8788544270706792,1.1092234955760794,2025,0.2567072918887107,47.0
"Matsui, Yuki",Offspeed,342,0.7107744703842929,0.9827082235516611,1.212813176208988,2025,0.5173021734245575,45.0
"Matsui, Yuki",Slider,169,0.7205162843017059,1.017025396005298,1.246388531744283,2025,0.8551233223595669,41.0
"Matsui, Yuki",Sweeper,114,0.7735940111314619,1.0393673114595332,1.2956589451661586,2025,0.8203202609487228,42.0
"Matthews, Zebby",Cutter,175,0.7145709742013682,0.7394558675939038,1.0283028042800162,2025,-0.7262784195246622,57.0
"Matthews, Zebby",Four-Seam,557,0.6776720405868489,0.7182387766872801,0.9874747262236053,2025,-1.3617642939035868,64.0
"Matthews, Zebby",Offspeed,143,0.7972669524081067,0.7824984971062868,1.1171116736368427,2025,-0.22287166603232836,52.0
"Matthews, Zebby",Slider,342,0.7566640768742674,0.812929541248207,1.1105831640476131,2025,-0.5065476020965906,55.0
"Mattson, Isaac",Four-Seam,610,0.7017709830081407,0.8128858883713381,1.073902220923987,2025,-0.21283732611785725,52.0
"Matz, Steven",Curveball,253,0.8511291264713661,0.9431922809938342,1.2704457756450145,2025,-0.05696872576226303,51.0
"Matz, Steven",Offspeed,211,0.7022963008779846,0.7901517533945994,1.0571470510858272,2025,-0.6866495975408619,57.0
"Matz, Steven",Sinker,677,0.6524077857629016,0.6929944380938399,0.9517758192731359,2025,-1.2455089430099209,62.0
"May, Dustin",Cutter,210,0.7297730631701472,0.8131349516472389,1.092591951882814,2025,0.07921707908984621,49.0
"May, Dustin",Four-Seam,361,0.7482209989156451,0.7718408945775136,1.0749758275238297,2025,-0.19856529868459474,52.0
"May, Dustin",Sinker,727,0.8061083294652891,0.6585435895185425,1.0409084004509166,2025,-0.046827876964398565,50.0
"May, Dustin",Sweeper,853,1.052050709531582,0.7201366728591451,1.2749147120582398,2025,0.6147498056275766,44.0
"Mayza, Tim",Sinker,200,0.749423353374536,0.7578122034807105,1.065792990372626,2025,0.2878273790745243,47.0
"Mazur, Adam",Four-Seam,117,0.6583892208762334,0.8668042429254929,1.0884971114888868,2025,-0.018819630475675798,50.0
"Mazur, Adam",Slider,140,0.713284167222913,0.8478150341488784,1.1079551594445274,2025,-0.5328976464140699,55.0
"McCullers Jr., Lance",Curveball,188,0.9197588374143297,0.8121181289611266,1.226984993546816,2025,-0.3795245454208142,54.0
"McCullers Jr., Lance",Offspeed,195,0.8610929214848947,0.8138666524885051,1.184845959382162,2025,0.300998335958373,47.0
"McCullers Jr., Lance",Sinker,283,0.8204600254400504,0.8274687460540298,1.1652721480586912,2025,1.6256522373786257,34.0
"McCullers Jr., Lance",Sweeper,367,0.9828215149915551,0.777964799995867,1.25346214955335,2025,0.4021599731187971,46.0
"McDaniels, Garrett",Slider,100,0.8489655306601152,1.0943890956388893,1.3850739925730744,2025,2.245671890934291,28.0
"McDermott, Chayce",Four-Seam,105,0.988665054392069,0.9247654106271225,1.353753912078714,2025,3.507381061129796,20.0
"McDonald, Trevor",Slider,107,0.9419795273755478,0.8680578777813878,1.280956638287568,2025,1.2017251275152239,38.0
"McFarland, T.J.",Sinker,139,0.8999426413080309,0.543929468347412,1.0515493446249555,2025,0.09627465790808556,49.0
"McFarland, T.J.",Sweeper,101,0.8093945271574324,0.565806247785996,0.9875506116782429,2025,-2.2329606231333186,72.0
"McGough, Scott",Four-Seam,115,0.7404930128873869,0.8253432810768385,1.108837875324306,2025,0.25158103538755155,47.0
"McGreevy, Michael",Curveball,177,0.781788430052854,0.84986588598744,1.1547576254477485,2025,-0.91557927785372,59.0
"McGreevy, Michael",Cutter,144,0.5957763176510229,0.5564950333981321,0.8152521958698429,2025,-3.3956450614928406,80.0
"McGreevy, Michael",Four-Seam,373,0.6729569270471892,0.7015601976833206,0.9721408008278718,2025,-1.5656063752950182,66.0
"McGreevy, Michael",Offspeed,147,0.6598505231557785,0.7345109432614391,0.9873748217773044,2025,-1.2262814472688606,62.0
"McGreevy, Michael",Sinker,325,0.6089380525909871,0.615515546261889,0.865831934952376,2025,-2.40130747948698,74.0
"McGreevy, Michael",Sweeper,296,0.85152017752993,0.6790198295912788,1.0891072223242177,2025,-1.2265585747782084,62.0
"McLean, Nolan",Curveball,117,1.2023213393104253,0.8278307184704512,1.4597535070704637,2025,1.348029240902671,37.0
"McLean, Nolan",Sinker,206,0.6794849058096745,0.7122012002210213,0.98434256578665,2025,-0.8075417943800468,58.0
"McLean, Nolan",Sweeper,190,0.9680537813922453,0.6832068684266555,1.1848627552308253,2025,-0.2776438380065704,53.0
"Mears, Nick",Four-Seam,452,0.6770640407474786,0.8364620790064288,1.0761433570343035,2025,-0.18304470370588674,52.0
"Mears, Nick",Slider,358,0.5895841820233261,0.8887736680411304,1.0665496428649723,2025,-0.9480556699496151,59.0
"Mederos, Victor",Sinker,153,0.9065482991960614,0.6148736219439725,1.0953991919559602,2025,0.685980252092819,43.0
"Megill, Trevor",Curveball,297,0.5779326131974216,1.076985335383862,1.2222534589965743,2025,-0.4146408947227569,54.0
"Megill, Trevor",Four-Seam,456,0.6727042534113795,0.8293335907677143,1.067860111313009,2025,-0.2931583246431015,53.0
"Megill, Tylor",Four-Seam,522,0.7484930171529725,0.7027738334192964,1.026709724150703,2025,-0.840192456657439,58.0
"Megill, Tylor",Sinker,241,0.8089595375484832,0.7298380359923582,1.0895315930122624,2025,0.6070710623888795,44.0
"Megill, Tylor",Slider,283,0.8323657398942028,0.936354049723025,1.2528334411973256,2025,0.9197440804474364,41.0
"Mejia, Juan",Four-Seam,721,0.8730571434252111,0.8402816894636277,1.211735158082672,2025,1.6194497151728313,34.0
"Mejia, Juan",Sweeper,352,0.9476396299284942,0.8651376217473222,1.2831539162445111,2025,0.6963983750031844,43.0
"Melton, Troy",Four-Seam,274,0.7379973072832069,0.7730522721009817,1.0687608904510655,2025,-0.2811837852060902,53.0
"Melton, Troy",Slider,154,0.7482274075885933,0.7830497158663824,1.0830563747954993,2025,-0.7825486851462317,58.0
"Merryweather, Julian",Four-Seam,162,0.7588599049259891,0.8435787275496526,1.1346776744426463,2025,0.5950833219243383,44.0
"Merryweather, Julian",Slider,167,0.6599916626323116,1.0163618687736053,1.2118500084751158,2025,0.5088181379111709,45.0
"Messick, Parker",Four-Seam,225,0.6286398793812701,0.7915439853191737,1.0108065980411178,2025,-1.051601227937247,61.0
"Messick, Parker",Offspeed,146,0.768293054874545,0.9075944911388365,1.1891181516207816,2025,0.3340402929514003,47.0
"Mey, Luis",Sinker,302,0.8544398460451246,0.8489491899232374,1.2044841956542798,2025,2.152987341923146,28.0
"Mey, Luis",Slider,104,0.9537499768016569,1.038422575091096,1.4099505178225171,2025,2.4950997427797685,25.0
"Meyer, Max",Four-Seam,231,0.6640229153179161,0.8598441875465938,1.0863970079694467,2025,-0.046737431136115656,50.0
"Meyer, Max",Offspeed,180,0.773894031469666,0.7107747980436804,1.0507677124266843,2025,-0.7359886304883743,57.0
"Meyer, Max",Sinker,142,0.679520960640624,0.7283989992668415,0.9961495058889969,2025,-0.6487586046462259,56.0
"Meyer, Max",Slider,367,0.6967730803494607,0.8670180902644634,1.1123008110873216,2025,-0.48932538126601777,55.0
"Meyer, Max",Sweeper,119,0.7378923354476364,0.7987054862632559,1.087389328851167,2025,-1.2435824937445585,62.0
"Mikolas, Miles",Curveball,436,0.8609115776341391,1.055659293778285,1.362198696609628,2025,0.6240001201489097,44.0
"Mikolas, Miles",Four-Seam,687,0.5945126238500572,0.8472010779633826,1.0349854715982236,2025,-0.7301785142887229,57.0
"Mikolas, Miles",Offspeed,285,0.6635517586371368,0.7557022622213571,1.0056773068519114,2025,-1.0847265052337376,61.0
"Mikolas, Miles",Sinker,421,0.753814268467992,0.6664065098182039,1.0061478955272996,2025,-0.5142973314281358,55.0
"Mikolas, Miles",Slider,580,0.611086550221568,0.8310089859416687,1.031505068614545,2025,-1.2994348431450047,63.0
"Miller, Bryce",Curveball,166,0.755085471878819,0.9255170453372784,1.1944604937176886,2025,-0.6209138208752812,56.0
"Miller, Bryce",Four-Seam,638,0.6709910032752855,0.774552164353224,1.0247731367383894,2025,-0.8659365501452221,59.0
"Miller, Bryce",Offspeed,289,0.762149556102023,0.8946693596563282,1.1752894149844006,2025,0.22708618234825736,48.0
"Miller, Bryce",Sinker,254,0.6568424217020414,0.7236430409570066,0.9772928003791425,2025,-0.9023491050444503,59.0
"Miller, Bryce",Slider,118,0.8172481067736708,0.9078749097568218,1.2215282722029428,2025,0.6058585608408149,44.0
"Miller, Erik",Four-Seam,167,0.8180227179852663,0.7878097351501706,1.1356959742542827,2025,0.6086201266059507,44.0
"Miller, Erik",Offspeed,124,0.8571415886536665,0.8292311503199961,1.1926089064151564,2025,0.36103846235639075,46.0
"Miller, Erik",Slider,107,0.920097531659467,0.8759876811943353,1.2704069762757415,2025,1.0959475115933763,39.0
"Miller, Mason",Four-Seam,507,0.6928241333022922,0.8864116197722302,1.1250470387291818,2025,0.4670581243124153,45.0
"Miller, Mason",Slider,443,0.9389762337501348,0.9411038816105068,1.3294182500364402,2025,1.687632045554815,33.0
"Miller, Shelby",Four-Seam,436,0.7303635200432744,0.7395768830725077,1.0394252437694826,2025,-0.671158245379302,57.0
"Miller, Shelby",Offspeed,203,0.7184306010634018,0.9108792173229966,1.160104942276894,2025,0.10964654804815106,49.0
"Milner, Hoby",Four-Seam,164,0.656660894696982,0.5359167263869347,0.8475908613508816,2025,-3.2213154155405475,80.0
"Milner, Hoby",Offspeed,201,0.7374772906512411,0.4961340403084639,0.8888316714536536,2025,-1.9884331373350435,70.0
"Milner, Hoby",Sinker,386,0.7626902040304115,0.5083217911638744,0.9165628132845017,2025,-1.7190637643713096,67.0
"Milner, Hoby",Sweeper,406,0.9714711982789497,0.5382250683726468,1.1106045710829209,2025,-1.0135249210618367,60.0
"Misiorowski, Jacob",Curveball,170,0.8733092101233877,0.8448401838176576,1.2150818543124529,2025,-0.467866877217209,55.0
"Misiorowski, Jacob",Four-Seam,642,0.7525759688059049,0.7470816016662679,1.0604251545358505,2025,-0.3919951863988665,54.0
"Misiorowski, Jacob",Slider,283,0.7800088677530904,0.6940163199968546,1.0440653649055862,2025,-1.1734973301280973,62.0
"Mize, Casey",Curveball,313,0.8650639508779909,0.9524711431887738,1.2866766951009756,2025,0.06349338458587259,49.0
"Mize, Casey",Four-Seam,790,0.7159014878095605,0.868906533547972,1.1258390223696706,2025,0.47758638694176936,45.0
"Mize, Casey",Offspeed,569,0.6504829958668031,0.8447693133421706,1.0661910338567164,2025,-0.6167016941997977,56.0
"Mize, Casey",Sinker,297,0.5307785330523161,0.6963608385893417,0.8755822455200996,2025,-2.2701824462930875,73.0
"Mize, Casey",Slider,384,0.7562270266142677,0.7484400892904323,1.0639745687933178,2025,-0.9738749991202025,60.0
"Mlodzinski, Carmen",Curveball,146,0.7754118758915833,0.8679827691332344,1.1638976178280898,2025,-0.8477443795481028,58.0
"Mlodzinski, Carmen",Four-Seam,596,0.8142935713087737,0.751433445466459,1.1080280877488577,2025,0.24081609551701977,48.0
"Mlodzinski, Carmen",Offspeed,250,0.8155256866853176,0.895592137788446,1.211266866925715,2025,0.5053427198274187,45.0
"Mlodzinski, Carmen",Sinker,249,0.8186932813499463,0.6169093601376391,1.0251028473050758,2025,-0.2593855864343723,53.0
"Mlodzinski, Carmen",Slider,232,0.7794484779893135,0.7145905545560458,1.0574401120160775,2025,-1.0393936155901888,60.0
"Mlodzinski, Carmen",Sweeper,173,0.8999158965375107,0.6761110060326034,1.125599712739538,2025,-0.8649266054760387,59.0
"Molina, Anthony",Four-Seam,270,0.7269463279527033,0.8216886787407865,1.0970976476570802,2025,0.09551190227683186,49.0
"Molina, Anthony",Offspeed,110,0.6177729180713383,0.8955107242542334,1.087925932936943,2025,-0.44859980164809476,54.0
"Moll, Sam",Sweeper,148,1.0495027246368087,0.6587743579235749,1.2391285743124898,2025,0.2601176246109253,47.0
"Montas, Frankie",Four-Seam,178,0.7401370860399927,0.7573015167671099,1.0589185490062665,2025,-0.41202330047014657,54.0
"Montas, Frankie",Offspeed,146,0.6355769901120797,0.94111632323571,1.1356311215445938,2025,-0.07963869168933604,51.0
"Montas, Frankie",Sinker,124,0.7556044828267398,0.7563298616619064,1.0690991507383136,2025,0.33228959232239835,47.0
"Montero, Keider",Curveball,214,0.7431772600524589,0.9056514812962013,1.1715447261769751,2025,-0.7909893194132158,58.0
"Montero, Keider",Four-Seam,453,0.7221151675944711,0.7349030335343952,1.0303071308925544,2025,-0.7923702024762243,58.0
"Montero, Keider",Offspeed,189,0.8463455577116114,1.0025568779833114,1.3120293810162267,2025,1.2846593964018396,37.0
"Montero, Keider",Sinker,293,0.7750589170012717,0.7085026547475616,1.0500915848665422,2025,0.07667027757753192,49.0
"Montero, Keider",Slider,323,0.8273616927367913,0.8197375801033111,1.1646875421510787,2025,0.03593727754250753,50.0
"Montero, Rafael",Four-Seam,442,0.7198749449193718,0.7044665242122822,1.007220442633291,2025,-1.0992739121103403,61.0
"Montero, Rafael",Offspeed,511,0.7189535967118285,0.6958683972990011,1.0005633915871373,2025,-1.1242785101077628,61.0
"Montgomery, Mason",Four-Seam,569,0.6270975742523254,0.943227472623084,1.1326647486101444,2025,0.5683244209388194,44.0
"Montgomery, Mason",Slider,290,0.638047059855706,1.15922899769552,1.3232217953497707,2025,1.625502452854225,34.0
"Morales, Luis",Four-Seam,423,0.7273988638895927,0.917190634295609,1.170618540271532,2025,1.0728644972265637,39.0
"Morales, Luis",Offspeed,107,0.6450722241089237,0.9482252764444831,1.14684321038451,2025,0.007077761259941076,50.0
"Morales, Luis",Sweeper,220,0.9610605713774275,0.8516871743599802,1.2841372453229425,2025,0.7061429341455752,43.0
"Morejon, Adrian",Sinker,617,0.7080254181047312,0.6622930882161223,0.969500968220882,2025,-1.007135946786218,60.0
"Morejon, Adrian",Slider,246,0.7698992900756171,0.7447885210592111,1.0711931935745793,2025,-0.9014964794349045,59.0
"Moreta, Dauri",Four-Seam,121,0.7478876659515069,0.9748024978537352,1.2286479848615202,2025,1.8442809781299583,32.0
"Moreta, Dauri",Slider,162,0.6870002626210852,0.9972994286098144,1.2110225064576223,2025,0.5005210767842025,45.0
"Morgan, David",Curveball,179,0.8848460634779741,0.9235373657783885,1.2790128310698654,2025,0.006613967673379769,50.0
"Morgan, David",Four-Seam,281,0.7331365926820054,0.8497372908140847,1.1222935119341289,2025,0.43045401815008616,46.0
"Morgan, David",Sinker,165,0.8688728042764011,0.7094358131371912,1.1217125848330154,2025,1.0398504688907801,40.0
"Morgan, David",Slider,140,0.9509402184443525,0.825364680263693,1.259172011474914,2025,0.9832986143808239,40.0
"Morillo, Juan",Four-Seam,285,0.7329805419526737,0.9385155779761576,1.1908282684691174,2025,1.341523236188288,37.0
"Morillo, Juan",Sinker,120,0.6446378996764686,0.6573313454011535,0.9206750346056849,2025,-1.6637614072314522,67.0
"Morillo, Juan",Slider,130,0.7263008792552152,0.9345497907734608,1.1835946428746702,2025,0.22551188536347497,48.0
"Morton, Charlie",Curveball,976,0.9483349019843431,0.7403177897725917,1.2030833371697196,2025,-0.556917081673192,56.0
"Morton, Charlie",Cutter,232,0.8548132700220682,0.7550915457852169,1.1405564296088684,2025,0.6801765309157606,43.0
"Morton, Charlie",Four-Seam,702,0.7993248525098585,0.8782184548284997,1.1875133153953537,2025,1.2974557898670132,37.0
"Morton, Charlie",Offspeed,253,0.8191460036650025,0.7036641475439624,1.079881200808272,2025,-0.5108193082080018,55.0
"Morton, Charlie",Sinker,385,0.8149143903209748,0.7437130666156012,1.1032654209241708,2025,0.7917676039318265,42.0
"Murdock, Noah",Sinker,223,0.9079579644986343,0.657371788786052,1.120948408263412,2025,1.029573598491704,40.0
"Murfee, Penn",Sweeper,114,1.0549187509045854,0.5962128603181933,1.211743927494127,2025,-0.011257763718596674,50.0
"Murphy, Chris",Curveball,177,0.8729418807744294,0.98461958766942,1.3158659732785467,2025,0.28012942041547595,47.0
"Murphy, Chris",Four-Seam,179,0.8283386770486924,0.8912482412670859,1.2167449985335677,2025,1.6860482069871767,33.0
"Murphy, Chris",Slider,114,0.8747064342722319,0.7660576987282479,1.1627363174589764,2025,0.0163730587242129,50.0
"Muñoz, Andrés",Four-Seam,362,0.7682489369995446,0.8082058883116061,1.115079901667357,2025,0.3345596340848997,47.0
"Muñoz, Andrés",Sinker,129,0.8808893565353142,0.7976722542787787,1.1883800249513572,2025,1.9364137360555485,31.0
"Muñoz, Andrés",Slider,522,0.9551946279282899,0.8726254790015929,1.2937820542215848,2025,1.3303208985632022,37.0
"Myers, Tobias",Cutter,165,0.7139027039195385,0.9362281399505826,1.1773615420502557,2025,1.141317384434374,39.0
"Myers, Tobias",Four-Seam,373,0.6638518104240817,0.8106332654019458,1.0477716913428958,2025,-0.5602044483781513,56.0
"Myers, Tobias",Offspeed,141,0.6347534969272648,1.1232348631695221,1.2901815995048318,2025,1.1156844494023024,39.0
"Myers, Tobias",Slider,135,0.5974226211891647,1.1900022968065096,1.3315476914903575,2025,1.7089831788885665,33.0
"Márquez, Germán",Curveball,666,0.7214354885326604,1.1532631674468214,1.3603253645741644,2025,0.6100966853504681,44.0
"Márquez, Germán",Four-Seam,737,0.7355017167002563,0.8499833315728204,1.124025995793983,2025,0.4534848538203844,45.0
"Márquez, Germán",Sinker,413,0.7113472248659471,0.8013272824907272,1.071513083442502,2025,0.3647528665705352,46.0
"Márquez, Germán",Slider,220,0.8222819873190096,1.0030893938232448,1.297048957699741,2025,1.3630769490393955,36.0
"Nance, Tommy",Curveball,135,0.8574868903847607,1.105977091210382,1.3994531408603519,2025,0.9004939433402358,41.0
"Nance, Tommy",Sinker,128,0.7147524357143373,0.7840037559113429,1.0609113693625263,2025,0.2221779094967801,48.0
"Nance, Tommy",Slider,198,0.7552107095819853,0.790704267634932,1.0934150422979465,2025,-0.6786861015575192,57.0
"Nelson, Ryne",Curveball,269,0.7532042102212158,0.9777935891310301,1.234259650657311,2025,-0.32553373177855677,53.0
"Nelson, Ryne",Cutter,248,0.6319820220919778,0.8144444688018945,1.0308836350478483,2025,-0.6939425176860117,57.0
"Nelson, Ryne",Four-Seam,1526,0.6765092503181752,0.8108485259195873,1.0560019402217153,2025,-0.45079534284703565,55.0
"Nelson, Ryne",Slider,353,0.6420841758765212,0.8616934800438218,1.0746105073286152,2025,-0.867232319943005,59.0
"Neris, Héctor",Four-Seam,221,0.7793168819951873,0.7471014322942591,1.0795811005657863,2025,-0.13734493807755335,51.0
"Neris, Héctor",Offspeed,267,0.7790231350202723,1.0005831960318188,1.2680866599243377,2025,0.94479793432869,41.0
"Newcomb, Sean",Curveball,429,1.1182369057982033,0.9060908268594637,1.4392547946795267,2025,1.1958925636964486,38.0
"Newcomb, Sean",Cutter,212,0.8611283805873776,0.79450747866938,1.1716587478931801,2025,1.0698655890018032,39.0
"Newcomb, Sean",Four-Seam,459,0.7900371606076777,0.7434248023393648,1.084822175231667,2025,-0.06767252602067284,51.0
"Newcomb, Sean",Offspeed,107,0.8128448854003213,0.6840737417253184,1.0623905552288853,2025,-0.6460953273417123,56.0
"Newcomb, Sean",Sinker,339,0.7593006118900908,0.6966787431579979,1.030484687118093,2025,-0.1870090278391876,52.0
"Nicolas, Kyle",Curveball,145,0.8300402214902699,1.153076563919101,1.4207576610918193,2025,1.0586111389803488,39.0
"Nicolas, Kyle",Four-Seam,330,0.6904695815331249,0.9160636369828824,1.1471359248253168,2025,0.7606975154827426,42.0
"Nicolas, Kyle",Slider,174,0.7022468350325055,1.0363330463596243,1.2518533461592816,2025,0.9099170247194978,41.0
"Nola, Aaron",Curveball,457,0.786589544055089,0.6237097469466718,1.0038610258661675,2025,-2.035498754952651,70.0
"Nola, Aaron",Cutter,115,0.6336914130720932,0.6580281984541443,0.9135457935769355,2025,-2.1640989382674816,72.0
"Nola, Aaron",Four-Seam,475,0.7494207584644514,0.7207067693969905,1.0397354089729176,2025,-0.6670350532408447,57.0
"Nola, Aaron",Offspeed,242,0.674159047907003,0.5286059142178672,0.8566881780560439,2025,-2.237037101559432,72.0
"Nola, Aaron",Sinker,279,0.8070673412704269,0.678305160589779,1.0542559386733572,2025,0.13267372765811938,49.0
"Núñez, Eduarniel",Four-Seam,155,0.8178648080946955,0.9908241318288948,1.2847705260217703,2025,2.5903479706213104,24.0
"O'Brien, Riley",Sinker,366,0.7804059655150932,0.8001378175087535,1.117700316730391,2025,0.9858923119187342,40.0
"O'Brien, Riley",Slider,230,0.8206420540942748,0.791399071340256,1.1400727481464903,2025,-0.21086629050488184,52.0
"O'Brien, Riley",Sweeper,161,1.0733139203198128,0.7407168330968112,1.304095164619996,2025,0.9039212051384817,41.0
"Ober, Bailey",Four-Seam,846,0.6433000286150821,0.7536016510182815,0.9908331722513357,2025,-1.317118672455355,63.0
"Ober, Bailey",Offspeed,681,0.717021983396522,0.783618659715535,1.0621575817778894,2025,-0.6478971888494258,56.0
"Ober, Bailey",Slider,418,0.6557710106878525,0.7626925094386696,1.0058506262922058,2025,-1.5566625859503687,66.0
"Ober, Bailey",Sweeper,253,0.9385688907667128,1.007503087010775,1.3769437290794782,2025,1.6258332896932435,34.0
"Ogasawara, Shinnosuke",Curveball,129,0.8773606842475827,1.0465352970957504,1.3656492588987397,2025,0.6496093911678369,44.0
"Ogasawara, Shinnosuke",Four-Seam,261,0.6700068245734213,0.7433840258058942,1.0007641854094989,2025,-1.1851003966230675,62.0
"Ogasawara, Shinnosuke",Offspeed,150,0.651019979989331,0.8164913237095327,1.0442629439170261,2025,-0.7862977620398082,58.0
"Ogasawara, Shinnosuke",Slider,125,0.7075672892386402,0.8473028142316352,1.1038901792322307,2025,-0.5736557214257825,56.0
"Ohl, Pierson",Four-Seam,238,0.6538600387251139,0.8036513997477435,1.0360446527819709,2025,-0.7160982516362286,57.0
"Ohl, Pierson",Offspeed,205,0.5594928465852032,0.7688261973831182,0.9508553870923797,2025,-1.5087297835962694,65.0
"Ohtani, Shohei",Four-Seam,292,0.7377219953706284,0.7551499709471698,1.0556918210704926,2025,-0.454917922788775,55.0
"Ohtani, Shohei",Sweeper,172,0.7725885007061674,0.7611269659765642,1.0845308892604641,2025,-1.271908955615277,63.0
"Okert, Steven",Four-Seam,435,0.7841870233759284,0.7359761623793186,1.075458134574186,2025,-0.19215373279542233,52.0
"Okert, Steven",Slider,608,0.7852731041833224,0.8540777172157504,1.16021661563614,2025,-0.008891073089184529,50.0
"Olson, Reese",Four-Seam,225,0.6054886888769521,0.855237748954364,1.0478779316287075,2025,-0.5587921393686469,56.0
"Olson, Reese",Offspeed,300,0.6258076367535159,0.7368293929009615,0.9667226864317502,2025,-1.3860090367095648,64.0
"Olson, Reese",Sinker,315,0.7462576092666605,0.7003664251194739,1.0234322394878048,2025,-0.2818524098213922,53.0
"Olson, Reese",Slider,250,0.8205936634561195,0.7478270799583023,1.1102338951875395,2025,-0.5100495936573552,55.0
"Ort, Kaleb",Cutter,112,0.6002289242182602,0.8322670349982868,1.02613019593668,2025,-0.7534995961316684,58.0
"Ort, Kaleb",Four-Seam,428,0.7946398170032433,0.8898327293172065,1.193002399381936,2025,1.3704251226295594,36.0
"Ort, Kaleb",Sweeper,183,0.8230965930961838,0.9822082222108299,1.2814917063114781,2025,0.6799262667794059,43.0
"Ortiz, Luis",Cutter,184,0.8505414969594436,0.7491369504779858,1.1334138734908212,2025,0.5906855823464235,44.0
"Ortiz, Luis",Four-Seam,441,0.8254012562485086,0.7344388807418386,1.104847366545235,2025,0.19853306532484688,48.0
"Ortiz, Luis",Offspeed,194,0.7759922550706118,0.7432291214894277,1.0745015155687403,2025,-0.5524268292164835,56.0
"Ortiz, Luis",Sinker,293,0.7597256623671945,0.6551063868000214,1.0031687096822008,2025,-0.5543622955250228,56.0
"Ortiz, Luis",Slider,389,0.963885409126812,0.8719993840464259,1.2997915247088312,2025,1.390575668846936,36.0
"Orze, Eric",Four-Seam,174,0.640226391179526,0.8494556333244546,1.063703297423398,2025,-0.3484170775943123,53.0
"Orze, Eric",Offspeed,330,0.6665070045682494,0.9332113683713873,1.146784655110164,2025,0.006624883498689785,50.0
"Orze, Eric",Slider,177,0.5957689650338227,0.7696183433351511,0.9732692608396788,2025,-1.8833440623031932,69.0
"Oviedo, Johan",Curveball,105,0.6898068782416503,0.9334820486437104,1.160699041271918,2025,-0.8714834710463978,59.0
"Oviedo, Johan",Four-Seam,246,0.8225904519474287,0.9110265691074798,1.2274463170561964,2025,1.8283065645172238,32.0
"Oviedo, Johan",Slider,214,0.7512412449043575,0.8602112215776969,1.142071255996596,2025,-0.19082798069473852,52.0
"Paddack, Chris",Curveball,304,0.6449997479587924,1.1899100067914472,1.3534808824395443,2025,0.5592985303590926,44.0
"Paddack, Chris",Cutter,357,0.6874932199960495,0.811431989199556,1.0635171839875859,2025,-0.285068271332947,53.0
"Paddack, Chris",Four-Seam,1109,0.6318076606618526,0.7413210753088799,0.9740317534701405,2025,-1.5404689292422336,65.0
"Paddack, Chris",Offspeed,604,0.6227136791571092,0.7394209636139011,0.9667035158936235,2025,-1.386157305340969,64.0
"Paddack, Chris",Sinker,133,0.48638487657195195,0.5805089055736422,0.7573379942985964,2025,-3.8603657803226734,80.0
"Pagán, Emilio",Cutter,199,0.7525657928050522,0.8948157688947478,1.1692093622456996,2025,1.0391765973603788,40.0
"Pagán, Emilio",Four-Seam,654,0.7835796538692155,0.7277769163134007,1.0694186803476187,2025,-0.272439431873775,53.0
"Pagán, Emilio",Offspeed,215,0.7250716317375994,0.8790662781393849,1.1395114709876577,2025,-0.04962732229059713,50.0
"Palencia, Daniel",Four-Seam,602,0.6600286779962903,0.8978742884755503,1.1143680243451919,2025,0.32509626764085425,47.0
"Palencia, Daniel",Slider,194,0.7828063317945778,0.8831022760834892,1.1801082082256364,2025,0.1905546758501563,48.0
"Pallante, Andre",Curveball,381,0.7216539733910675,1.5371919956470936,1.6981589115252465,2025,3.117418721082515,20.0
"Pallante, Andre",Four-Seam,1199,0.6389825857541468,0.8553721124960886,1.0676891849845986,2025,-0.295430539855357,53.0
"Pallante, Andre",Sinker,363,0.6275701567253573,0.8527330761844295,1.058771930507817,2025,0.19340610895857793,48.0
"Pallante, Andre",Slider,774,0.7432746927600989,0.9855760864160852,1.2344300267787016,2025,0.7352197516261387,43.0
"Palmquist, Carson",Four-Seam,370,0.8133041031475535,0.7026933961685939,1.0748216471655188,2025,-0.2006149007490813,52.0
"Palmquist, Carson",Sweeper,222,1.0733905526595906,0.8067629974851027,1.3427709457126369,2025,1.2871890698868829,37.0
"Parker, Mitchell",Curveball,594,0.5801692814371066,1.0599759219214064,1.2083647421935084,2025,-0.5177197215670652,55.0
"Parker, Mitchell",Four-Seam,1501,0.6610134406743481,0.9029697099362497,1.119059009085086,2025,0.38745603974601417,46.0
"Parker, Mitchell",Offspeed,284,0.699720039775658,1.148162511687091,1.3445762482311139,2025,1.5363831313617564,35.0
"Parker, Mitchell",Slider,326,0.7119805374922923,1.037151449381609,1.258014075724984,2025,0.9716884146530059,40.0
"Patrick, Chad",Cutter,829,0.8060331943816651,0.7668875876114463,1.1125673384014179,2025,0.3294939068871419,47.0
"Patrick, Chad",Four-Seam,447,0.7234309706893213,0.8654843144768828,1.128013948476708,2025,0.5064988443256054,45.0
"Patrick, Chad",Offspeed,134,0.8414233084024226,0.9462322651008925,1.2662340555524656,2025,0.9304695355672449,41.0
"Patrick, Chad",Sinker,462,0.7593034090603894,0.7320277529802595,1.0547067356114006,2025,0.13873617695694682,49.0
"Patrick, Chad",Slider,106,0.751315722600547,1.0459336699177304,1.287809208265865,2025,1.27043334910842,37.0
"Payamps, Joel",Four-Seam,162,0.7591810518474112,0.8596808743794723,1.1469119736309303,2025,0.757720412332982,42.0
"Payamps, Joel",Sweeper,211,0.8225097763111444,0.7291562664784809,1.099177507535633,2025,-1.1267644245025752,61.0
"Pearson, Nate",Four-Seam,137,0.7236004146142759,0.7351309083681374,1.0315110336143356,2025,-0.7763660789222538,58.0
"Pearson, Nate",Slider,107,0.7723232394261818,0.8542356369144077,1.151608314285858,2025,-0.0952033732319654,51.0
"Peguero, Joel",Four-Seam,103,0.7817516410977452,0.9589587598943728,1.2372297812197908,2025,1.958363392554253,30.0
"Peguero, Joel",Sinker,108,0.6931598184623237,0.943445409580423,1.1707090905895852,2025,1.698769833467999,33.0
"Peguero, Joel",Slider,104,0.7640539684295125,0.8978801296689596,1.1789686992991943,2025,0.17912923516536586,48.0
"Pepiot, Ryan",Cutter,171,0.7591637338201083,0.8539607334345537,1.1426191443327778,2025,0.7060208217018245,43.0
"Pepiot, Ryan",Four-Seam,1213,0.7846564133803583,0.7739021052750203,1.1020935330578963,2025,0.1619248821377333,48.0
"Pepiot, Ryan",Offspeed,676,0.7402341210469939,0.8523172262843131,1.1288893693286337,2025,-0.13178070083482815,51.0
"Pepiot, Ryan",Slider,479,0.8027601490088065,0.9476099562068692,1.2419293401554798,2025,0.8104126335551675,42.0
"Peralta, Freddy",Curveball,465,0.7736045132932377,0.9732914925493938,1.2432860782847581,2025,-0.25854168466395794,53.0
"Peralta, Freddy",Four-Seam,1651,0.6971994723835958,0.9002580944079884,1.1386622593372746,2025,0.6480525426189868,44.0
"Peralta, Freddy",Offspeed,655,0.7701470503843563,0.7804954082274419,1.0964942140658314,2025,-0.38233106635907194,54.0
"Peralta, Freddy",Slider,282,0.8020207538171129,0.8600216022448186,1.175956821435683,2025,0.14893023357717566,49.0
"Peralta, Luis",Curveball,118,1.0684507081011572,1.014937627003557,1.4736639041346826,2025,1.4512689736043758,35.0
"Peralta, Luis",Four-Seam,308,0.7458468014960029,0.8416179795263138,1.124548031328041,2025,0.46042455171745666,45.0
"Peralta, Wandy",Offspeed,393,0.6697139481473852,0.7041771753664056,0.9717933250697743,2025,-1.3467917415957766,63.0
"Peralta, Wandy",Sinker,518,0.8048252364119527,0.9039622418546219,1.210326978904622,2025,2.231562802912254,28.0
"Peralta, Wandy",Slider,189,0.7385010153632039,0.8113620553791608,1.0971290419096469,2025,-0.6414471811049083,56.0
"Perkins, Jack",Four-Seam,267,0.791958990982989,0.8803548300901266,1.184155255978628,2025,1.252815307845891,37.0
"Perkins, Jack",Sweeper,209,0.7609855698651798,0.9155845784640906,1.1905436396303577,2025,-0.22134761406022108,52.0
"Petersen, Michael",Four-Seam,183,0.6670912022954879,0.8080653024957363,1.0478455063975631,2025,-0.5592231853295133,56.0
"Petersen, Michael",Slider,135,0.8005899952957641,0.8002777874822732,1.1319844865125996,2025,-0.2919643419520281,53.0
"Peterson, David",Curveball,370,0.7960756997908883,0.9517158602232832,1.2407657306671944,2025,-0.27724711867503693,53.0
"Peterson, David",Four-Seam,603,0.7447957845928579,0.7305416867834106,1.0432698197856782,2025,-0.620050237678486,56.0
"Peterson, David",Offspeed,412,0.7922905770187942,0.7775014729214527,1.1100598627226381,2025,-0.27741172882346354,53.0
"Peterson, David",Sinker,798,0.7269539033062827,0.6779704603745503,0.994035171748324,2025,-0.6771927896348009,57.0
"Peterson, David",Slider,516,0.8533043390551271,0.7897256727511905,1.1626671635737496,2025,0.01567967792179172,50.0
"Pfaadt, Brandon",Curveball,285,0.8866227215702821,0.7901543313015641,1.18762103285489,2025,-0.6716747091546948,57.0
"Pfaadt, Brandon",Cutter,267,0.6610177211692987,0.6207621941422842,0.9068021445586659,2025,-2.2485918757382524,72.0
"Pfaadt, Brandon",Four-Seam,682,0.7449401399997586,0.7798042454003524,1.0784389056999348,2025,-0.15252874605894237,52.0
"Pfaadt, Brandon",Offspeed,457,0.7508700896565801,0.634376650291185,0.9829748857298161,2025,-1.260311399465056,63.0
"Pfaadt, Brandon",Sinker,685,0.7483320653475968,0.6015267074455677,0.9601225233259063,2025,-1.1332600214625286,61.0
"Pfaadt, Brandon",Sweeper,542,0.9385055926784651,0.6651875742076502,1.1503335413561646,2025,-0.6198202000426098,56.0
"Phillips, Connor",Four-Seam,188,0.8759138547382135,0.9078117632021885,1.2614861387786322,2025,2.2808161425294657,27.0
"Phillips, Connor",Sweeper,170,0.9102996742571389,0.8628419613170473,1.2542494756475293,2025,0.40996218893582215,46.0
"Phillips, Tyler",Curveball,257,0.6890556600373237,0.9814777764420047,1.1992065411258452,2025,-0.5856897605162807,56.0
"Phillips, Tyler",Offspeed,152,0.7265875966919957,0.799276840180245,1.0801726727311551,2025,-0.5085650082601867,55.0
"Phillips, Tyler",Sinker,350,0.6694123093333164,0.6861813559138505,0.9586228106459465,2025,-1.1534285969735494,62.0
"Phillips, Tyler",Sweeper,251,0.7984111589193948,0.7281032770283545,1.0805529883843918,2025,-1.3113290146775909,63.0
"Pilkington, Konnor",Four-Seam,295,0.8431895967196182,0.7978048146471439,1.1608019720393121,2025,0.9423675990785237,41.0
"Pilkington, Konnor",Offspeed,108,1.1076320497415455,1.0609606765367756,1.5337817037544914,2025,2.9997345385703684,20.0
"Pivetta, Nick",Curveball,638,0.6301023743207878,0.9841992502030253,1.1686219090128729,2025,-0.8126817888204372,58.0
"Pivetta, Nick",Cutter,250,0.6784632035597755,0.8873911875344576,1.1170386914956922,2025,0.38551665605168867,46.0
"Pivetta, Nick",Four-Seam,1350,0.657029626261721,0.8279210202926865,1.0569489796712517,2025,-0.43820584031776194,54.0
"Pivetta, Nick",Sweeper,529,0.6876455568643787,0.9703671571687236,1.189314437643398,2025,-0.2335287157103232,52.0
"Poche, Colin",Four-Seam,175,0.6801501632434068,1.0363589553330133,1.2396145081673444,2025,1.9900648448565332,30.0
"Pomeranz, Drew",Curveball,186,0.9022140486890418,1.07721647654127,1.4051282955601816,2025,0.94261362199113,41.0
"Pomeranz, Drew",Four-Seam,614,0.7130895368821745,0.724469962489505,1.016539922561027,2025,-0.9753850749777455,60.0
"Poulin, PJ",Four-Seam,186,0.8047132547571867,0.709724902071353,1.0729738389178445,2025,-0.22517880526129314,52.0
"Poulin, PJ",Sweeper,101,0.865463721787624,0.6707396365134644,1.0949516490332805,2025,-1.1686416851336134,62.0
"Povich, Cade",Curveball,430,0.724004301418756,0.8587640544131485,1.1232354738099086,2025,-1.1495293580886095,61.0
"Povich, Cade",Four-Seam,733,0.7364390389011082,0.8080596785398054,1.0932990908710396,2025,0.04501565284513071,50.0
"Povich, Cade",Offspeed,296,0.8947234126836021,1.1862290962946729,1.4858228205611421,2025,2.6288113058601477,24.0
"Povich, Cade",Sinker,242,0.8117960862964735,0.7451222904245373,1.101916563726029,2025,0.7736277771384482,42.0
"Povich, Cade",Sweeper,203,0.8207255513496311,0.9254452436719061,1.2369475856612153,2025,0.23850454169962715,48.0
"Pressly, Ryan",Curveball,159,0.7555290639540496,0.9582891925922715,1.2203042010574372,2025,-0.429107833924718,54.0
"Pressly, Ryan",Four-Seam,239,0.5804785764749045,0.8558985448809359,1.034174886987513,2025,-0.7409540495758,57.0
"Pressly, Ryan",Slider,134,0.6255640780287943,0.8865896180742572,1.0850675401084822,2025,-0.7623834635691271,58.0
"Priester, Quinn",Curveball,230,0.7362419198335378,0.9384285326936681,1.1927700010872861,2025,-0.633460264121382,56.0
"Priester, Quinn",Cutter,508,0.8051791011475986,0.8562419075004188,1.175356792248554,2025,1.1161993512774249,39.0
"Priester, Quinn",Sinker,1029,0.8390336482392763,0.7320096934995058,1.1134700958063266,2025,0.9290030615474059,41.0
"Priester, Quinn",Slider,664,0.7328036672768651,0.8117963786359695,1.0936245128657718,2025,-0.6765858165203763,57.0
"Pérez, Cionel",Sinker,186,0.8316329790141103,0.9100877179144168,1.2328313210178246,2025,2.534207789049279,25.0
"Pérez, Cionel",Slider,100,0.7600120325164302,0.8668669654735834,1.1528558562973665,2025,-0.0826947241783948,51.0
"Pérez, Eury",Curveball,154,0.7711421916534125,1.0393010403176437,1.294143319788564,2025,0.11890893695090121,49.0
"Pérez, Eury",Four-Seam,859,0.6925693403977264,0.8318924812759867,1.0824497178448798,2025,-0.0992108724815032,51.0
"Pérez, Eury",Offspeed,131,0.8333472285448185,0.9722137896384695,1.280494926224436,2025,1.0407658539694886,40.0
"Pérez, Eury",Slider,366,0.8581304455872452,0.8435050193863014,1.2032824187918847,2025,0.4229140388155913,46.0
"Pérez, Eury",Sweeper,130,0.9119451228279621,0.8053309653545071,1.2166354716218533,2025,0.03721628438570722,50.0
"Pérez, Martín",Cutter,255,0.7484804293821673,0.9412769736064055,1.2025910752245534,2025,1.4574247861003724,35.0
"Pérez, Martín",Offspeed,260,0.6446392509216062,0.6407429727949536,0.9089066624328839,2025,-1.8331692934998052,68.0
"Pérez, Martín",Sinker,280,0.8097978089758193,0.7232710000852504,1.085768589979631,2025,0.5564650951086274,44.0
"Quantrill, Cal",Curveball,236,0.8246398851061605,1.2404535911212249,1.489548942409562,2025,1.5691640342474187,34.0
"Quantrill, Cal",Cutter,432,0.6193676722758409,0.9128823156680831,1.1031638299545155,2025,0.2116748968737977,48.0
"Quantrill, Cal",Four-Seam,301,0.6016931108283629,0.9159204303577714,1.095876286067491,2025,0.07927568864410767,49.0
"Quantrill, Cal",Offspeed,425,0.696713561394905,1.044720332475003,1.2557270243640744,2025,0.8492061341891732,42.0
"Quantrill, Cal",Sinker,442,0.6801399619556154,0.7343347726042577,1.0009185411934045,2025,-0.5846232206243714,56.0
"Quantrill, Cal",Slider,168,0.7333801853425546,1.0026301460738611,1.2422212790276828,2025,0.8133397982228051,42.0
"Quintana, Jose",Curveball,484,0.9346046923218815,0.8019955310409,1.2315367484243636,2025,-0.3457424790490031,53.0
"Quintana, Jose",Four-Seam,255,0.6454446804886834,0.7652533344277045,1.0011051400446702,2025,-1.1805679040812214,62.0
"Quintana, Jose",Offspeed,482,0.6911138026975632,0.7900192340137698,1.049651693844577,2025,-0.744620132989611,57.0
"Quintana, Jose",Sinker,953,0.7291561164605158,0.6993008060913771,1.0102921654510795,2025,-0.45856397529084864,55.0
"Ragans, Cole",Curveball,138,0.9260415071357756,1.0653603401030487,1.4115755478198049,2025,0.9904636292102691,40.0
"Ragans, Cole",Four-Seam,534,0.6400144548440936,0.7575275434074692,0.9916987856352035,2025,-1.30561161021955,63.0
"Ragans, Cole",Offspeed,207,0.6619714335205011,0.9277003426683217,1.1396640314514224,2025,-0.04844739030228915,50.0
"Ragans, Cole",Slider,149,0.7932313111690804,0.9413676862903979,1.23101138654797,2025,0.7009422920358757,43.0
"Rainey, Tanner",Four-Seam,106,0.7928336919387416,0.8839683769470248,1.1874280418263554,2025,1.2963222026514973,37.0
"Raley, Brooks",Sweeper,163,0.959826093383926,0.62691560346103,1.1464245737960943,2025,-0.6585571462087466,57.0
"Ramírez, Yohan",Curveball,116,1.0202073925481627,1.0396771883501392,1.456623417285872,2025,1.324798442299172,37.0
"Ramírez, Yohan",Four-Seam,270,0.7946723752718456,0.7460404889437281,1.0899910986625505,2025,0.0010407410333989737,50.0
"Ramírez, Yohan",Sweeper,147,1.0707158649835133,0.938274396221014,1.4236542087639477,2025,2.0887231216311615,29.0
"Rashi, Taylor",Four-Seam,178,0.6099707329953951,0.9866497905673426,1.159975044704635,2025,0.9313748112104585,41.0
"Rasmussen, Drew",Cutter,728,0.5877973311672966,0.8487488244701386,1.0324147759339937,2025,-0.6747584541617186,57.0
"Rasmussen, Drew",Four-Seam,816,0.5755971358490519,0.8167140977478907,0.9991666428868525,2025,-1.2063373848386323,62.0
"Rasmussen, Drew",Sinker,531,0.7545888122721865,0.7243281382254938,1.0459710930190946,2025,0.021256695977343972,50.0
"Rasmussen, Drew",Sweeper,109,0.874807997582762,0.8103890094759983,1.1924845404927693,2025,-0.20211374448579705,52.0
"Ray, Robbie",Curveball,370,0.7501605114869577,0.9996624100646274,1.2498262787646104,2025,-0.21000183736568664,52.0
"Ray, Robbie",Four-Seam,1593,0.6884554054975003,0.7487507651273785,1.0171521782101054,2025,-0.9672460327800751,60.0
"Ray, Robbie",Offspeed,399,0.7382954531150095,0.9552099194134697,1.2072722005563552,2025,0.47444720131944823,45.0
"Ray, Robbie",Slider,693,0.7085714078369818,0.9018704698104675,1.146927976954192,2025,-0.14213140979831765,51.0
"Rea, Colin",Curveball,234,0.6699887662412243,0.7761523509920314,1.0253279567240403,2025,-1.8761761854054821,69.0
"Rea, Colin",Cutter,185,0.8519565024897955,0.7342779993312085,1.1247195483481591,2025,0.48175211492554737,45.0
"Rea, Colin",Four-Seam,1051,0.746886011657584,0.7069188866542244,1.0283836962526296,2025,-0.8179394491175147,58.0
"Rea, Colin",Offspeed,306,0.7715054752878998,0.837107120249046,1.1384063550291956,2025,-0.058174501802259596,51.0
"Rea, Colin",Sinker,268,0.9607701412544022,0.6710984368381823,1.1719438451788786,2025,1.7153751749474158,33.0
"Rea, Colin",Slider,254,0.768457601682587,0.7395310710058336,1.0665051760618833,2025,-0.9485015223772235,59.0
"Rea, Colin",Sweeper,235,0.8484650450354667,0.8427638592805501,1.1958862216601058,2025,-0.1684038867731109,52.0
"Reynolds, Sean",Four-Seam,256,0.7134761779043514,0.8806402531486798,1.1333911557369647,2025,0.577980939856657,44.0
"Reynolds, Sean",Slider,158,0.7948512921984642,0.9544978102065467,1.2421170018958203,2025,0.8122942494278567,42.0
"Ribalta, Orlando",Four-Seam,184,0.6492257566755489,0.7898815171687534,1.0224514141492254,2025,-0.8968004517734632,59.0
"Ribalta, Orlando",Offspeed,105,0.7135835021093438,1.0960937764500205,1.3079078642072244,2025,1.252782792180233,37.0
"Ribalta, Orlando",Slider,117,0.7034992468814517,0.842865474652469,1.0978767684598765,2025,-0.6339499995121626,56.0
"Richardson, Lyon",Four-Seam,138,0.9284773749417907,0.8885621900101556,1.2851509643985186,2025,2.5954053416829383,24.0
"Richardson, Lyon",Offspeed,273,0.8147241298097034,0.6749381578569416,1.0579777524246436,2025,-0.680224793510954,57.0
"Richardson, Lyon",Sinker,196,0.8101841471066186,0.7508000906190514,1.1045809740786119,2025,0.8094595481879872,42.0
"Robert, Daniel",Sweeper,106,0.8201206461614837,0.7992787331249681,1.145183115264185,2025,-0.6708597073272634,57.0
"Robertson, David",Curveball,104,0.6007994510480211,0.9042151014897942,1.0856173037225423,2025,-1.428722669869536,64.0
"Robertson, David",Cutter,151,0.70183380570432,0.789391148388878,1.056271307943239,2025,-0.375853742207444,54.0
"Rocker, Kumar",Cutter,286,0.7670890604954035,0.9099627866412185,1.1901503685684311,2025,1.3015519275426093,37.0
"Rocker, Kumar",Four-Seam,228,0.6738448550367926,0.7428273898557345,1.002925430816987,2025,-1.1563698041041655,62.0
"Rocker, Kumar",Sinker,293,0.7654094121241379,0.752598350346376,1.0734318073880171,2025,0.39055642834408943,46.0
"Rocker, Kumar",Slider,180,0.8085286806092202,0.9876242900714963,1.2763699956152659,2025,1.1557365331491067,38.0
"Rodriguez, Eduardo",Curveball,121,0.7240617477126639,0.8096815296856058,1.0862088169476163,2025,-1.4243325962458835,64.0
"Rodriguez, Eduardo",Cutter,403,0.7842618823052145,0.78415791479018,1.1090402767100036,2025,0.2853024310050411,47.0
"Rodriguez, Eduardo",Four-Seam,1207,0.681414559733943,0.9059164178433816,1.133582973732222,2025,0.5805308791835088,44.0
"Rodriguez, Eduardo",Offspeed,531,0.6116453380319474,0.7982077744760414,1.0056071155129176,2025,-1.0852693785584326,61.0
"Rodriguez, Eduardo",Sinker,227,0.8185105780786412,0.8332088544944002,1.1679882540652975,2025,1.6621792267294415,33.0
"Rodríguez, Elvin",Four-Seam,154,0.65899020842347,0.7991375026088802,1.0358034769559168,2025,-0.7193043310383003,57.0
"Rodríguez, Manuel",Sinker,147,0.7831115770802951,0.7978291125210587,1.1179423218320912,2025,0.9891468674298767,40.0
"Rodríguez, Manuel",Slider,214,0.7694867157559415,0.9178386232924275,1.197721814167298,2025,0.36715988293709934,46.0
"Rodríguez, Randy",Four-Seam,448,0.8134587556457897,0.8577915283232702,1.1821681154556523,2025,1.2263991847875826,38.0
"Rodríguez, Randy",Slider,360,0.7240429461677523,0.8165278007568072,1.091309230834243,2025,-0.6998003055919003,57.0
"Rodríguez, Yariel",Four-Seam,473,0.9289387291602226,0.7954388727733352,1.2229677685256974,2025,1.7687708207002193,32.0
"Rodríguez, Yariel",Offspeed,138,0.8320038409996102,0.9541496516295584,1.2659510058224657,2025,0.9282803744801099,41.0
"Rodríguez, Yariel",Slider,478,0.891820603996334,0.8772847921617876,1.2509886475387124,2025,0.9012470068106605,41.0
"Rodón, Carlos",Curveball,123,0.9137292686341694,1.43691995412103,1.702832972111451,2025,3.152108511986656,20.0
"Rodón, Carlos",Four-Seam,1343,0.7078718985815446,0.8819275861717057,1.1308752769656307,2025,0.5445360161308689,45.0
"Rodón, Carlos",Offspeed,519,0.7865166889108527,1.0316005596817293,1.2972309804622104,2025,1.1702057184396797,38.0
"Rodón, Carlos",Sinker,310,0.7143911341599425,0.8531310731635475,1.1127386578004357,2025,0.9191664689449904,41.0
"Rodón, Carlos",Slider,912,0.7713271988526825,0.9573804911304501,1.2294401378217272,2025,0.685187953736139,43.0
"Rogers, Taylor",Sinker,439,0.6928712268476409,0.7004348734496568,0.9852307084829379,2025,-0.7955977911893,58.0
"Rogers, Taylor",Sweeper,455,0.8660891940932611,0.7870510591162165,1.170281958239583,2025,-0.4221360957266536,54.0
"Rogers, Trevor",Cutter,191,0.9424958480460123,0.6065370550560879,1.120796869526358,2025,0.43260384882948516,46.0
"Rogers, Trevor",Four-Seam,665,0.7338730424315206,0.6463733661783478,0.9779407808821682,2025,-1.4885041346237864,65.0
"Rogers, Trevor",Offspeed,407,0.7390366286759587,0.6065096579849749,0.9560486931918154,2025,-1.4685637547275336,65.0
"Rogers, Trevor",Sinker,242,0.7669104998389371,0.621878711517482,0.9873625709949977,2025,-0.766927879526792,58.0
"Rogers, Trevor",Sweeper,122,0.9788084409802003,0.6371533527472268,1.1679171028164295,2025,-0.445571254962343,54.0
"Rogers, Tyler",Sinker,729,0.7274514919949401,0.5724375915619527,0.9256729819104117,2025,-1.5965475475618893,66.0
"Rogers, Tyler",Slider,249,0.9821785153376553,0.7320746741400803,1.224993046718301,2025,0.6405985920883105,44.0
"Rolison, Ryan",Curveball,226,0.7425523841819799,1.0300693503495029,1.2698137303493728,2025,-0.06165961898954975,51.0
"Rolison, Ryan",Four-Seam,315,0.7203303638709905,0.9172576648185493,1.1662921832812272,2025,1.0153519170498364,40.0
"Rolison, Ryan",Slider,112,0.756729602584616,0.8745195609979366,1.1564705590700934,2025,-0.04645141693911859,50.0
"Romano, Jordan",Four-Seam,258,0.8094502279807696,0.865922098910429,1.185339931395025,2025,1.2685638325334336,37.0
"Romano, Jordan",Slider,443,0.7450574842802673,0.884181634693348,1.1562386509761045,2025,-0.04877667487322447,50.0
"Romero, JoJo",Offspeed,223,0.7919025838271828,0.8038076382480753,1.1283689208668046,2025,-0.13580594940332436,51.0
"Romero, JoJo",Sinker,319,0.7152360970221532,0.6691341051559078,0.9794402101028323,2025,-0.8734701099248658,59.0
"Romero, JoJo",Sweeper,375,0.8705583603567195,0.8032800557206214,1.1845381828820483,2025,-0.28086027339734304,53.0
"Ross, Joe",Four-Seam,307,0.6648842467845472,0.7064898959537251,0.9701541293562379,2025,-1.59201626300267,66.0
"Ross, Joe",Sinker,246,0.8018706435774835,0.7296233703132807,1.084134120641297,2025,0.5344842725743285,45.0
"Ross, Joe",Slider,190,0.7017261406606535,0.6859717227217933,0.9813138034596274,2025,-1.8026843654744282,68.0
"Roupp, Landen",Curveball,660,0.9003848883278086,0.6051234422216859,1.0848351614209886,2025,-1.4345275481756203,64.0
"Roupp, Landen",Cutter,124,0.8373023333558512,0.6283764976861259,1.0468678141424708,2025,-0.49367256871555415,55.0
"Roupp, Landen",Offspeed,315,0.8268988782870199,0.6080790240393007,1.0264121269689481,2025,-0.9243594158570034,59.0
"Roupp, Landen",Sinker,739,0.8467955142037346,0.6566586504635843,1.0715704485026745,2025,0.3655243287067455,46.0
"Roycroft, Chris",Four-Seam,112,0.7500669940656491,0.7886851418977092,1.0884046805471246,2025,-0.020048364480018274,50.0
"Roycroft, Chris",Sinker,190,0.8980010328727881,0.5822679044393254,1.0702531324788345,2025,0.34780867686641703,47.0
"Ruiz, José",Four-Seam,115,0.7056269127375517,0.8425925263126711,1.0990320765917152,2025,0.12122730196499826,49.0
"Rutledge, Jackson",Cutter,175,0.7795257886067699,0.815729368576829,1.1283061897648876,2025,0.5266900807260682,45.0
"Rutledge, Jackson",Four-Seam,250,0.8311591032803644,0.8574070575422043,1.1941408280805912,2025,1.385558864933677,36.0
"Rutledge, Jackson",Offspeed,126,0.9423450633215603,1.0511789130886764,1.4117334471099021,2025,2.0557898324614556,29.0
"Rutledge, Jackson",Sinker,437,0.753545003898777,0.694096044418735,1.0244995811509843,2025,-0.26749848642156493,53.0
"Rutledge, Jackson",Slider,351,0.9707526397610041,1.0901669516109729,1.4597344518739424,2025,2.9942651045958084,20.0
"Ryan, Joe",Curveball,109,0.9204695987628466,1.0384375068185647,1.3876659316327518,2025,0.8130120170991294,42.0
"Ryan, Joe",Four-Seam,1404,0.6459135651999132,0.6703778287930167,0.9309193128550409,2025,-2.1135856884571678,71.0
"Ryan, Joe",Offspeed,310,0.7580841378684584,0.9075747264444344,1.1825326397898934,2025,0.2831066770138383,47.0
"Ryan, Joe",Sinker,346,0.7689684416172861,0.6699027610549753,1.0198441907822964,2025,-0.33010554005178055,53.0
"Ryan, Joe",Slider,258,0.7681245627048734,0.738955365471566,1.0658660215945384,2025,-0.9549100912665167,60.0
"Ryan, Joe",Sweeper,367,1.0268865751905705,0.6841525749919096,1.23392089867004,2025,0.20851078778963222,48.0
"Saalfrank, Andrew",Curveball,191,0.6334482908836341,1.0995989840555396,1.2690053833453079,2025,-0.06765898250481227,51.0
"Saalfrank, Andrew",Sinker,195,0.6742962019865567,0.8404265703736367,1.0774934747846452,2025,0.44517892149506905,46.0
"Sabrowski, Erik",Four-Seam,342,0.716285038025283,0.9604952635445678,1.1981716934523323,2025,1.439143316793145,36.0
"Salazar, Eduardo",Four-Seam,119,0.6946284790245132,0.905733008191258,1.1414293696935847,2025,0.6848372223349171,43.0
"Salazar, Eduardo",Sinker,245,0.7091111472072532,0.7593830807190818,1.0389905112059445,2025,-0.07262021344049543,51.0
"Salazar, Eduardo",Slider,173,0.8453354035933817,0.9348141029216165,1.26034493357554,2025,0.9950590767849425,40.0
"Sale, Chris",Four-Seam,846,0.7624932782261402,0.6722979075680902,1.0165532331661133,2025,-0.9752081299766868,60.0
"Sale, Chris",Offspeed,154,0.8609023432441026,0.6367456223001056,1.0707930855779446,2025,-0.5811085404840265,56.0
"Sale, Chris",Slider,960,0.9198229629963686,0.690387475616441,1.150090931076087,2025,-0.11041762163058606,51.0
"Sandlin, Nick",Slider,141,1.036979587489012,0.5994957400432505,1.197798734011222,2025,0.36793113017689033,46.0
"Sands, Cole",Curveball,213,1.034071555704866,0.9182544445584321,1.3829299357773686,2025,0.7778625570277251,42.0
"Sands, Cole",Cutter,272,0.7502491247954247,0.7802708338385359,1.082449224395946,2025,-0.04786379908297677,50.0
"Sands, Cole",Four-Seam,304,0.7102549801343375,0.7884546833726209,1.0611893914555723,2025,-0.381835775786655,54.0
"Sands, Cole",Offspeed,247,0.6687164084813514,0.8127410312117537,1.0524873485165238,2025,-0.72268863401104,57.0
"Sands, Cole",Sinker,103,0.6698989569377904,0.7405974527319502,0.9986236525835911,2025,-0.615485555013411,56.0
"Santana, Dennis",Cutter,103,0.729749338412391,0.7923342302575646,1.0771850487967096,2025,-0.1138200282011357,51.0
"Santana, Dennis",Four-Seam,287,0.6789244485242525,0.7875743193091936,1.0398133078775729,2025,-0.6659995013874712,57.0
"Santana, Dennis",Slider,466,0.7357914701779285,0.7650799438778209,1.0614784068037781,2025,-0.9989031056047746,60.0
"Santillan, Tony",Curveball,265,0.8491752810176914,0.9342633890252968,1.2625160347356021,2025,-0.11582141904643352,51.0
"Santillan, Tony",Four-Seam,799,0.6892399177835018,0.7883152894524392,1.0471354543948417,2025,-0.5686622868247617,56.0
"Santillan, Tony",Slider,165,0.8872056622311968,1.0259172475767468,1.3563333240654911,2025,1.9574996830167055,30.0
"Sasaki, Roki",Four-Seam,273,0.7185559632506886,0.7637963821560034,1.0486694358651465,2025,-0.5482702497140409,55.0
"Sasaki, Roki",Offspeed,193,0.9399595003937526,1.0369794796300424,1.3995893338955776,2025,1.9618649236245287,30.0
"Saucedo, Tayler",Sinker,115,0.7854572399959341,0.6342223984736219,1.0095450096888519,2025,-0.4686119448855215,55.0
"Sauer, Matt",Cutter,163,0.7789600172949758,0.8509942555969998,1.1536767015083909,2025,0.8445638396565573,42.0
"Sauer, Matt",Four-Seam,112,0.6877360305995622,0.889817731983303,1.1246139088312714,2025,0.4613002966443958,45.0
"Scherzer, Max",Curveball,165,0.7679240626833921,0.9327196886445381,1.2081694349855614,2025,-0.519169246253534,55.0
"Scherzer, Max",Four-Seam,674,0.7477411832313637,0.7195082009179796,1.0376940436797677,2025,-0.6941720152056972,57.0
"Scherzer, Max",Offspeed,195,0.8075916908841158,0.8256028618037841,1.1549131675600826,2025,0.06949236318735802,49.0
"Scherzer, Max",Slider,332,0.7019347045266673,0.823348060318339,1.0819493323852605,2025,-0.7936485959062323,58.0
"Schlittler, Cam",Curveball,186,0.7241330466686449,1.0335295604873445,1.2619635579836597,2025,-0.11992177304288143,51.0
"Schlittler, Cam",Cutter,247,0.7889872535980678,0.8763867733242748,1.1792178182159374,2025,1.164575152679803,38.0
"Schlittler, Cam",Four-Seam,700,0.7026434438933862,0.8151494146776785,1.076186032940272,2025,-0.18247739003548863,52.0
"Schmidt, Clarke",Curveball,223,0.8685352784648861,1.0083333527477722,1.3308229334519452,2025,0.3911365011769345,46.0
"Schmidt, Clarke",Cutter,501,0.7744430069827212,0.7448889405159809,1.0745331566626781,2025,-0.14704627643157003,51.0
"Schmidt, Clarke",Sinker,102,0.7847629116825885,0.7753414544592061,1.1031804922837656,2025,0.7906254586929754,42.0
"Schmidt, Clarke",Slider,158,0.889014591982134,0.6592612217486167,1.1067846688758562,2025,-0.5446337287335077,55.0
"Schmidt, Clarke",Sweeper,149,1.0439889090813668,0.7363243594192164,1.2775313712621783,2025,0.6406802809156009,44.0
"Schreiber, John",Cutter,196,0.8049413398957587,0.5804174842313461,0.9923784644351288,2025,-1.176383843453091,62.0
"Schreiber, John",Four-Seam,331,0.7444251571018919,0.7106008900150155,1.029136744760534,2025,-0.8079287720548333,58.0
"Schreiber, John",Sinker,203,0.7878252405035179,0.5838397906910534,0.980580190891392,2025,-0.858139314284867,59.0
"Schreiber, John",Sweeper,296,1.0143052907780488,0.6266664422793757,1.1922776743608983,2025,-0.2041637390408149,52.0
"Schultz, Paxton",Cutter,129,0.8286268514031168,0.7917605601753527,1.1460834365417867,2025,0.7494258423669381,43.0
"Schultz, Paxton",Four-Seam,166,0.7078703428265324,0.733920545371054,1.0196665088013326,2025,-0.9338216898414756,59.0
"Schwellenbach, Spencer",Curveball,180,0.717679918835683,0.8174933028788071,1.0878234076134294,2025,-1.412349479732985,64.0
"Schwellenbach, Spencer",Cutter,177,0.7143926079009206,0.6667124568392896,0.9771705574402865,2025,-1.3669276768132408,64.0
"Schwellenbach, Spencer",Four-Seam,555,0.6616146241246317,0.6851268991592917,0.9524351835202246,2025,-1.8275636982523513,68.0
"Schwellenbach, Spencer",Offspeed,218,0.7174645766686281,0.8250613699260818,1.0933808498956785,2025,-0.4064104240443112,54.0
"Schwellenbach, Spencer",Sinker,158,0.6133767740447257,0.655049185106853,0.8973965131683244,2025,-1.9768177837414456,70.0
"Schwellenbach, Spencer",Slider,285,0.7254522261400842,0.8042314165522629,1.0830831472150526,2025,-0.7822802478532045,58.0
"Scott, Tanner",Four-Seam,470,0.6836575535070581,0.806411131362293,1.0572069633010697,2025,-0.43477632577990927,54.0
"Scott, Tanner",Slider,429,0.6977063853512081,0.8392431244198937,1.0913859180170475,2025,-0.6990313911603534,57.0
"Scott, Tayler",Four-Seam,256,0.8100116559074554,0.6297941476296847,1.0260407160997749,2025,-0.8490859389230283,58.0
"Scott, Tayler",Offspeed,155,0.7913339582261545,0.6503636781170898,1.02429602520749,2025,-0.9407257541418095,59.0
"Sears, JP",Four-Seam,949,0.791490265984867,0.7261239272301817,1.074110235890608,2025,-0.2100720717774129,52.0
"Sears, JP",Offspeed,354,0.82424894146375,0.6916544784723562,1.0759982505073973,2025,-0.5408507931416073,55.0
"Sears, JP",Sinker,160,0.6930200115517541,0.5806924455193927,0.9041462562519884,2025,-1.8860452611896503,69.0
"Sears, JP",Slider,161,0.8689073462112067,0.6094819878202108,1.0613520951018458,2025,-1.0001695870028,60.0
"Sears, JP",Sweeper,640,0.8879592382624537,0.6653621509694554,1.109584787548179,2025,-1.0236307352645253,60.0
"Senga, Kodai",Cutter,389,0.7006895515577037,0.8972106334082988,1.138399213089616,2025,0.6531482024872916,43.0
"Senga, Kodai",Four-Seam,597,0.6789482044969611,0.934041444267125,1.154731173909436,2025,0.8616652287092581,41.0
"Senga, Kodai",Offspeed,542,0.7125226399262924,1.0215145652693178,1.2454639775862233,2025,0.7698297551990836,42.0
"Senga, Kodai",Sinker,114,0.7172215580447185,0.986271432116653,1.2194827186694885,2025,2.3546918737499487,26.0
"Senga, Kodai",Sweeper,148,0.7420057768328315,0.9998742273896415,1.2451188872759607,2025,0.3194802126136018,47.0
"Senzatela, Antonio",Curveball,339,0.9079819022825459,1.0300776690420632,1.3731318724477126,2025,0.7051436091444894,43.0
"Senzatela, Antonio",Four-Seam,1299,0.7527437297613945,0.7589454370623793,1.0689346561567274,2025,-0.27887382463158256,53.0
"Senzatela, Antonio",Offspeed,180,0.73081915432117,0.7649589997702486,1.0579503332634332,2025,-0.6804368585808048,57.0
"Senzatela, Antonio",Slider,412,0.8329196800047326,0.8485243251447271,1.1890116583539039,2025,0.27982632521593087,47.0
"Severino, Luis",Cutter,481,0.6580881740566954,0.7096409527393074,0.9678173002369957,2025,-1.4841170758885294,65.0
"Severino, Luis",Four-Seam,766,0.7130125074730719,0.7862233217496505,1.061383035230963,2025,-0.37926156538681116,54.0
"Severino, Luis",Offspeed,147,0.8441823936867743,0.8883165993749074,1.225459217818256,2025,0.6151090930683437,44.0
"Severino, Luis",Sinker,551,0.7572042679963786,0.744896517571415,1.0621813053156006,2025,0.2392563802638778,48.0
"Severino, Luis",Slider,109,0.8437978741523638,0.9324909325383721,1.257590629612964,2025,0.967442674822607,40.0
"Severino, Luis",Sweeper,677,0.9072045568589224,0.7895838208695788,1.2026897846762468,2025,-0.10098218264174436,51.0
"Sewald, Paul",Four-Seam,186,0.8073112566265837,0.5660481983557919,0.985982772637449,2025,-1.3815976318449676,64.0
"Sewald, Paul",Sweeper,131,0.781529364522669,0.7292863167539386,1.0689465278561567,2025,-1.4263462998692715,64.0
"Seymour, Carson",Four-Seam,136,0.6716352908688088,0.8884216424527637,1.1137266175857052,2025,0.3165697041225088,47.0
"Seymour, Carson",Sinker,263,0.7024729535044465,0.7768711878317974,1.0473762900163666,2025,0.04015419689605149,50.0
"Seymour, Carson",Slider,131,0.9730866604542172,1.1533293859796399,1.5089951362804699,2025,3.4881840329330136,20.0
"Seymour, Ian",Cutter,214,0.6724580151414322,0.8941826691913454,1.1188218928900675,2025,0.40785885142759815,46.0
"Seymour, Ian",Four-Seam,317,0.7027684523501095,0.8138928533414095,1.0753162671227425,2025,-0.19403965279552807,52.0
"Seymour, Ian",Offspeed,314,0.7139374326826565,0.9266323545111887,1.1697667195695267,2025,0.18437259312016144,48.0
"Sheehan, Emmet",Four-Seam,536,0.6364102527734354,0.7570698525071501,0.9890261732686076,2025,-1.3411400775558373,63.0
"Sheehan, Emmet",Offspeed,191,0.7139037025717072,1.0379394977875755,1.2597527128818247,2025,0.8803415839632713,41.0
"Sheehan, Emmet",Slider,348,0.6876499477679459,0.8671827264337494,1.106737697781335,2025,-0.5451046907785595,55.0
"Shugart, Chase",Cutter,176,0.75856990719805,0.775958593860805,1.0851451716212424,2025,-0.01408557312336007,50.0
"Shugart, Chase",Four-Seam,128,0.7100493779604543,0.9357992429164875,1.1746873380543008,2025,1.1269532049381081,39.0
"Shugart, Chase",Sinker,140,0.7364625955675604,0.7620652397581643,1.0597738363999067,2025,0.20688003293719703,48.0
"Shugart, Chase",Sweeper,199,0.9788312999055705,0.725527998908139,1.21840124379224,2025,0.05471466994527016,49.0
"Shuster, Jared",Offspeed,102,0.7441860680315753,0.8178005828686811,1.1057172772425377,2025,-0.31099812069387944,53.0
"Simpson, Josh",Curveball,145,0.9025823410764373,0.8506813515211827,1.240287726396149,2025,-0.2807947552338774,53.0
"Simpson, Josh",Sinker,136,0.6992018316401752,0.830089741140324,1.085325840342607,2025,0.5505108682716335,44.0
"Simpson, Josh",Sweeper,158,0.9693530863730085,0.8001995796364926,1.256966496495152,2025,0.436887224431572,46.0
"Sims, Lucas",Four-Seam,125,0.7708826607445708,1.0341707874372146,1.289871813098161,2025,2.6581621113967713,23.0
"Sims, Lucas",Sweeper,123,0.8516145374953307,0.9955569027929211,1.3101071968247557,2025,0.9634990256974905,40.0
"Singer, Brady",Cutter,264,0.7988587874970086,0.9019453963160246,1.2048571949807418,2025,1.4858175915892373,35.0
"Singer, Brady",Four-Seam,304,0.8244296133123231,0.7925370952541401,1.1435905012985097,2025,0.7135663020154075,43.0
"Singer, Brady",Sinker,1157,0.7877843884471206,0.7102385950377443,1.0606804912706715,2025,0.21907299327406918,48.0
"Singer, Brady",Slider,809,0.8034713503431493,0.6600611357384204,1.0398302331316094,2025,-1.2159614528330653,62.0
"Singer, Brady",Sweeper,316,0.8940428466185489,0.7368759229054958,1.1585761681251796,2025,-0.5381377136796,55.0
"Sisk, Evan",Sinker,103,1.03972403825164,0.7491617116608512,1.2815105719177327,2025,3.1888606173637055,20.0
"Skenes, Paul",Curveball,144,0.832793965705874,0.8602554700309057,1.1973242096584413,2025,-0.5996599870061238,56.0
"Skenes, Paul",Four-Seam,1167,0.755133707835432,0.7124150627414638,1.0381532345131963,2025,-0.6880677455665613,57.0
"Skenes, Paul",Offspeed,731,0.7948691102995015,0.6383759565182404,1.0194806346218155,2025,-0.9779689116940778,60.0
"Skenes, Paul",Sinker,312,0.7589171850377425,0.5366614154216054,0.9294948996890365,2025,-1.5451492775164752,65.0
"Skenes, Paul",Slider,168,0.9511345107053959,0.7664577939907335,1.2215213495571555,2025,0.6057891499946259,44.0
"Skenes, Paul",Sweeper,475,0.9285523869117264,0.6999926354192375,1.1628410144472177,2025,-0.4958740929549852,55.0
"Skubal, Tarik",Four-Seam,835,0.6982084147323429,0.8059206549262128,1.0663034710811679,2025,-0.3138515768043804,53.0
"Skubal, Tarik",Offspeed,898,0.6747963295150705,0.8574488777604609,1.0911318271866537,2025,-0.42380479851935887,54.0
"Skubal, Tarik",Sinker,681,0.6703807730858814,0.6942115024157457,0.9650595789947639,2025,-1.0668650503523731,61.0
"Skubal, Tarik",Slider,356,0.7161654361027996,0.8390040010172537,1.1030959367123392,2025,-0.5816193016924961,56.0
"Slaten, Justin",Cutter,171,0.6167512657887545,0.8187679541736474,1.0250673571203655,2025,-0.7668161808775652,58.0
"Slaten, Justin",Four-Seam,181,0.6571555311301356,0.9763289089947292,1.1768906196557813,2025,1.1562426070935536,38.0
"Smith, Cade",Four-Seam,826,0.7067041086630721,0.7550045488151242,1.0341482320889963,2025,-0.7413083874151125,57.0
"Smith, Cade",Offspeed,251,0.7661402316260156,0.7856743572668791,1.0973855522024556,2025,-0.375437285664854,54.0
"Smith, Cade",Sweeper,105,0.9056090493550809,0.9322101050973255,1.2996705083671707,2025,0.8600739057082775,41.0
"Smith, Shane",Curveball,353,0.9959332143406143,1.0840150065688383,1.4720636881240114,2025,1.4393925424396874,36.0
"Smith, Shane",Four-Seam,1089,0.7338447814470028,0.7050086683416327,1.0176273314400717,2025,-0.9609295664561204,60.0
"Smith, Shane",Offspeed,406,0.7786627002549606,0.8436032797241217,1.1480340127059134,2025,0.016287655593656806,50.0
"Smith, Shane",Sinker,300,0.7823313370084287,0.67911643910603,1.0359736766585577,2025,-0.11319148831619863,51.0
"Smith, Shane",Slider,268,0.7422188362998743,0.8167941390776445,1.103649159194139,2025,-0.576072341502344,56.0
"Smith-Shawver, AJ",Curveball,108,0.8790926091728014,0.9692936693526483,1.3085618185433063,2025,0.22591968226085568,48.0
"Smith-Shawver, AJ",Four-Seam,332,0.7122204634492314,0.7377119328044945,1.0254154691431083,2025,-0.8573976815291342,59.0
"Smith-Shawver, AJ",Offspeed,241,0.7966616292901797,1.056591028010635,1.3232741031456234,2025,1.3716282414925112,36.0
"Snell, Blake",Curveball,223,0.5845393772754962,1.0235594470719032,1.178711256108028,2025,-0.7378010005561075,57.0
"Snell, Blake",Four-Seam,448,0.6925272129615574,0.8706960737379383,1.1125221766396227,2025,0.30055842566468893,47.0
"Snell, Blake",Offspeed,243,0.4920675010791562,0.7205075955546623,0.8725030778571764,2025,-2.1147216227861945,71.0
"Snell, Blake",Slider,114,0.5131700837547247,0.8623589585989369,1.003497139177125,2025,-1.5802601434699324,66.0
"Snider, Collin",Cutter,105,0.8104111051537576,0.7524754000298389,1.1058866971831252,2025,0.24579041057637213,48.0
"Snider, Collin",Four-Seam,118,0.827668169541884,0.6494015372913976,1.0520251686671966,2025,-0.5036606966276715,55.0
"Snider, Collin",Sweeper,149,0.9143783668312581,0.6682540570980348,1.1325419562016157,2025,-0.796130610848271,58.0
"Soriano, George",Four-Seam,123,0.7594230167674023,0.8341599341631197,1.1280718568243435,2025,0.5072686509998474,45.0
"Soriano, George",Offspeed,213,0.8395139513688634,0.830610635484965,1.1809732013571264,2025,0.27104568004769675,47.0
"Soriano, George",Sinker,134,0.8370957117887232,0.7197780800538308,1.1039971536290516,2025,0.8016081597325998,42.0
"Soriano, George",Slider,111,0.8854659510333683,0.77676724698552,1.1778867969498985,2025,0.1682813946335584,48.0
"Soriano, George",Sweeper,111,0.7305323028874979,0.7474711952173673,1.0451749294935229,2025,-1.6619172305320495,67.0
"Soriano, José",Curveball,743,0.870238458525037,0.9434425593006232,1.2835103573387097,2025,0.03999356192009853,50.0
"Soriano, José",Four-Seam,239,0.9230198298941482,0.8293729479388634,1.2408968906200961,2025,2.0071122414991103,30.0
"Soriano, José",Offspeed,266,0.9352133782530797,0.9762432408317978,1.3519152814186655,2025,1.593144626493314,34.0
"Soriano, José",Sinker,1368,0.7307493449626985,0.7560206267775694,1.0514569859374001,2025,0.09503259121827799,49.0
"Soriano, José",Slider,168,0.9232197833758794,1.0974938896259843,1.4341644278753318,2025,2.737883793554243,23.0
"Soroka, Michael",Curveball,531,0.9235453021048379,0.9639246130170744,1.334948158027132,2025,0.4217529588172617,46.0
"Soroka, Michael",Four-Seam,694,0.7159283154194848,0.7987737093304726,1.0726568843469675,2025,-0.22939225209677017,52.0
"Soroka, Michael",Offspeed,154,0.9871709485094928,1.142017549266566,1.5095398518800176,2025,2.812243390623681,22.0
"Soroka, Michael",Sinker,148,0.6656469718745593,0.7533420645113877,1.0052910808955038,2025,-0.5258200256289897,55.0
"Soto, Gregory",Sinker,542,0.8226106204132375,0.8108370870180915,1.1550519531608245,2025,1.4882080620446605,35.0
"Soto, Gregory",Slider,335,0.8602492907404395,1.020119395772399,1.3344183841098989,2025,1.7377665674937306,33.0
"Sousa, Bennett",Four-Seam,295,0.6705709049181723,0.8847696380961255,1.1101723519433933,2025,0.2693209476789361,47.0
"Sousa, Bennett",Slider,418,0.6458486913914727,0.9756621419304017,1.1700586085185207,2025,0.08979100239825534,49.0
"Speier, Gabe",Four-Seam,412,0.6819104641085328,0.7765549319789654,1.0334599379954552,2025,-0.7504582493725656,58.0
"Speier, Gabe",Sinker,272,0.702567906260491,0.7035467775480035,0.9942734689739187,2025,-0.6739880987278725,57.0
"Speier, Gabe",Slider,237,0.8669883441332659,0.7700098777511705,1.1595619865696334,2025,-0.015454800144192276,50.0
"Spence, Mitch",Curveball,238,0.7666020240580927,0.8330811662002603,1.1321231791494908,2025,-1.0835668755402008,61.0
"Spence, Mitch",Cutter,610,0.7708369056764305,0.7981114176437313,1.1095816194071082,2025,0.29208505485346514,47.0
"Spence, Mitch",Sinker,126,0.7958650946537114,0.8349232683476736,1.1534721985884715,2025,1.4669630597137902,35.0
"Spence, Mitch",Slider,362,0.7966223241883729,0.6467663484342134,1.0261158983575935,2025,-1.3534700891024791,64.0
"Springs, Jeffrey",Cutter,167,0.8550867082059658,0.9112747004847187,1.249637890868402,2025,2.0468866103479457,30.0
"Springs, Jeffrey",Four-Seam,1211,0.7526186889884903,0.8580344537013035,1.1413404464721506,2025,0.6836551183352333,43.0
"Springs, Jeffrey",Offspeed,720,0.6571894775454056,0.7184948627993942,0.9737211496447653,2025,-1.3318815753066455,63.0
"Springs, Jeffrey",Slider,575,0.8163481650520696,0.755968329200505,1.1126151362165106,2025,-0.48617375775877436,55.0
"Springs, Jeffrey",Sweeper,174,0.8309008839183676,0.7939437369689442,1.149235805380487,2025,-0.6306985045414304,56.0
"Sproat, Brandon",Sinker,101,0.7697409693999437,0.6253489333656091,0.9917471696124321,2025,-0.7079625127049207,57.0
"Stanek, Ryne",Four-Seam,607,0.681941967054022,0.8587719293900915,1.0966011458766076,2025,0.0889116382391421,49.0
"Stanek, Ryne",Offspeed,127,0.7139431291447664,1.247674846536287,1.437500370202515,2025,2.2550761747220913,27.0
"Stanek, Ryne",Slider,231,0.6077067731483625,1.2018528797160244,1.3467582806918603,2025,1.8614942129575176,31.0
"Steele, Justin",Four-Seam,143,0.6559574568908724,0.7352436477041527,0.9853240110441077,2025,-1.390354902463018,64.0
"Stephenson, Robert",Cutter,109,0.6284840285398543,1.033421488662863,1.209525587724316,2025,1.5443091019129802,35.0
"Sterner, Justin",Cutter,351,0.7569982824058091,0.7818920499520369,1.0883021535141533,2025,0.025469076436756142,50.0
"Sterner, Justin",Four-Seam,570,0.7733443318240588,0.6963129973940715,1.0406311766924514,2025,-0.6551271332738,57.0
"Sterner, Justin",Sweeper,171,0.91855141269332,0.8662554633724805,1.2625906801428421,2025,0.49262155730619034,45.0
"Stewart, Brock",Four-Seam,332,0.6526459884184925,0.7436734814181297,0.9894427892320569,2025,-1.3356017784615941,63.0
"Strahm, Matt",Cutter,144,0.7846151527221323,0.8132679683411524,1.130055629697459,2025,0.5486092699411617,45.0
"Strahm, Matt",Four-Seam,373,0.7269635129022678,0.8376555317150214,1.109118000441784,2025,0.2553048885773304,47.0
"Strahm, Matt",Sinker,152,0.7271549057193583,0.7320497203537281,1.0318192913401554,2025,-0.16906087924401011,52.0
"Strahm, Matt",Slider,318,0.7388221503736013,1.0035278137930532,1.2461646130985011,2025,0.8528781717106918,41.0
"Stratton, Chris",Four-Seam,166,0.699401024682378,0.8944445622659742,1.1354262936421415,2025,0.605035117818503,44.0
"Stratton, Hunter",Four-Seam,160,0.7976293917140636,0.8015579623336447,1.1307996345536249,2025,0.5435304610426047,45.0
"Strickland, Hunter",Four-Seam,114,0.8561854021161089,0.5833119462558164,1.0360049562822908,2025,-0.7166259584634046,57.0
"Strickland, Hunter",Slider,108,0.8617270868131871,0.6953493729650773,1.107286919741432,2025,-0.53959784236144,55.0
"Strider, Spencer",Curveball,188,0.8432553408729009,1.1748286888002284,1.446133471688812,2025,1.2469445050969326,38.0
"Strider, Spencer",Four-Seam,1081,0.712657562466345,0.7541301123000437,1.037590009405521,2025,-0.6955549985221796,57.0
"Strider, Spencer",Slider,744,0.7244927056949001,0.7848848419191842,1.068145072394017,2025,-0.9320588795534426,59.0
"Stroman, Marcus",Curveball,173,1.0270756285587108,0.6777232803661813,1.2305255753252626,2025,-0.35324717068249073,54.0
"Stroman, Marcus",Cutter,118,0.7675513635061553,0.7434560933350975,1.0685794581299246,2025,-0.22164171822946466,52.0
"Stroman, Marcus",Sinker,266,0.8323280135468549,0.6563273805392253,1.0599695998378136,2025,0.2095127170056059,48.0
"Strowd, Kade",Cutter,167,0.7044205233257442,0.8341572318291561,1.0917996890892558,2025,0.06929061190640086,49.0
"Suarez, José",Four-Seam,123,0.8270447283035609,0.8145025885950647,1.1607831190376487,2025,0.9421169760318896,41.0
"Suarez, Ranger",Curveball,391,0.7814873208649186,0.7246651295090474,1.0657682593317332,2025,-1.5760376622332324,66.0
"Suarez, Ranger",Cutter,427,0.6467500724239698,0.6290824719585529,0.90223633971698,2025,-2.3057980354816157,73.0
"Suarez, Ranger",Four-Seam,352,0.7114339997382212,0.7485592017273778,1.0327048050988492,2025,-0.7604966353304193,58.0
"Suarez, Ranger",Offspeed,464,0.8429339510276107,0.8021118541226928,1.1635811412699857,2025,0.1365321400846303,49.0
"Suarez, Ranger",Sinker,696,0.7516775040536118,0.6212813490903699,0.9751972030455264,2025,-0.9305313119621523,59.0
"Suarez, Ranger",Slider,100,0.7479905223181457,0.5879632593203247,0.9514150596812896,2025,-2.102468172044287,71.0
"Suarez, Robert",Four-Seam,682,0.6959295751272734,0.800525955718195,1.060735489797224,2025,-0.3878697335891674,54.0
"Suarez, Robert",Offspeed,257,0.6888318549097353,0.8017154758310643,1.056994337035642,2025,-0.6878307173961048,57.0
"Suarez, Robert",Sinker,135,0.5954988158304233,0.676368324936768,0.9011620002159466,2025,-1.9261784106998219,69.0
"Suero, Wander",Cutter,108,0.7993404859667561,0.8326295001561486,1.1542170926805093,2025,0.8513345416002474,41.0
"Sugano, Tomoyuki",Curveball,249,0.6954165778163419,0.8506219974625105,1.0987092423698381,2025,-1.3315573452383205,63.0
"Sugano, Tomoyuki",Cutter,308,0.7752383556433131,0.7609348846375004,1.0862856008982325,2025,0.00020316274197194553,50.0
"Sugano, Tomoyuki",Four-Seam,485,0.7277036939822951,0.7963914258294769,1.0787919027181214,2025,-0.1478361676711446,51.0
"Sugano, Tomoyuki",Offspeed,602,0.6988571231375512,0.8367674840173988,1.0902206661354856,2025,-0.43085189344974645,54.0
"Sugano, Tomoyuki",Sinker,412,0.7559664415079389,0.6280915162665218,0.9828449590307489,2025,-0.8276820488073255,58.0
"Sugano, Tomoyuki",Sweeper,509,0.7837260827621807,0.715646620859431,1.0613089365256823,2025,-1.5020330277996052,65.0
"Sulser, Cole",Four-Seam,153,0.5407626239074395,0.7049739037060546,0.8884888408538468,2025,-2.677636673702653,77.0
"Sulser, Cole",Offspeed,151,0.6015451756495261,0.8727928380556862,1.0600112907457724,2025,-0.6644970167636883,57.0
"Suter, Brent",Four-Seam,471,0.5824407776024371,0.8549186740691395,1.0344675918975264,2025,-0.7370629664675419,57.0
"Suter, Brent",Offspeed,251,0.7660807626770406,1.098785400468459,1.3394809036438213,2025,1.4969747556814574,35.0
"Suter, Brent",Sinker,258,0.6720827432440019,0.7858223600480858,1.0340270766850965,2025,-0.13936993508078363,51.0
"Suter, Brent",Slider,136,0.6748252918806512,0.9824874580089482,1.191918948463649,2025,0.3089766635165571,47.0
"Svanson, Matt",Cutter,158,0.7998760734776614,1.0481080130662122,1.3184582435464705,2025,2.909154759207872,21.0
"Svanson, Matt",Sinker,457,0.7714703169629344,0.7982462487174521,1.1101186979536806,2025,0.8839324813210826,41.0
"Svanson, Matt",Sweeper,336,0.883462689468876,0.8863167337451576,1.2514246586192332,2025,0.38196891872502436,46.0
"Sánchez, Cristopher",Offspeed,1084,0.8649260921430025,0.7432987697315232,1.1404342181617324,2025,-0.04249061805580225,50.0
"Sánchez, Cristopher",Sinker,1332,0.7454788497798538,0.6187453941388271,0.968805748453789,2025,-1.0164854659019373,60.0
"Sánchez, Cristopher",Slider,480,0.803758529137081,0.7316693934228704,1.0869074820022149,2025,-0.7439350368104691,57.0
"Taillon, Jameson",Curveball,263,0.6682212292974329,0.9348501573683089,1.149114627883278,2025,-0.9574602937228394,60.0
"Taillon, Jameson",Cutter,289,0.7199196387175469,0.6937390857149998,0.9997790782267285,2025,-1.0836596229835913,61.0
"Taillon, Jameson",Four-Seam,753,0.663416298342492,0.8052531451797377,1.0433378229165826,2025,-0.6191462356446337,56.0
"Taillon, Jameson",Offspeed,221,0.6148969291189724,0.9215840687560828,1.1078878233941192,2025,-0.2942106990175758,53.0
"Taillon, Jameson",Sinker,145,0.8017234385863599,0.7468024447691599,1.0956616099380005,2025,0.6895093259994097,43.0
"Taillon, Jameson",Sweeper,308,0.6222551477134217,0.8840684106492007,1.0811005612632232,2025,-1.3059026966528529,63.0
"Taylor, Grant",Curveball,132,0.5822186511482922,1.1235885554415683,1.2654761158015615,2025,-0.0938523856238653,51.0
"Taylor, Grant",Cutter,102,0.6371394163249222,0.9074875477323675,1.1088193203241763,2025,0.2825340108157791,47.0
"Taylor, Grant",Four-Seam,338,0.5680531753452984,1.0101557747812262,1.1589215242386932,2025,0.9173697995109876,41.0
"Teng, Kai-Wei",Four-Seam,143,0.8212271423623438,0.8246235386140475,1.1637946553361442,2025,0.9821509406840179,40.0
"Teng, Kai-Wei",Sweeper,221,0.8862577239242139,0.7593456175313493,1.1670726284509436,2025,-0.45393979666339496,55.0
"Thielbar, Caleb",Curveball,231,0.694438313522012,0.9940993406254525,1.2126327021482044,2025,-0.48604391512744993,55.0
"Thielbar, Caleb",Four-Seam,349,0.6396231464783323,0.8258154675642673,1.044552036032304,2025,-0.6030050505029426,56.0
"Thielbar, Caleb",Slider,120,0.6914821131292123,0.7867468892340058,1.0474340936292965,2025,-1.1397203150273232,61.0
"Thielbar, Caleb",Sweeper,126,0.7958202685159382,0.9378076981244583,1.2299647061774883,2025,0.16930585368572915,48.0
"Thompson, Ryan",Sinker,334,0.752475722119555,0.5872508902839485,0.9545068467636237,2025,-1.2087812851721198,62.0
"Thompson, Ryan",Slider,264,1.0436424457674667,0.5690773617907311,1.1887130008165125,2025,0.2768317949412234,47.0
"Thornton, Trent",Curveball,122,0.7008480730006942,0.9960609041035245,1.217918448054843,2025,-0.4468143379981111,54.0
"Thornton, Trent",Cutter,149,0.6144990464163823,0.7543403320497643,0.9729534493507856,2025,-1.4197649239992016,64.0
"Thornton, Trent",Four-Seam,217,0.7073396255184049,0.904376705765777,1.1481404843311973,2025,0.7740516629221978,42.0
"Thornton, Trent",Sweeper,122,0.8871378462306853,0.7177599076027951,1.14113664526944,2025,-0.7109592701761557,57.0
"Tidwell, Blade",Four-Seam,120,0.6433238977348843,0.8874070196821354,1.0960642572303567,2025,0.08177448996805023,49.0
"Tinoco, Jesus",Slider,130,0.8683058600424205,0.7305763391322286,1.1347673126609952,2025,-0.26406195842805613,53.0
"Tolle, Payton",Four-Seam,195,0.7816924191156024,0.69455352787938,1.0456804680171161,2025,-0.588004199869042,56.0
"Tong, Jonah",Four-Seam,213,0.6777559864564265,0.8815234394565401,1.111951775702891,2025,0.2929757805708646,47.0
"Tong, Jonah",Offspeed,102,0.6062590778200799,0.975167003651723,1.1482598810593068,2025,0.018034564909076557,50.0
"Tonkin, Michael",Four-Seam,226,0.8200367664590865,0.6909242079033331,1.072304322201269,2025,-0.23407904949171643,52.0
"Tonkin, Michael",Slider,103,1.0767057311025021,0.7792871603377617,1.3291289289065473,2025,1.6847311280352228,33.0
"Topa, Justin",Cutter,196,0.723309303531408,0.6102397548474202,0.9463450253323732,2025,-1.7531488087020788,68.0
"Topa, Justin",Offspeed,147,0.9195492184426531,0.6864579293342405,1.147516995030726,2025,0.012288941389331192,50.0
"Topa, Justin",Sinker,349,0.8274832380229552,0.5684564187957987,1.0039278904777469,2025,-0.5441526097591486,55.0
"Topa, Justin",Sweeper,287,1.1096107866453055,0.638985196012109,1.280444523812823,2025,0.6695489353093557,43.0
"Treinen, Blake",Sinker,147,0.7767685318679081,0.6843970933677745,1.0352626398699432,2025,-0.12275371937146269,51.0
"Treinen, Blake",Sweeper,233,0.8356234313622447,0.8061112971487692,1.161069309917579,2025,-0.5134312667949431,55.0
"Trivino III, Lou",Cutter,203,0.7586201240689475,0.7439094647320587,1.0624997808754237,2025,-0.29781558029069294,53.0
"Trivino III, Lou",Four-Seam,132,0.7693923756625305,0.8179789078722509,1.1229666608815745,2025,0.43940254757047503,46.0
"Trivino III, Lou",Offspeed,140,0.8250239309108713,0.8130448971069387,1.1583205477272942,2025,0.09584569717971643,49.0
"Trivino III, Lou",Sinker,186,0.8126513666474452,0.7772219614226956,1.1244893156592028,2025,1.0771927585773888,39.0
"Trivino III, Lou",Sweeper,170,0.865426025581339,0.8845870616919074,1.2375202929512852,2025,0.2441799358090608,48.0
"Uceta, Edwin",Cutter,193,0.8182176056742723,0.6061120585849229,1.0182592389943692,2025,-0.8521168686142798,59.0
"Uceta, Edwin",Four-Seam,493,0.9074608621466428,0.6389158983947022,1.109819238231811,2025,0.26462681802334276,47.0
"Uceta, Edwin",Offspeed,472,0.8418328363157319,0.6613923064290025,1.0705710192709614,2025,-0.5828260440407742,56.0
"Ureña, José",Offspeed,262,0.803315969634823,0.6809815917727011,1.0531156040072798,2025,-0.7178295851324484,57.0
"Ureña, José",Sinker,339,0.7980526156096622,0.651561676048051,1.0302526850127443,2025,-0.19012906012468395,52.0
"Ureña, José",Slider,239,0.8523135104854949,0.7597572739240653,1.1417834450703142,2025,-0.19371375595315174,52.0
"Uribe, Abner",Sinker,603,0.8003628482557513,0.8229473558341748,1.1479647378480398,2025,1.3928971140818884,36.0
"Uribe, Abner",Slider,536,0.8184523765996113,0.8995311473748377,1.2161498994199045,2025,0.5519315772188766,44.0
"Valdez, Framber",Curveball,957,0.9030497441087089,0.8805872156722704,1.2613218006283116,2025,-0.12468474691915671,51.0
"Valdez, Framber",Offspeed,517,0.7196508920283299,0.7952303868551611,1.0725151628648333,2025,-0.567789663318885,56.0
"Valdez, Framber",Sinker,1321,0.6762191408157602,0.736657496591562,0.999968296342515,2025,-0.5974023917851006,56.0
"Vargas, Carlos",Cutter,131,0.8945792274303599,0.823670857006887,1.216020425335183,2025,1.6256846163638485,34.0
"Vargas, Carlos",Sinker,687,0.7643881312961732,0.7786611905540893,1.0911473158751606,2025,0.6287997768291123,44.0
"Vargas, Carlos",Slider,210,0.8861589982755417,0.9040540284386344,1.2659350127715223,2025,1.0511087634481242,39.0
"Varland, Louis",Curveball,400,0.675645151724191,0.9516047122704082,1.1670680783329015,2025,-0.8242139588457333,58.0
"Varland, Louis",Four-Seam,483,0.6760068302742802,0.7854444231912379,1.0362954098613464,2025,-0.7127648035031263,57.0
"Vasil, Mike",Curveball,203,0.9920499501723997,1.0590495656633692,1.4511199420340248,2025,1.2839529285939844,37.0
"Vasil, Mike",Four-Seam,231,0.7541141118596141,0.782430708498672,1.0866857445036944,2025,-0.042899101771922514,50.0
"Vasil, Mike",Offspeed,200,0.7958295304534132,0.7322333247111855,1.0814389873494004,2025,-0.49877108728971536,55.0
"Vasil, Mike",Sinker,657,0.814555999438842,0.743744087904302,1.1030216428132373,2025,0.7884892044730535,42.0
"Vasil, Mike",Sweeper,265,1.0094438694262533,0.9114927492885884,1.3600720413007232,2025,1.458638844824087,35.0
"Veneziano, Anthony",Four-Seam,146,0.6390261531976311,0.6955678940326884,0.9445470447148895,2025,-1.9324249513814045,69.0
"Veneziano, Anthony",Slider,115,0.8124987500168218,0.9264658548955864,1.2322715606011152,2025,0.7135775979668949,43.0
"Veneziano, Anthony",Sweeper,130,0.7772521328967625,0.895187357413187,1.1855299586956762,2025,-0.2710320091022328,53.0
"Verlander, Justin",Curveball,381,0.7604211372626366,0.9381417936965148,1.2076217665626583,2025,-0.5232339139498371,55.0
"Verlander, Justin",Four-Seam,1182,0.7738788563344042,0.7856447287713554,1.1027810862214051,2025,0.17106489451551027,48.0
"Verlander, Justin",Offspeed,222,0.6688331753470732,1.082092783459494,1.272109511189962,2025,0.9759114402487932,40.0
"Verlander, Justin",Slider,607,0.5735660681491951,0.8509199887178099,1.0261787669464053,2025,-1.3528397286763891,64.0
"Verlander, Justin",Sweeper,206,0.7721214524892651,0.8952838655221328,1.1822456332160356,2025,-0.3035788996409259,53.0
"Vesia, Alex",Four-Seam,571,0.6901377433921012,0.8082608482056588,1.0628149902953348,2025,-0.36022581992389413,54.0
"Vesia, Alex",Slider,366,0.7130635190054064,0.9404373293107985,1.1802041994915968,2025,0.19151714528768204,48.0
"Vest, Will",Four-Seam,596,0.6628383257929236,0.8502710304045444,1.0781073561038212,2025,-0.15693621238032457,52.0
"Vest, Will",Sinker,190,0.5413834534997753,0.7625883478124607,0.9352203119814506,2025,-1.468152255557328,65.0
"Vest, Will",Slider,271,0.6710638980253707,0.8912545645472941,1.1156439638430318,2025,-0.45580480707462184,55.0
"Vodnik, Victor",Four-Seam,511,0.7580399020547463,0.933987955844593,1.2028956707752883,2025,1.501941676972019,35.0
"Vodnik, Victor",Offspeed,240,0.7305236760584919,0.808028532961526,1.0893002117699089,2025,-0.4379708646623478,54.0
"Vodnik, Victor",Slider,118,0.7743336828860098,0.9000292619157357,1.1872848540920564,2025,0.2625122882565337,47.0
"Vásquez, Randy",Curveball,276,0.7864542835450782,0.8150337003379309,1.1326033166086626,2025,-1.0800034069550746,61.0
"Vásquez, Randy",Cutter,535,0.7867247264914222,0.7221082585729284,1.0678839507981335,2025,-0.23035591099606414,52.0
"Vásquez, Randy",Four-Seam,452,0.7385982058870919,0.7509543473619358,1.0533089487711673,2025,-0.48659472025901757,55.0
"Vásquez, Randy",Offspeed,149,0.7521806076108954,1.0000069489928525,1.2513151339690132,2025,0.815083724768134,42.0
"Vásquez, Randy",Sinker,409,0.7146546090968144,0.7040366361197963,1.0031942958879896,2025,-0.5540182047332423,56.0
"Vásquez, Randy",Sweeper,281,0.8893088750440298,0.7178056964214686,1.1428540121324278,2025,-0.6939405697912729,57.0
"Wacha, Michael",Curveball,206,0.8692282697397928,1.3180129177616937,1.5788336949474846,2025,2.231814707969977,28.0
"Wacha, Michael",Cutter,401,0.609805525131015,0.8191050974450547,1.0211738045704,2025,-0.8155995163169006,58.0
"Wacha, Michael",Four-Seam,719,0.6895125156709251,0.8797600433745337,1.1177679737696948,2025,0.37029361596688126,46.0
"Wacha, Michael",Offspeed,677,0.5728521038942765,0.9045455910730776,1.0706830806853362,2025,-0.581959339494832,56.0
"Wacha, Michael",Sinker,338,0.780396525326188,0.7498719464490579,1.0822784636185303,2025,0.5095288532554559,45.0
"Wacha, Michael",Slider,324,0.6306824277609488,0.8719727854617904,1.0761490897047852,2025,-0.851805515229433,59.0
"Waddell, Brandon",Four-Seam,116,0.811015175977106,0.8654659444511218,1.186076269330876,2025,1.2783523670135275,37.0
"Waddell, Brandon",Sinker,111,0.6943638829743715,0.7048674381218979,0.9894338316955683,2025,-0.7390729587805149,57.0
"Waddell, Brandon",Sweeper,121,0.8784772875181264,0.8372481540773639,1.213551324086113,2025,0.00665311003737858,50.0
"Waldrep, Hurston",Curveball,113,0.8515466577168245,0.9779962912662258,1.2967684666119805,2025,0.13839216630093848,49.0
"Waldrep, Hurston",Cutter,185,0.7217249019523577,0.7859198983547553,1.0670318274203865,2025,-0.2410323870520247,52.0
"Waldrep, Hurston",Offspeed,279,0.8683279898902179,0.9797518926802995,1.3091628123489512,2025,1.2624888026337362,37.0
"Waldrep, Hurston",Sinker,162,0.7427985484887387,0.7925576814819381,1.0862308051758625,2025,0.562681100488928,44.0
"Waldrep, Hurston",Slider,100,0.7671981991533524,0.7968931728130458,1.106178921178753,2025,-0.5507073401134656,56.0
"Walker, Ryan",Sinker,630,0.8776353317651164,0.6260218949229194,1.0780293078044534,2025,0.4523849609356299,45.0
"Walker, Ryan",Slider,382,1.0374898441054132,0.7029650603991193,1.2532138894713114,2025,0.9235586966274317,41.0
"Walker, Taijuan",Curveball,133,0.8160747206438854,0.9722366107042206,1.2693391890537478,2025,-0.06518155414999689,51.0
"Walker, Taijuan",Cutter,621,0.750766275960589,0.8116965380558673,1.1056677941459683,2025,0.24304771732816924,48.0
"Walker, Taijuan",Four-Seam,196,0.7526282589967701,0.7885652805483624,1.09008462879119,2025,0.002284087117500783,50.0
"Walker, Taijuan",Offspeed,463,0.6890284971097231,0.7862029299582242,1.0454067710246477,2025,-0.7774511830502576,58.0
"Walker, Taijuan",Sinker,416,0.7822403527694084,0.7359535767154955,1.0740240391076632,2025,0.39852093402395283,46.0
"Walker, Taijuan",Slider,232,0.7060175678478127,0.8735500423290993,1.1231876435230723,2025,-0.38016708039311736,54.0
"Walter, Brandon",Cutter,223,0.6403680614595505,0.6520453590564348,0.9139115955082843,2025,-2.1595157104588574,72.0
"Walter, Brandon",Four-Seam,157,0.7792143600878966,0.7551217687946221,1.0850732254897404,2025,-0.06433518050614508,51.0
"Walter, Brandon",Offspeed,149,0.8758825755681982,0.7328371267512523,1.1420247547794273,2025,-0.03018910174231985,50.0
"Walter, Brandon",Sinker,102,0.6768879634515325,0.6331551196402468,0.9268563645960567,2025,-1.580633070493852,66.0
"Walter, Brandon",Sweeper,183,1.0298787517694352,0.7015100687215641,1.24610056571045,2025,0.3292084142640111,47.0
"Warren, Will",Curveball,196,0.7920127108541943,0.9100081793872364,1.2063991962473626,2025,-0.5323075465699175,55.0
"Warren, Will",Four-Seam,1165,0.7799419251158002,0.7570645215448653,1.086948065150905,2025,-0.03941193293945755,50.0
"Warren, Will",Offspeed,275,0.7069660246178561,0.8097907916734954,1.0749707373892377,2025,-0.5487977773510474,55.0
"Warren, Will",Sinker,588,0.8258787872474154,0.6584588660243742,1.0562404316590832,2025,0.1593617707536659,48.0
"Warren, Will",Sweeper,578,0.9714394232134289,0.798111001367972,1.257249268632846,2025,0.43968942959362856,46.0
"Weathers, Ryan",Four-Seam,291,0.6438129847459785,0.7841434663610942,1.0145817538100703,2025,-1.0014160607566203,60.0
"Weathers, Ryan",Offspeed,188,0.7198018908080706,0.9430804790649793,1.1863876061407184,2025,0.31292172869201,47.0
"Weathers, Ryan",Sweeper,120,0.8327239879086985,0.8661570903528395,1.2015229274579253,2025,-0.11254546234541951,51.0
"Weaver, Luke",Four-Seam,621,0.7882305519132203,0.7612648892778497,1.0958246367994455,2025,0.07858908726650589,49.0
"Weaver, Luke",Offspeed,313,0.6480834339992457,0.7770404559478656,1.0118320056234245,2025,-1.037124880411001,60.0
"Webb, Jacob",Four-Seam,435,0.6989161412263016,0.7591724556137754,1.031904351104943,2025,-0.7711374989035077,58.0
"Webb, Jacob",Offspeed,339,0.7447500942673277,0.7824268893051582,1.080205785958833,2025,-0.5083089041844053,55.0
"Webb, Jacob",Sweeper,204,0.8017071709296647,0.8533119139579004,1.1708439735603295,2025,-0.41656665651035213,54.0
"Webb, Logan",Cutter,255,0.7129441732533177,0.674666914655645,0.9815624482970119,2025,-1.3119005307487845,63.0
"Webb, Logan",Four-Seam,258,0.7413395708188409,0.5712910746116214,0.9359261996507869,2025,-2.0470264611623676,70.0
"Webb, Logan",Offspeed,792,0.7268982944079007,0.6078972246783025,0.947586495357916,2025,-1.534012021396485,65.0
"Webb, Logan",Sinker,1104,0.7804488781179915,0.6480380801228386,1.0144228924097316,2025,-0.40301274891646394,54.0
"Webb, Logan",Sweeper,873,0.9265205451447678,0.6756406417950299,1.1467042327560135,2025,-0.6557857919038586,57.0
"Weissert, Greg",Four-Seam,357,0.76224922641416,0.6421354478935988,0.996675381762035,2025,-1.239455053006867,62.0
"Weissert, Greg",Offspeed,104,0.9468616764948838,0.6598163250973372,1.154081720364575,2025,0.06306179055825493,49.0
"Weissert, Greg",Sinker,297,0.8275122121788178,0.594535259790233,1.0189448642782006,2025,-0.34219994636659745,53.0
"Weissert, Greg",Slider,173,0.8258103006667025,0.6227608112220303,1.0343083102639903,2025,-1.2713277608329137,63.0
"Wells, Tyler",Four-Seam,125,0.6554729535138032,0.8222478593097416,1.0515399825625087,2025,-0.510110535327768,55.0
"Wentz, Joey",Curveball,323,0.7127495462725275,0.9951473524418775,1.2240629758242718,2025,-0.4012110815586699,54.0
"Wentz, Joey",Cutter,167,0.6394526390326967,0.8720012684199479,1.0813352346482927,2025,-0.06182126718912418,51.0
"Wentz, Joey",Four-Seam,800,0.7293239124511861,0.8334273503516103,1.1074811590213223,2025,0.23354547906908668,48.0
"Wentz, Joey",Slider,462,0.6459511026760698,0.7474152953370437,0.9878676281527757,2025,-1.7369715539707211,67.0
"Wesneski, Hayden",Four-Seam,186,0.6706575118369137,0.6894821463068399,0.9618560850039711,2025,-1.7023266100658627,67.0
"Wesneski, Hayden",Sweeper,125,0.7095318386935133,0.8874174193628118,1.1361976528352584,2025,-0.7599035198016012,58.0
"Wheeler, Zack",Curveball,232,0.8444763010678286,0.7308707286221826,1.116831341350126,2025,-1.1970593401791232,62.0
"Wheeler, Zack",Cutter,206,0.8483284406056101,0.6925334136407111,1.0951089772936766,2025,0.11075354696891243,49.0
"Wheeler, Zack",Four-Seam,979,0.6802105282130391,0.671471449013965,0.9558034680481001,2025,-1.782787288353309,68.0
"Wheeler, Zack",Offspeed,212,0.6935107941885773,0.6559559463092599,0.9545865205179402,2025,-1.4798724795947868,65.0
"Wheeler, Zack",Sinker,409,0.8248986847384095,0.6431557373020851,1.0459957660085182,2025,0.021588505567888168,50.0
"Wheeler, Zack",Sweeper,356,0.8940994231393169,0.7736689989157671,1.1823609847848433,2025,-0.30243579281222577,53.0
"Whisenhunt, Carson",Four-Seam,195,0.7926212401361166,0.8814811105340045,1.1854355227270597,2025,1.2698345792980124,37.0
"Whisenhunt, Carson",Offspeed,152,0.6708208245693664,0.8521720122698239,1.0845264944536512,2025,-0.47489171312857303,55.0
"Whitlock, Garrett",Offspeed,246,0.7011927054679806,0.7254618212363074,1.0089430431263235,2025,-1.059468672368856,61.0
"Whitlock, Garrett",Sinker,556,0.6991256426166205,0.7380470678076988,1.0166071701811101,2025,-0.37363794148983637,54.0
"Whitlock, Garrett",Slider,365,0.7668882293735572,0.8944788847365306,1.1782232520160247,2025,0.17165490695269844,48.0
"Williams, Devin",Four-Seam,529,0.7995696413637923,0.7083889517432588,1.068235235490075,2025,-0.288171598083531,53.0
"Williams, Devin",Offspeed,584,0.7508950481495574,0.6311664700183209,0.9809253214240695,2025,-1.2761631242616922,63.0
"Williams, Gavin",Curveball,644,0.8536768074558468,1.035841834788132,1.3422862579514292,2025,0.47621463027245914,45.0
"Williams, Gavin",Cutter,410,0.8207578376932867,0.7127810673234312,1.0870603838194497,2025,0.009910620045648019,50.0
"Williams, Gavin",Four-Seam,1094,0.7241277496948926,0.7401119555073775,1.0354355144397662,2025,-0.7241958538043514,57.0
"Williams, Gavin",Sinker,192,0.8169561930953562,0.6966965890475193,1.073686899718584,2025,0.39398698474337107,46.0
"Williams, Gavin",Sweeper,583,0.9370891986005836,0.9666332636787954,1.34629715612275,2025,1.3221329830117496,37.0
"Williams, Trevor",Four-Seam,613,0.6647705080166372,0.6516098470634349,0.9308679933904328,2025,-2.1142679055810705,71.0
"Williams, Trevor",Offspeed,186,0.6726494083354005,0.5003509460560509,0.8383366243658628,2025,-2.3789715497110757,74.0
"Williams, Trevor",Sinker,124,0.6846519881306924,0.50743177595873,0.852194433274438,2025,-2.584708597613506,76.0
"Williams, Trevor",Slider,127,0.775191980666961,0.4949226761031227,0.9197124888852182,2025,-2.4203382946740706,74.0
"Williams, Trevor",Sweeper,398,0.769705939949361,0.5858495936192907,0.9672988061282911,2025,-2.4336512375474837,74.0
"Wilson, Bryse",Curveball,143,0.7249450269017277,0.7872662839729858,1.0702025480768491,2025,-1.5431274021842576,65.0
"Wilson, Bryse",Cutter,205,0.761744945139534,0.802506925738357,1.1064685839659707,2025,0.2530810218500074,47.0
"Wilson, Bryse",Four-Seam,151,0.6905968741830838,0.8145426211002125,1.0678968696556097,2025,-0.2926696763113248,53.0
"Wilson, Bryse",Offspeed,152,0.7208820029589895,0.7279199777548888,1.0244697927244328,2025,-0.9393818027227444,59.0
"Wilson, Bryse",Sinker,203,0.6960875916996154,0.7106718470437785,0.9947825940871635,2025,-0.6671412350397486,57.0
"Wilson, Justin",Cutter,121,0.6573569968391543,0.8474921712727106,1.0725489273976854,2025,-0.17190720243179722,52.0
"Wilson, Justin",Four-Seam,382,0.7299850485718298,0.852090520220069,1.1220233624070954,2025,0.42686277582587845,46.0
"Wilson, Justin",Slider,272,0.7221418518111958,0.8573105252153123,1.1209238113191538,2025,-0.40286570079528433,54.0
"Wilson, Steven",Four-Seam,325,0.7699760010221314,0.8823014978776273,1.1710332938508359,2025,1.0783780386510835,39.0
"Wilson, Steven",Sweeper,568,0.7626649921552995,0.7867720172500229,1.0957500159191937,2025,-1.1607300576756734,62.0
"Winn, Cole",Cutter,118,0.7606218622706782,0.757278094944823,1.0733199571643932,2025,-0.16224676937989074,52.0
"Winn, Cole",Four-Seam,171,0.7836165562378479,0.9070169424998429,1.1986386616457136,2025,1.4453509750428017,36.0
"Winn, Cole",Sinker,130,0.8437384443584361,0.8537152622414933,1.2003017585059417,2025,2.096740701767637,29.0
"Winn, Cole",Slider,119,0.8091680702029087,1.0171301211254562,1.2997332992335715,2025,1.3899918632281416,36.0
"Wolfram, Grant",Sinker,211,0.7764174312214466,0.8661371767923465,1.1631928629966426,2025,1.5976894026681885,34.0
"Wolfram, Grant",Slider,128,0.8420919694976419,0.9762577202592801,1.2892625882489044,2025,1.285005860480074,37.0
"Woo, Bryan",Four-Seam,1284,0.6643587529922672,0.7648712018378889,1.0131142621039233,2025,-1.020924213828038,60.0
"Woo, Bryan",Offspeed,193,0.8353410842405802,0.7020647205378405,1.091187242797543,2025,-0.4233762035195371,54.0
"Woo, Bryan",Sinker,693,0.7893634829769888,0.6627463095640265,1.0306926695665877,2025,-0.18421201893642689,52.0
"Woo, Bryan",Slider,299,0.8261717768155602,0.8321253191510671,1.1726006786535836,2025,0.11527941312569363,49.0
"Woo, Bryan",Sweeper,245,1.0592167842638909,0.9837472861036334,1.445579094682336,2025,2.305993567718982,27.0
"Woodford, Jake",Four-Seam,108,0.6826625338560682,0.8677769270390938,1.1041127343854884,2025,0.18876720663992805,48.0
"Woodford, Jake",Offspeed,116,0.7395325950959738,0.8496679555386422,1.126429799800503,2025,-0.15080348493035703,52.0
"Woodford, Jake",Sinker,196,0.7501497143144455,0.6348239511795915,0.9827136118306862,2025,-0.8294484444363179,58.0
"Woodford, Jake",Sweeper,143,1.0776475041998872,0.7326856942712281,1.3031317929887052,2025,0.8943744195881234,41.0
"Woodruff, Brandon",Cutter,151,0.6360891115775322,0.7857221397666477,1.0109246454543355,2025,-0.9440139041320929,59.0
"Woodruff, Brandon",Four-Seam,296,0.6274696787613789,0.8010553878767404,1.0175499654617768,2025,-0.9619580338340105,60.0
"Woodruff, Brandon",Offspeed,170,0.6406133870649547,0.9320977041128112,1.131013546204999,2025,-0.11535190805720574,51.0
"Woodruff, Brandon",Sinker,299,0.6872685115542019,0.8161246685870075,1.066957113313455,2025,0.30348284545149073,47.0
"Woods Richardson, Simeon",Curveball,245,0.5661611523668296,1.151686608034203,1.2833240017917005,2025,0.03861047437975816,50.0
"Woods Richardson, Simeon",Four-Seam,856,0.6747200164451532,0.8643158118729768,1.0964893630333998,2025,0.0874256490462074,49.0
"Woods Richardson, Simeon",Offspeed,267,0.6148959112325497,0.9593012878876769,1.1394542301441788,2025,-0.050070033990547685,51.0
"Woods Richardson, Simeon",Slider,510,0.6275142158296372,0.8569808776906854,1.062163036353545,2025,-0.9920385746384928,60.0
"Wrobleski, Justin",Cutter,154,0.6506166947114201,0.7793123933010639,1.015199433505479,2025,-0.8904539696622605,59.0
"Wrobleski, Justin",Four-Seam,312,0.6889439944586173,0.8116067270001068,1.0645887970537833,2025,-0.336645656834739,53.0
"Wrobleski, Justin",Sinker,225,0.611592869665425,0.7127773716243017,0.9392004151006522,2025,-1.4146266627061588,64.0
"Wrobleski, Justin",Slider,271,0.7090244234405862,0.851340224626807,1.1079240998835966,2025,-0.53320906931114,55.0
"Yamamoto, Yoshinobu",Curveball,482,0.725458672826082,0.8033301338632787,1.082418398749473,2025,-1.4524641988016838,65.0
"Yamamoto, Yoshinobu",Cutter,310,0.5858605740123921,0.6887502088161305,0.9042175967798862,2025,-2.2809743489765593,73.0
"Yamamoto, Yoshinobu",Four-Seam,954,0.722616644104252,0.7707792022664443,1.0565393475791554,2025,-0.44365129907034423,54.0
"Yamamoto, Yoshinobu",Offspeed,681,0.5814994928153369,0.8153634182068386,1.0014784889823813,2025,-1.1172009707347086,61.0
"Yamamoto, Yoshinobu",Sinker,213,0.5511358897383016,0.6831888553629243,0.8777800299902773,2025,-2.2406259968237703,72.0
"Yarbrough, Ryan",Cutter,263,0.8069666873346717,0.6477654043591308,1.0347923721947518,2025,-0.6449689304710973,56.0
"Yarbrough, Ryan",Four-Seam,141,0.632688615608898,0.7029741504059294,0.945762940942413,2025,-1.9162613917332443,69.0
"Yarbrough, Ryan",Offspeed,209,0.86819628796138,0.5778976857399073,1.0429432053632932,2025,-0.7965048740092296,58.0
"Yarbrough, Ryan",Sinker,207,0.7471962714145225,0.585232631066215,0.9491045782633488,2025,-1.2814325747388124,63.0
"Yarbrough, Ryan",Sweeper,197,1.0098203484690007,0.5453867419804909,1.1476862962108367,2025,-0.6460537747927898,56.0
"Yates, Kirby",Four-Seam,426,0.7290507976148765,0.7597384902599077,1.0529566178553091,2025,-0.49127844379187524,55.0
"Yates, Kirby",Offspeed,315,0.8850665602866875,0.7315331907600918,1.148252422301538,2025,0.017976877440991985,50.0
"Yesavage, Trey",Four-Seam,108,0.6693651362309383,0.9297439272552404,1.1456323388720573,2025,0.7407095422564861,43.0
"Young, Brandon",Curveball,148,0.7769402487628362,0.9728313479856256,1.245004811947001,2025,-0.2457856430458651,52.0
"Young, Brandon",Four-Seam,411,0.7073129828916134,0.722781418441079,1.0112886010485482,2025,-1.0451937038535002,60.0
"Young, Brandon",Offspeed,210,0.5581765863353669,0.9351932501746067,1.0891039971945509,2025,-0.43948842595132187,54.0
"Zastryzny, Rob",Cutter,115,0.7414776593932033,0.8235799613336042,1.1081845839432547,2025,0.274581233143285,47.0
"Zastryzny, Rob",Four-Seam,154,0.7395100146607234,0.799484733555836,1.0890596406865647,2025,-0.011341628624303149,50.0
"Zeferjahn, Ryan",Cutter,226,0.7973304763853395,0.8133263642036889,1.13896253813796,2025,0.6602062489479703,43.0
"Zeferjahn, Ryan",Four-Seam,324,0.858918325411924,0.7788052403350004,1.1594301583543882,2025,0.9241313451774881,41.0
"Zeferjahn, Ryan",Slider,172,0.9258156770534146,0.8542770351233588,1.2597316859621452,2025,0.9889102664778511,40.0
"Zeferjahn, Ryan",Sweeper,276,0.9739993303388491,0.9502038953970692,1.3607211831702668,2025,1.4650716875807157,35.0
"Zerpa, Angel",Four-Seam,225,0.7057512216211177,0.8067198419030226,1.071858987992235,2025,-0.2399991156027438,52.0
"Zerpa, Angel",Sinker,483,0.7546829589383125,0.6477198256251817,0.9945287029642746,2025,-0.6705556372462428,57.0
"Zerpa, Angel",Slider,351,0.868624197275097,0.8988398554883632,1.249968432363853,2025,0.8910176810935945,41.0
"deGrom, Jacob",Curveball,133,0.6673561983892057,0.7183138026824204,0.9804789720603762,2025,-2.2090349217336906,72.0
"deGrom, Jacob",Four-Seam,1203,0.7075963610309007,0.6868520791220003,0.9861330481929846,2025,-1.379599938414742,64.0
"deGrom, Jacob",Offspeed,295,0.8754768486198518,0.9847743168265397,1.3176646643021603,2025,1.3282437618931997,37.0
"deGrom, Jacob",Slider,983,0.7136600828631481,0.6122113838885781,0.9402730946033728,2025,-2.2141845949311354,72.0
"Abbott, Andrew",Curveball,274,0.5995664595306828,0.9975638451503578,1.1638786726052355,2026,-0.9519273344979379,60.0
"Abbott, Andrew",Four-Seam,934,0.6623158225996597,0.8465655362628094,1.0748653199605065,2026,-0.06943246625304729,51.0
"Abbott, Andrew",Offspeed,370,0.6444479847631847,0.9325164141902115,1.1335343258143973,2026,-0.12819117125384172,51.0
"Abbott, Andrew",Sweeper,413,0.6823648343634791,1.0005078820234774,1.2110482191750265,2026,-0.24703687354564796,52.0
"Abel, Mick",Four-Seam,153,0.6475404600223492,0.6648473392019634,0.9280790008452331,2026,-2.105532959332653,71.0
"Abreu, Bryan",Four-Seam,315,0.8218293516459506,0.9687813448625548,1.2704096887935419,2026,2.643000056066777,24.0
"Abreu, Bryan",Slider,325,0.8289690034946202,1.0070642104675083,1.304364953822131,2026,1.1118569491649606,39.0
"Adam, Jason",Four-Seam,126,0.6832051369775599,0.9059554341349068,1.1346913711803284,2026,0.7604258824124334,42.0
"Adam, Jason",Offspeed,177,0.8525891352384503,0.8928761794615693,1.2345590732632183,2026,0.6458252484996175,44.0
"Adam, Jason",Slider,210,0.7252992733361401,0.8473120150146002,1.115345994160572,2026,-0.4978306548620028,55.0
"Adams, Travis",Cutter,115,0.7126704268645114,0.8634049718744973,1.1195388706002334,2026,0.5235941279660117,45.0
"Adams, Travis",Four-Seam,142,0.8975721734212523,0.743770896904122,1.1656890466937195,2026,1.1904004384715219,38.0
"Adams, Travis",Offspeed,154,0.7448716613408024,0.8832330303940186,1.1553936029975276,2026,0.039286995145498715,50.0
"Adams, Travis",Slider,110,0.759780908539804,0.8697131674872794,1.1548454540250512,2026,-0.16145280671673207,52.0
"Agnos, Zach",Cutter,247,0.7114440428085741,0.8077481531477,1.0763873396511725,2026,-0.009580771259479861,50.0
"Agnos, Zach",Four-Seam,261,0.7220308525599459,0.8454682327614449,1.1118206171218463,2026,0.44318137423038795,46.0
"Agnos, Zach",Offspeed,112,0.8342633094327907,0.9326371416275371,1.251322223653418,2026,0.7742586668101584,42.0
"Agnos, Zach",Sinker,123,0.6719603486705178,0.6715738699686651,0.9500221960618043,2026,-1.2486883965271949,62.0
"Agnos, Zach",Slider,126,0.7445364053371933,0.9774334305803007,1.2287027997397926,2026,0.4675171869612689,45.0
"Agnos, Zach",Sweeper,155,0.9790319570007299,0.9733844328922953,1.3805726446028597,2026,1.213204729087261,38.0
"Ahlstrom, Robby",Four-Seam,111,0.6391670364428368,1.0128329429857148,1.1976498114525058,2026,1.6337341856272187,34.0
"Akin, Keegan",Four-Seam,219,0.6355009167070905,0.7822030652651919,1.007820941658693,2026,-0.9994175802699443,60.0
"Akin, Keegan",Offspeed,114,0.7090184968186821,0.8154886845485767,1.0806151134690796,2026,-0.5336397401448089,55.0
"Akin, Keegan",Slider,110,0.7761905369945795,0.8061513397620106,1.1190852212052567,2026,-0.46598735494516624,55.0
"Alcantara, Sandy",Cutter,328,0.8231758789839854,0.735640401265744,1.1039861084793965,2026,0.33142615167232886,47.0
"Alcantara, Sandy",Four-Seam,439,0.7864645718224551,0.6815825627557908,1.0407119258395328,2026,-0.5431805854864629,55.0
"Alcantara, Sandy",Offspeed,468,0.6779390441139065,0.7366646870239449,1.001137457416395,2026,-1.142569852238979,61.0
"Alcantara, Sandy",Sinker,579,0.7404146094893312,0.6895341909676004,1.0117663734571247,2026,-0.38484085587962874,54.0
"Alcantara, Sandy",Slider,153,0.8191311882522962,0.8742694305504802,1.1980496403583116,2026,0.2064745340497291,48.0
"Alcantara, Sandy",Sweeper,210,0.9946931705799993,0.8521193724667794,1.3097793434512814,2026,0.6034086877890011,44.0
"Aldegheri, Sam",Four-Seam,288,0.7861501572853002,0.8878748044734589,1.1858978616299487,2026,1.470720691096,35.0
"Aldegheri, Sam",Offspeed,189,0.6933939328249382,0.920084125560688,1.1521067416638142,2026,0.014104208689776795,50.0
"Aleman, Franco",Four-Seam,144,0.7160264435918925,0.8507312177612794,1.11195210004588,2026,0.4450051984673486,46.0
"Alexander, Jason",Offspeed,105,0.8647587085926518,0.8252695510411159,1.1953566229215598,2026,0.34546973140827086,47.0
"Alexander, Tyler",Cutter,175,0.7749164206558404,0.8105219683462044,1.1213569102537626,2026,0.5460575976909366,45.0
"Alexander, Tyler",Four-Seam,110,0.7058750491601304,0.7504772687820142,1.030279435874233,2026,-0.6878916054944879,57.0
"Alexander, Tyler",Offspeed,179,0.6942916121892825,0.639508952673806,0.9439346075371648,2026,-1.5808381595727474,66.0
"Alexander, Tyler",Sinker,161,0.707680731863877,0.6459810617574513,0.9581772019833684,2026,-1.1345937222357947,61.0
"Alexander, Tyler",Sweeper,120,0.837025253042117,0.6519980571004006,1.0609961077652061,2026,-1.5395487643280432,65.0
"Alvarado, Elvis",Four-Seam,294,0.802075040535664,0.7173562661357853,1.0760689490987847,2026,-0.05273670130230512,51.0
"Alvarado, Elvis",Slider,135,0.8572967855306762,0.9475128109175476,1.2777864865986424,2026,0.885514420879491,41.0
"Alvarado, José",Cutter,258,0.6071796624823943,0.9157007164430373,1.0987151335202978,2026,0.2662986467883176,47.0
"Alvarado, José",Sinker,483,0.7595212864190732,0.8284478279250498,1.123920988378372,2026,1.1842866693230498,38.0
"Alvarez, Andrew",Curveball,293,0.785456540019771,1.1114127983233562,1.360948340142558,2026,0.5221835246557948,45.0
"Alvarez, Andrew",Four-Seam,283,0.6287882087285843,0.957407761188431,1.1454275326793684,2026,0.9093491870755248,41.0
"Alvarez, Andrew",Sinker,145,0.7073339482509869,0.8444541987424028,1.1015553586279736,2026,0.8713746657957336,41.0
"Alvarez, Andrew",Slider,253,0.7437027096793357,0.9307693815318148,1.1913963916268604,2026,0.1498153924022407,49.0
"Anderson, Drew",Curveball,231,0.874599251144277,1.0622790623814615,1.375994424580335,2026,0.6347305073276495,44.0
"Anderson, Drew",Four-Seam,413,0.7300807725027139,0.7601424425459673,1.0539613215568722,2026,-0.3593957388081012,54.0
"Anderson, Drew",Offspeed,322,0.7348396705939133,0.9674310118964271,1.2148712294961619,2026,0.49498384844600796,45.0
"Anderson, Grant",Four-Seam,272,0.8059440821366801,0.7056651675792657,1.0712185548550814,2026,-0.12001742726341469,51.0
"Anderson, Grant",Sinker,159,0.8585594386138187,0.5700513653444987,1.0305740481712136,2026,-0.12170732276859553,51.0
"Anderson, Grant",Sweeper,263,0.9747643578611143,0.4929172676480241,1.0923062693686163,2026,-1.2698507521208156,63.0
"Antone, Tejay",Sweeper,272,0.8363493374891328,0.7702609395116445,1.1370057736246868,2026,-0.8848202435846438,59.0
"Armstrong, Shawn",Cutter,146,0.7886182283894927,0.771395363949988,1.1031634138565856,2026,0.3212610401927762,47.0
"Armstrong, Shawn",Four-Seam,189,0.777330550125825,0.6876584756557402,1.0378424559152,2026,-0.5829835396243268,56.0
"Armstrong, Shawn",Sweeper,164,0.822002116165628,0.8977199530381765,1.2172052386773713,2026,-0.19400182562936144,52.0
"Arrighetti, Spencer",Curveball,510,0.9470205228233538,0.8232456237256534,1.2548231858043022,2026,-0.27164864847536907,53.0
"Arrighetti, Spencer",Four-Seam,445,0.828083216232432,0.6754991324564922,1.0686537750624954,2026,-0.1555939675827075,52.0
"Arrighetti, Spencer",Offspeed,104,1.0222086808540092,0.8787879354151351,1.3480277529207212,2026,1.5151827415945183,35.0
"Arrighetti, Spencer",Sinker,152,0.7020058996142804,0.6943682231287743,0.987400380992567,2026,-0.7257394402300387,57.0
"Arrighetti, Spencer",Sweeper,183,0.9456126664703658,0.7796613779172942,1.2255836075948017,2026,-0.12183262154822738,51.0
"Ashby, Aaron",Curveball,205,0.7383164048735188,1.1433501328337803,1.3610145627275194,2026,0.5226788795870373,45.0
"Ashby, Aaron",Offspeed,119,0.6480873927344132,1.0033200683736705,1.1944322618811987,2026,0.33838759914773414,47.0
"Ashby, Aaron",Sinker,556,0.6644843681249878,0.879015530880777,1.1019109669170548,2026,0.8763498935648215,41.0
"Ashby, Aaron",Slider,155,0.8148569004342135,1.148243173030315,1.4079965030482071,2026,1.994384397596633,30.0
"Ashcraft, Braxton",Curveball,493,0.7738269547501436,0.8922848539261834,1.1810928906923246,2026,-0.8231623848680673,58.0
"Ashcraft, Braxton",Four-Seam,592,0.6811357454844057,0.7324013254508425,1.0001787866670377,2026,-1.1054233418455874,61.0
"Ashcraft, Braxton",Sinker,256,0.638960296035327,0.6852954254350682,0.9369632223474856,2026,-1.4313932733655144,64.0
"Ashcraft, Braxton",Slider,433,0.6599276393660376,0.757301751066573,1.0044951126649293,2026,-1.4418380187713618,64.0
"Ashcraft, Graham",Cutter,231,0.7042692679231953,1.0109612279584985,1.2320867689316481,2026,1.914221830647761,31.0
"Ashcraft, Graham",Slider,219,0.7042050680560853,1.052379871583332,1.2662575456792453,2026,0.7873338292671945,42.0
"Assad, Javier",Cutter,148,0.7637202541828203,0.8560181496722935,1.1471859915538756,2026,0.8651984836894315,41.0
"Assad, Javier",Four-Seam,192,0.6558619961704965,0.860530547787516,1.0819740208046729,2026,0.029173653044732063,50.0
"Assad, Javier",Sinker,427,0.6605579548343951,0.7365421314221264,0.989358945507063,2026,-0.6983376476980154,57.0
"Avila, Luinder",Curveball,187,0.7502599287522718,1.14298025594471,1.3672212060126916,2026,0.5691055081996478,44.0
"Avila, Luinder",Four-Seam,319,0.7533200381157601,0.8881750960582996,1.1646227204914474,2026,1.1756092282326107,38.0
"Avila, Luinder",Offspeed,123,0.7035333327368737,1.0291540459670565,1.246642370771271,2026,0.7384032644034623,43.0
"Avila, Luinder",Sinker,339,0.7558783563608795,0.8781850179868681,1.1586893524286053,2026,1.6707222660730927,33.0
"Avila, Luinder",Slider,265,0.7676782103500435,0.8557280737820829,1.1496087903739427,2026,-0.2060482937553917,52.0
"Bachar, Lake",Curveball,129,0.6625199647718538,0.8512506058804575,1.0786845218752072,2026,-1.5891924412842482,66.0
"Bachar, Lake",Four-Seam,279,0.7149251018092625,0.7711484634736911,1.0515644791998344,2026,-0.39264278754134274,54.0
"Bachar, Lake",Slider,199,0.7623551640882016,0.9233727832874892,1.1974150045527379,2026,0.20106996833244398,48.0
"Bachar, Lake",Sweeper,169,0.9209245812852949,0.8853099507508697,1.2774489396112876,2026,0.32492256050712903,47.0
"Bachman, Sam",Offspeed,106,0.7643047792132738,0.8260649054814251,1.1254088250925913,2026,-0.19044592700646093,52.0
"Bachman, Sam",Sinker,229,0.8324425293298742,0.923486721907396,1.243297345841447,2026,2.8544518113038313,21.0
"Bachman, Sam",Slider,371,0.8749686034642615,0.8949171547783867,1.2515777127149728,2026,0.662320205268387,43.0
"Backhus, Kyle",Sinker,172,0.7562854358043564,0.6699112749051488,1.0103211255115014,2026,-0.4050609630398424,54.0
"Backhus, Kyle",Sweeper,106,1.117681629234327,0.6850282041192373,1.3109065049677369,2026,0.6131177791784049,44.0
"Baker, Bryan",Four-Seam,323,0.7049629910431057,0.823955499662283,1.084377924970886,2026,0.06251865745416177,49.0
"Baker, Bryan",Offspeed,287,0.6338650291391502,0.7987046429519992,1.0196636611347176,2026,-1.0006285335443317,60.0
"Banda, Anthony",Four-Seam,158,0.6730470882619063,0.8058059536606982,1.0499121953634303,2026,-0.41556192574364326,54.0
"Banda, Anthony",Sinker,162,0.7043186343077266,0.7807088071150494,1.051461354563307,2026,0.17052182366634477,48.0
"Banda, Anthony",Slider,249,0.9054518633983725,1.1320863542778297,1.4496422284390218,2026,2.3490398673036683,27.0
"Banks, Tanner",Four-Seam,114,0.8089755617125353,0.7661560247045947,1.1141976995305902,2026,0.47615432902417504,45.0
"Banks, Tanner",Slider,195,0.6837800284512876,0.9221102816017113,1.1479732134263547,2026,-0.21997688558913492,52.0
"Banks, Tanner",Sweeper,127,0.8845712010841587,0.7758500398119369,1.176609320914829,2026,-0.5436850518920225,55.0
"Barlow, Scott",Curveball,199,0.9902143036348066,0.7559635475493941,1.2457950282235155,2026,-0.33918062990253756,53.0
"Barlow, Scott",Sweeper,206,1.0138089167343998,0.6645272149008724,1.2121901414357763,2026,-0.23720063674430647,52.0
"Barnett, Mason",Four-Seam,185,0.7763650852926915,0.9735227697222066,1.245186463478111,2026,2.293123978981721,27.0
"Barnett, Mason",Slider,114,0.6630638888451882,0.9401857044857346,1.1504794129448128,2026,-0.1986340620686604,52.0
"Bassitt, Chris",Curveball,228,0.9697180713796372,0.7854371311723664,1.2479040928631175,2026,-0.3234045080531124,53.0
"Bassitt, Chris",Cutter,219,0.77020929100263,0.7075540618803428,1.0458752805330784,2026,-0.3865839432826523,54.0
"Bassitt, Chris",Sinker,364,0.7372218528626737,0.6752785597927268,0.9997485652172815,2026,-0.5529790436393288,56.0
"Baz, Shane",Curveball,673,0.6933227400514784,1.0107802534521708,1.2257133199249017,2026,-0.48939483913764387,55.0
"Baz, Shane",Cutter,336,0.7192122721304047,0.7856726278534406,1.0651515246860939,2026,-0.14840909043994802,51.0
"Baz, Shane",Four-Seam,678,0.7795752681585926,0.7796648113815607,1.102549235558751,2026,0.3145763060882888,47.0
"Baz, Shane",Offspeed,164,0.7021825339660598,1.0094289709616504,1.2296370027059584,2026,0.6081140586504745,44.0
"Baz, Shane",Sinker,163,0.6500430592878242,0.8349246027146486,1.0581375483114128,2026,0.26392680197325535,47.0
"Bazardo, Eduard",Sinker,473,0.7025626782309897,0.7641983369895443,1.0380719700968166,2026,-0.016805748423699373,50.0
"Bazardo, Eduard",Sweeper,262,0.8167467017084916,0.79983161321301,1.143156062944437,2026,-0.8318431678018307,58.0
"Bednar, David",Curveball,158,0.8330372717890605,0.7962287154107431,1.1523589993723324,2026,-1.0380962290758358,60.0
"Bednar, David",Four-Seam,327,0.6377994323420534,0.8787746120528401,1.0858328299901718,2026,0.08269991715879031,49.0
"Bednar, David",Offspeed,303,0.6376765161759105,0.8265065723561136,1.043908259106181,2026,-0.8148748702675117,58.0
"Beeks, Jalen",Four-Seam,207,0.5722281658942778,0.8786895893753518,1.0485897521525533,2026,-0.4339057829230153,54.0
"Beeks, Jalen",Offspeed,163,0.7264561186583584,1.1352200100215548,1.3477622058395562,2026,1.5131482123704443,35.0
"Beeter, Clayton",Four-Seam,270,0.7249690665222063,1.0034833159053336,1.2379656347065708,2026,2.1929625122265652,28.0
"Beeter, Clayton",Slider,263,0.7049602690919858,1.4141818058426645,1.580151625944379,2026,3.460459376487038,20.0
"Bello, Brayan",Cutter,185,0.6714231516705529,0.779218138808228,1.0285863874497743,2026,-0.6002033357971979,56.0
"Bello, Brayan",Offspeed,214,0.6500039603949648,0.7533714494189633,0.9950244666985674,2026,-1.1894054574632928,62.0
"Bello, Brayan",Sinker,498,0.7422724607791577,0.7496095425815607,1.0549326387786486,2026,0.21908770402640798,48.0
"Bello, Brayan",Sweeper,150,0.809281098526037,0.8334440147489331,1.1617077180394082,2026,-0.6720437849164078,57.0
"Bender, Anthony",Sinker,171,0.8768173547748852,0.7301059831505721,1.1409922963222365,2026,1.423127123679192,36.0
"Bender, Anthony",Sweeper,279,0.9386474489279986,0.5554689480334628,1.09069005020145,2026,-1.2837724655312146,63.0
"Bennett, Jake",Four-Seam,307,0.6499976805304604,0.6249482139065786,0.901696875208072,2026,-2.4714843595862925,75.0
"Bennett, Jake",Offspeed,227,0.6968517418366759,0.7095348098561539,0.9945059057131926,2026,-1.1933784910759422,62.0
"Bennett, Jake",Sinker,232,0.6953470702441121,0.6585275331687652,0.9576878719282235,2026,-1.1414398182165622,61.0
"Bernardino, Brennan",Curveball,219,1.2697615305959384,0.6951764882475835,1.4476065399111677,2026,1.1703999392363293,38.0
"Bernardino, Brennan",Sinker,281,0.7339983623456123,0.6068981656386404,0.9524069400112473,2026,-1.2153240327490387,62.0
"Bibee, Tanner",Curveball,206,0.7951067161398294,0.9560756757950879,1.2434932198840882,2026,-0.3563985037196625,54.0
"Bibee, Tanner",Cutter,478,0.7310550629830517,0.8782296034928102,1.1426848828807934,2026,0.8095833499875343,42.0
"Bibee, Tanner",Four-Seam,439,0.6900887184000349,0.8356088458166329,1.0837271716027093,2026,0.05349193574191966,49.0
"Bibee, Tanner",Offspeed,283,0.7729898962536049,1.0506133051884292,1.3043395634378014,2026,1.1804590539534174,38.0
"Bibee, Tanner",Sinker,464,0.7433211314900035,0.6994176414926259,1.0206426121570107,2026,-0.26065559186672815,53.0
"Bidois, Brandan",Four-Seam,178,0.6343545863764143,0.943300670245712,1.136759383397736,2026,0.7891116667616668,42.0
"Bidois, Brandan",Slider,136,0.7010759085404065,0.9028916346334697,1.1431188623353459,2026,-0.2613165945304113,53.0
"Bieber, Shane",Curveball,101,0.709474673437109,0.9356990640536144,1.174260214228304,2026,-0.8742718361527976,59.0
"Bieber, Shane",Four-Seam,206,0.7269064002259971,0.9076688524286619,1.1628652803995316,2026,1.1512314479375851,38.0
"Bieber, Shane",Offspeed,117,0.7046927803536456,0.9521763905006653,1.1845808513180631,2026,0.26290952346669894,47.0
"Bigge, Hunter",Four-Seam,164,0.5889404446491489,0.9700438127171958,1.1348285535420983,2026,0.7623287646164778,42.0
"Bigge, Hunter",Slider,131,0.7116100947328615,1.3288587874417206,1.5073999482177223,2026,2.840905263934274,22.0
"Bird, Jake",Sinker,191,0.8133258084947133,0.8073548221599621,1.1460020417209225,2026,1.4932172345930883,35.0
"Bird, Jake",Sweeper,198,0.8734472900634974,0.6245065961682627,1.073740498061304,2026,-1.4297717285788476,64.0
"Blackburn, Paul",Curveball,118,0.8491530056693773,1.2137972225917197,1.4813387609215896,2026,1.4227220439834702,36.0
"Blackburn, Paul",Cutter,183,0.7467147674414941,0.9012694935546394,1.1704143043928679,2026,1.1522046010790497,38.0
"Blackburn, Paul",Offspeed,146,0.5650911870271231,0.8780936039619185,1.0442109111547118,2026,-0.8125560557101826,58.0
"Blackburn, Paul",Sinker,259,0.7243205915914596,0.8317109535224843,1.1028977421378112,2026,0.890155622033187,41.0
"Blubaugh, AJ",Four-Seam,605,0.6995570771165611,0.8523464115155408,1.1026669984030928,2026,0.31620981653310465,47.0
"Blubaugh, AJ",Offspeed,257,0.7893553632169668,1.0093157527224015,1.2813275061954212,2026,1.0041486883478794,40.0
"Blubaugh, AJ",Sweeper,251,0.8485626063765701,0.9382698782276575,1.265072670375082,2026,0.21831642880378635,48.0
"Bolton, Cody",Four-Seam,111,0.9020556438190543,0.7351063903997793,1.163651919498439,2026,1.1621430660421515,38.0
"Booser, Cam",Cutter,130,0.680256896207336,0.7636259161415431,1.0226798055308657,2026,-0.6731843204834372,57.0
"Booser, Cam",Four-Seam,123,0.6978279521726365,0.805573366660882,1.0657918651907619,2026,-0.19529205481664016,52.0
"Borucki, Ryan",Sinker,133,0.7264290178744504,0.7835087622494971,1.068449857752706,2026,0.4082037771481307,46.0
"Borucki, Ryan",Slider,143,0.9190984328358341,0.9168006823711633,1.298177730681557,2026,1.059166486734296,39.0
"Bowlan, Jonathan",Four-Seam,262,0.6665982365281231,0.8230705554186913,1.0591498232731933,2026,-0.28742506084151553,53.0
"Bowlan, Jonathan",Slider,104,0.7678529822794516,0.8920494956846161,1.177009135540853,2026,0.02729335641667534,50.0
"Boyd, Matthew",Four-Seam,445,0.7552874215991273,0.6744901618817365,1.0126184215691065,2026,-0.9328708389250543,59.0
"Boyd, Matthew",Offspeed,263,0.6897409810979372,0.6520602551399522,0.9491707946092339,2026,-1.5407203184196632,65.0
"Boyd, Matthew",Slider,149,0.9927098501103027,0.7521085601577205,1.245447763966253,2026,0.6101174922082659,44.0
"Bradish, Kyle",Curveball,432,0.6410077450467654,1.0489553715632163,1.2293080577061488,2026,-0.46250565793910686,55.0
"Bradish, Kyle",Four-Seam,346,0.5853987620446889,0.8126906012005146,1.001577617503061,2026,-1.0860198976272926,61.0
"Bradish, Kyle",Sinker,666,0.669020217002152,0.8760627188061809,1.102303922718088,2026,0.8818476411521335,41.0
"Bradish, Kyle",Slider,514,0.7636793451273761,0.9236440916022193,1.1984675840947334,2026,0.2100337476487429,48.0
"Bradley, Taj",Curveball,187,0.6505871190906831,1.579778815394357,1.7084977919492648,2026,3.1219058837761566,20.0
"Bradley, Taj",Cutter,492,0.6708901985924304,1.0830414227244631,1.2739985800244913,2026,2.4320789069624733,26.0
"Bradley, Taj",Four-Seam,957,0.6684238838439571,0.8974650629263257,1.1190326302956466,2026,0.5432205581800821,45.0
"Bradley, Taj",Offspeed,414,0.6486776646627443,1.2689665266469399,1.4251521877970474,2026,2.1060832928552333,29.0
"Brash, Matt",Slider,156,0.9797557539982484,0.8560201232122961,1.3010348914756555,2026,1.0834981004581634,39.0
"Bratt, Mitch",Four-Seam,114,0.8130261219767444,0.7792520313710112,1.1261639327435378,2026,0.6421401885514126,44.0
"Brazobán, Huascar",Offspeed,314,0.8118906739187238,0.8653571961248728,1.18659577922783,2026,0.27834719914680145,47.0
"Brazobán, Huascar",Sinker,397,0.7484591669639928,0.7937187875359468,1.0909540037508307,2026,0.7230537272962595,43.0
"Brogdon, Connor",Four-Seam,129,0.6911379485536463,0.7740184881236833,1.0376783142613202,2026,-0.585260379212743,56.0
"Brogdon, Connor",Offspeed,104,0.7543860537806647,0.7235426519824006,1.045280960974842,2026,-0.8043577067743979,58.0
"Brown, Ben",Curveball,366,0.7251656181174359,1.1391921453864395,1.350416201698499,2026,0.4434015393583499,46.0
"Brown, Ben",Four-Seam,371,0.6849380264136836,0.8162398589748783,1.065545685274358,2026,-0.19870686249216185,52.0
"Brown, Ben",Sinker,207,0.6199224519604654,0.8361610046762284,1.0408982045261848,2026,0.02273539965042131,50.0
"Brown, Hunter",Curveball,172,0.7618972588570431,1.0981168057906014,1.336543284826058,2026,0.33963002715478235,47.0
"Brown, Hunter",Four-Seam,284,0.661492337046491,0.835333369463547,1.0655298917020353,2026,-0.19892593808849396,52.0
"Brown, Hunter",Sinker,221,0.6553123163169806,0.8049048455495101,1.037933544262737,2026,-0.018742430089503683,50.0
"Brubaker, JT",Offspeed,105,0.7171129305013192,0.9090475190350075,1.1578507446799402,2026,0.05811275869231176,49.0
"Brubaker, JT",Sinker,388,0.8103526650677384,0.7237481373437294,1.086500256829654,2026,0.6607424537992904,43.0
"Brubaker, JT",Slider,207,0.7133730091260604,0.8243528981523459,1.0901645521854681,2026,-0.7122761002894132,57.0
"Bruihl, Justin",Sinker,395,0.7494245448097732,0.6453940265480813,0.989025074438096,2026,-0.7030087553876364,57.0
"Bruihl, Justin",Sweeper,334,0.9955805894430626,0.7720290564476748,1.2598450595510875,2026,0.1732870780874754,48.0
"Bubic, Kris",Four-Seam,334,0.6785205449573297,0.8233157498348995,1.0668828210517753,2026,-0.18015920197363622,52.0
"Bubic, Kris",Offspeed,162,0.7532064517734592,1.034840601299575,1.2799277436993193,2026,0.9934241957547464,40.0
"Bubic, Kris",Sinker,103,0.688561092987673,0.7369288776753293,1.0085536919411873,2026,-0.4297886897240683,54.0
"Bubic, Kris",Sweeper,140,0.7380090439702737,0.8977424556895177,1.1621526860655458,2026,-0.668210940050733,57.0
"Buehler, Walker",Curveball,170,0.7541714540977399,1.112605746116934,1.3441228100394393,2026,0.3963260198151381,46.0
"Buehler, Walker",Cutter,417,0.7697129298985341,0.7932355917414595,1.105296656313774,2026,0.3476191161896086,47.0
"Buehler, Walker",Four-Seam,348,0.696267879203179,0.9090233794552056,1.145038193252197,2026,0.9039485870440152,41.0
"Buehler, Walker",Offspeed,174,0.8150664220208216,0.992520106595518,1.2843011462667946,2026,1.026931682612189,40.0
"Buehler, Walker",Sinker,301,0.730006616441748,0.793920655250418,1.0785266185319593,2026,0.5491852491518631,45.0
"Buehler, Walker",Slider,181,0.6273291261311565,0.7802266354884012,1.0011470597359966,2026,-1.4703500754823857,65.0
"Buehler, Walker",Sweeper,131,0.8220174218937344,0.8390775510138698,1.1746334656020383,2026,-0.5607045823888146,56.0
"Bummer, Aaron",Sinker,109,0.8308092815329635,0.6467208658579935,1.0528494387220957,2026,0.18994216639930028,48.0
"Burke, Brock",Four-Seam,324,0.7504450979253293,0.8961620361179851,1.1688773417169527,2026,1.2346258752017,38.0
"Burke, Brock",Offspeed,133,0.7163851049598023,1.0086387344948164,1.2371579185098287,2026,0.6657366953883485,43.0
"Burke, Brock",Sinker,107,0.6884317307411999,0.8489275593346967,1.0929850176874745,2026,0.7514691418050223,42.0
"Burke, Brock",Slider,241,0.7427532537859255,0.9464820131913475,1.203125345632917,2026,0.2496992977287563,48.0
"Burke, Sean",Curveball,403,0.6881303709330894,1.19464692769879,1.378660469173128,2026,0.6546729232982845,43.0
"Burke, Sean",Cutter,116,0.6829206119511878,0.8176357190938456,1.065320952279591,2026,-0.14631566436439364,51.0
"Burke, Sean",Four-Seam,709,0.65667831245456,0.8117735344657385,1.0441277112054665,2026,-0.4957995876540278,55.0
"Burke, Sean",Sinker,287,0.6748692172493508,0.7867202858504101,1.0365217163954177,2026,-0.03849496518593867,50.0
"Burke, Sean",Slider,350,0.7441719617838887,0.9171406422309523,1.1810753008750479,2026,0.06192086651458859,49.0
"Burns, Chase",Four-Seam,1052,0.6504660547660572,0.8868431532150588,1.099816742374541,2026,0.2766733819381356,47.0
"Burns, Chase",Offspeed,103,0.6086499660130769,1.032160095119438,1.1982525790018927,2026,0.3676575379969303,46.0
"Burns, Chase",Slider,701,0.6103991075585615,0.9376025684739625,1.1187875789966832,2026,-0.4685220793687569,55.0
"Burrows, Mike",Curveball,226,0.8691299321458831,0.9404572347532738,1.2805649727177773,2026,-0.07909619686082266,51.0
"Burrows, Mike",Four-Seam,447,0.8121722909932817,0.7718040261993184,1.1204040722501656,2026,0.562244086099147,44.0
"Burrows, Mike",Offspeed,424,0.7444587207723904,0.8115234635354002,1.1012670515377077,2026,-0.37541178542561865,54.0
"Burrows, Mike",Sinker,212,0.6833591168490009,0.6955335145721814,0.9750623326094477,2026,-0.8983580287636357,59.0
"Burrows, Mike",Slider,258,0.7301124026983641,0.7693393663774897,1.0606352724815893,2026,-0.9637477811212575,60.0
"Cabrera, Edward",Curveball,238,0.7974706475426239,0.9627488449906526,1.2501379012824496,2026,-0.30669528390230383,53.0
"Cabrera, Edward",Four-Seam,203,0.7622349587434003,0.7677012145870701,1.0818351478894628,2026,0.027247320857652663,50.0
"Cabrera, Edward",Offspeed,367,0.7030281969007965,0.763706554268691,1.038025214852964,2026,-0.8599487057891791,59.0
"Cabrera, Edward",Sinker,257,0.8016921672626675,0.7456026832791317,1.0948213061332674,2026,0.7771602000510753,42.0
"Cabrera, Edward",Slider,138,0.8156657676393079,0.7465876804424019,1.1057593811887771,2026,-0.5794703596457573,56.0
"Cameron, Noah",Curveball,319,0.6761406797789329,1.2318896280088873,1.4052466952274936,2026,0.8535419071475319,41.0
"Cameron, Noah",Cutter,379,0.7121428620675958,0.7184023682892405,1.011557916659949,2026,-0.8106049831465569,58.0
"Cameron, Noah",Four-Seam,499,0.743151434469123,0.7902991502570579,1.0848257009540947,2026,0.06872984188671358,49.0
"Cameron, Noah",Offspeed,386,0.6591731992739557,0.8987716758471016,1.114585049220592,2026,-0.27337392692947954,53.0
"Cameron, Noah",Slider,185,0.623428273436402,1.0051037839195782,1.1827495206379697,2026,0.07617854100193942,49.0
"Canning, Griffin",Four-Seam,285,0.7130007235041234,0.8858373789722976,1.1371358290467826,2026,0.7943334147846505,42.0
"Canning, Griffin",Offspeed,255,0.7972060340042944,0.8368680636556544,1.1558051810835686,2026,0.04244036305436484,50.0
"Canning, Griffin",Sinker,115,0.8212102935323967,0.8748611204872953,1.199903465427053,2026,2.2473387448340247,28.0
"Canning, Griffin",Slider,262,0.7791418553837911,1.026497050905462,1.2887040879614324,2026,0.978488837894892,40.0
"Cano, Yennier",Offspeed,139,0.7497054528238661,0.6201164856762008,0.9729351066752807,2026,-1.3586464384272008,64.0
"Cano, Yennier",Sinker,289,0.719908194292278,0.5759828365262821,0.9219674810870664,2026,-1.6411949867329383,66.0
"Cantillo, Joey",Curveball,511,0.7385461012916703,1.0227868753449199,1.2615638454358744,2026,-0.221227496986503,52.0
"Cantillo, Joey",Cutter,106,0.6107286951515833,0.8640555506140808,1.058102799178113,2026,-0.23550225792970297,52.0
"Cantillo, Joey",Four-Seam,659,0.6372326280024069,0.975605999505456,1.1652778589082922,2026,1.1846967757752764,38.0
"Cantillo, Joey",Offspeed,501,0.6612220687434475,1.1193409283724902,1.3000533597214972,2026,1.1476196543151407,39.0
"Cantillo, Joey",Slider,111,0.6941564206193244,1.0085319716150245,1.2243324197523813,2026,0.43029898142665135,46.0
"Castaño, Blas",Sinker,141,0.7990589250349501,0.6876951915813095,1.0542389872330011,2026,0.20938299652115613,48.0
"Castillo, Luis",Four-Seam,776,0.7281338840790649,0.6719271999628499,0.990790146899928,2026,-1.2356549204721134,62.0
"Castillo, Luis",Offspeed,227,0.9255780482308541,0.6584786014257632,1.1359087955916471,2026,-0.10999881104298546,51.0
"Castillo, Luis",Sinker,288,0.8775656730712718,0.58939109090704,1.0571203188822098,2026,0.24969499619397956,48.0
"Castillo, Luis",Slider,474,0.8109565431928439,0.6092238677920346,1.0142998748076297,2026,-1.3583405531742772,64.0
"Cavalli, Cade",Curveball,528,0.8617023757224593,0.9072164015980434,1.2512284298457388,2026,-0.2985379656429759,53.0
"Cavalli, Cade",Four-Seam,679,0.7550994347230678,0.7674864461998723,1.0766664299677993,2026,-0.044448932392105595,50.0
"Cavalli, Cade",Offspeed,151,0.7699673489608434,0.9487726201084289,1.22189164950629,2026,0.548771860775934,45.0
"Cavalli, Cade",Sinker,289,0.7770440162513919,0.6742232263612694,1.028773231648789,2026,-0.14690210209319435,51.0
"Cavalli, Cade",Sweeper,228,0.9255426476267811,0.8426691241361154,1.2516870396981505,2026,0.10301590651854418,49.0
"Cease, Dylan",Curveball,187,0.6497452774321996,1.2474012073801215,1.4064774074683286,2026,0.8627478204744257,41.0
"Cease, Dylan",Four-Seam,700,0.7359873815829743,0.8795658371275167,1.1468711731014918,2026,0.9293741934455448,41.0
"Cease, Dylan",Offspeed,226,0.7577316707839817,1.2713121394191318,1.4799972434918702,2026,2.5262870025610296,25.0
"Cease, Dylan",Sinker,173,0.8420538274465085,0.66348069061661,1.0720360419027002,2026,0.4583771941239084,45.0
"Cease, Dylan",Slider,572,0.6806880717679552,0.8645005117744295,1.100316947931562,2026,-0.6258181829835291,56.0
"Cecconi, Slade",Curveball,272,0.9129115717876665,1.1048473011353506,1.4332114626704238,2026,1.0627225886622302,39.0
"Cecconi, Slade",Cutter,441,0.8168837395643356,0.8861326392313704,1.2052095661235716,2026,1.5821304868765336,34.0
"Cecconi, Slade",Four-Seam,474,0.6322949383741816,0.8462576185980694,1.056384800216704,2026,-0.3257792129357111,53.0
"Cecconi, Slade",Sinker,383,0.6978721865716384,0.775052097851749,1.0429435953946296,2026,0.051351958262196414,49.0
"Chandler, Bubba",Four-Seam,858,0.6948978532816847,0.8727843927961307,1.1156323869465266,2026,0.4960551465704549,45.0
"Chandler, Bubba",Offspeed,301,0.748057756119172,0.8838725198475706,1.1579382703027588,2026,0.058783349521999574,49.0
"Chandler, Bubba",Sinker,128,0.735584141124008,0.7268957693455663,1.034147710999559,2026,-0.07170908851236034,51.0
"Chandler, Bubba",Slider,359,0.6732483187581154,0.8938587564953625,1.1190383260970398,2026,-0.46638671421855005,55.0
"Chandler, Bubba",Sweeper,101,0.8816611687921669,1.3002254528316255,1.5709591480198255,2026,2.853147127757212,21.0
"Chapman, Aroldis",Four-Seam,208,0.6809897589975936,0.8868960373426797,1.1181822896619982,2026,0.5314253241699051,45.0
"Chapman, Aroldis",Sinker,204,0.6924831801588749,0.8690315526630086,1.111192510021026,2026,1.0062056714213354,40.0
"Chapman, Aroldis",Slider,104,0.7485483186434357,0.9186356796637849,1.1849962435785435,2026,0.09531165904258528,49.0
"Civale, Aaron",Curveball,344,0.675195560733309,0.8655074745988534,1.097721382601456,2026,-1.4467938496012036,64.0
"Civale, Aaron",Cutter,488,0.7455313014667445,0.7610708983576077,1.0653852982811214,2026,-0.1455206132473887,51.0
"Civale, Aaron",Four-Seam,172,0.6919453727787368,0.8244531512055107,1.0763416731886775,2026,-0.048953694430464025,50.0
"Civale, Aaron",Sinker,257,0.7823990137344286,0.7105124625088745,1.056870936336614,2026,0.24620594657373637,48.0
"Clarke, Taylor",Cutter,138,0.5325816182405925,0.683344108525116,0.8663731013505404,2026,-2.604490334816804,76.0
"Clarke, Taylor",Offspeed,188,0.6655473355162785,0.8444807189650831,1.075221344894437,2026,-0.5749649158720587,56.0
"Clarke, Taylor",Sinker,131,0.6127417925437629,0.7793388290548195,0.9913735495776963,2026,-0.6701518195728356,57.0
"Clarke, Taylor",Slider,211,0.7711289433466911,0.8541048772580377,1.150710645046335,2026,-0.19666488686983555,52.0
"Cleavinger, Garrett",Sinker,147,0.7523137894874707,0.8330687721983915,1.1224881367146533,2026,1.1642399954821894,38.0
"Cleavinger, Garrett",Slider,232,0.7620724666525229,0.7841475006155013,1.0934540443710463,2026,-0.6842627475328982,57.0
"Cole, Gerrit",Curveball,140,0.7780262777413604,0.9501127726035605,1.2280224629543637,2026,-0.4721221007319512,55.0
"Cole, Gerrit",Four-Seam,475,0.7139150806067586,0.7893376768523077,1.0642972847923424,2026,-0.2160236591276599,52.0
"Cole, Gerrit",Offspeed,158,0.7776716543816923,1.0421772510833147,1.3003486550553789,2026,1.1498821042877756,39.0
"Cole, Gerrit",Slider,207,0.7136877265822348,0.8479717852545908,1.1083349311746773,2026,-0.5575369467580849,56.0
"Collyer, Gavin",Cutter,153,0.9254223557780028,0.6989212065955881,1.159697111147019,2026,1.019784306754359,40.0
"Collyer, Gavin",Four-Seam,114,0.9606944462629184,0.7735786274515399,1.2334333025868176,2026,2.130093685489497,29.0
"Corbin, Patrick",Cutter,214,0.6744018890840562,0.684531906459563,0.960937999540713,2026,-1.4360583243202798,64.0
"Corbin, Patrick",Four-Seam,159,0.6943647110824023,0.6973352088575282,0.9840826924140677,2026,-1.3286952764690785,63.0
"Corbin, Patrick",Offspeed,247,0.7005562230728071,1.0227996490206577,1.2397169611337973,2026,0.6853431884489134,43.0
"Corbin, Patrick",Sinker,383,0.7759603010705355,0.6794595639155614,1.0313969593875099,2026,-0.11019417512687589,51.0
"Corbin, Patrick",Slider,387,0.7713361398879693,0.7884053087223124,1.1029697962858265,2026,-0.603226496314272,56.0
"Cornelio, Riley",Four-Seam,171,0.7324231658848803,0.8970078101642276,1.158044345187374,2026,1.0843593537142113,39.0
"Cornelio, Riley",Slider,198,0.8338310522431805,1.243670952737122,1.4973281745719709,2026,2.7551339253491918,22.0
"Coulombe, Danny",Cutter,143,0.7080821897991378,0.8712954959405061,1.1227360458972335,2026,0.5630980245669591,44.0
"Coulombe, Danny",Sinker,114,0.6375846494731937,0.876648182661913,1.0839862644001954,2026,0.6255698064500522,44.0
"Criswell, Cooper",Offspeed,124,0.879876636653589,0.5752282246726452,1.0512232903569416,2026,-0.7588296492491001,58.0
"Criswell, Cooper",Sinker,120,0.8327158134752928,0.47750715611740696,0.9599107823934223,2026,-1.110339626758067,61.0
"Crochet, Garrett",Cutter,128,0.7124846808738321,0.7279218151447261,1.0185796922398753,2026,-0.7238448055845912,57.0
"Crochet, Garrett",Four-Seam,174,0.7376954856005165,0.6811708708585408,1.0040858453247734,2026,-1.051227800275673,61.0
"Crochet, Garrett",Sinker,116,0.7470570091984463,0.7043436223540009,1.0267395547768106,2026,-0.17535477307271796,52.0
"Crow, Coleman",Cutter,107,0.7616602893427709,0.6357168411425022,0.9920999437929198,2026,-1.0510252531656556,61.0
"Cruz, Fernando",Four-Seam,247,0.6974648232013634,0.8492367632874406,1.0989359670709833,2026,0.26445598292795935,47.0
"Cruz, Fernando",Offspeed,401,0.8020736625173547,1.0970932695051054,1.359020162505842,2026,1.5994027542785303,34.0
"Cruz, Steven",Cutter,168,0.7818102231075842,0.762989409441766,1.0924193626423075,2026,0.18850889218188688,48.0
"Cruz, Steven",Four-Seam,351,0.8293772464078362,0.7009299252544109,1.0858956565785678,2026,0.08357139651996336,49.0
"Davila, Nick",Slider,234,0.8306434519593889,0.8452864042804495,1.1851065983886773,2026,0.0962514418571513,49.0
"Davis, Tyler",Four-Seam,243,0.6830455922577069,0.8425506281736982,1.0846394986992567,2026,0.06614699557533173,49.0
"Davis, Tyler",Slider,126,0.7582649904766008,0.871064322480956,1.1548674597899478,2026,-0.16126540537331926,52.0
"De Jesus, Enmanuel",Four-Seam,219,0.8152264340171569,0.7190805818419641,1.0870469271850722,2026,0.09954088648129204,49.0
"De Jesus, Enmanuel",Offspeed,106,0.7168953990153725,0.8089804830746707,1.0809201798121533,2026,-0.5313024281037884,55.0
"De Los Santos, Enyel",Four-Seam,346,0.6718934891956949,0.7285820028707816,0.9910966631619567,2026,-1.2314031760587703,62.0
"De Los Santos, Enyel",Offspeed,192,0.7391725562710568,0.6885663522709171,1.0101978466735937,2026,-1.0731523062264792,61.0
"De Los Santos, Enyel",Slider,243,0.7935790272385144,0.7716680381077946,1.106905250466344,2026,-0.5697121238833918,56.0
"Detmers, Reid",Curveball,227,0.7056905899076628,0.9996374887178637,1.2236316102219582,2026,-0.5049663419318706,55.0
"Detmers, Reid",Four-Seam,926,0.7245138964199421,0.7495947684968414,1.0425030949898615,2026,-0.5183349431121945,55.0
"Detmers, Reid",Offspeed,203,0.6802209798698857,0.9855725205221342,1.1975198431188938,2026,0.3620435709333547,46.0
"Detmers, Reid",Slider,663,0.665108841467103,0.9814244519960996,1.1855647287152045,2026,0.10015288491323446,49.0
"Dion, Will",Four-Seam,127,0.5720603842945408,0.8229527722315174,1.002249643852647,2026,-1.0766980944101978,61.0
"Dobbins, Hunter",Four-Seam,180,0.7943828883874298,0.7697575513039387,1.1061513735254282,2026,0.3645422357082875,46.0
"Dobnak, Randy",Sinker,135,0.795819930512692,0.6285627354509309,1.0141106814341236,2026,-0.3520422218078682,54.0
"Dodd, Dylan",Cutter,160,0.7280028632406524,0.7629413405431781,1.0545461858052543,2026,-0.27944732627261887,53.0
"Dodd, Dylan",Sinker,292,0.6390921047982479,0.6811946144848152,0.9340582536536844,2026,-1.4720359730929953,65.0
"Dollander, Chase",Four-Seam,280,0.766576156444011,0.7032266684220367,1.0402724406656316,2026,-0.5492767665520739,55.0
"Dollander, Chase",Sinker,178,0.7841646451792327,0.7286560269710782,1.0704456064603882,2026,0.43612580454585176,46.0
"Dollander, Chase",Slider,108,0.8986202661363801,0.7027783235999289,1.1407961057230802,2026,-0.2810972161814365,53.0
"Domínguez, Seranthony",Four-Seam,271,0.843499544859657,0.7977644401133421,1.1609993902185318,2026,1.1253493361681457,39.0
"Domínguez, Seranthony",Sinker,118,0.8294341450952638,0.8421556876725089,1.1820267354544345,2026,1.9972298297408002,30.0
"Domínguez, Seranthony",Sweeper,209,1.0427682237994151,1.095894245764741,1.512729244268801,2026,2.3515690940316034,26.0
"Dotel, Wilber",Four-Seam,191,0.6356378460312171,0.9359129072227667,1.13135690266749,2026,0.7141728458619556,43.0
"Doval, Camilo",Cutter,187,0.9594656084639767,0.7973139054159206,1.2475110090074302,2026,2.104801804687219,29.0
"Doval, Camilo",Sinker,275,0.8440144875957567,0.763382136771805,1.138030202592978,2026,1.3816852016854033,36.0
"Doval, Camilo",Slider,161,0.8929978517785965,0.8402237016671433,1.2261407064951497,2026,0.44569837183474825,46.0
"Dreyer, Jack",Curveball,103,0.6683870345495774,1.3152739470786452,1.475359882814297,2026,1.3779991332805983,36.0
"Dreyer, Jack",Four-Seam,320,0.5794908002787968,0.8955112831000719,1.066653667207542,2026,-0.18333783781685997,52.0
"Dreyer, Jack",Slider,260,0.7322959977650249,1.221434320676143,1.4241345540602068,2026,2.1318162230266497,29.0
"Drohan, Shane",Curveball,177,0.781884619034247,0.8291474858527192,1.1396618405378918,2026,-1.1330728936845786,61.0
"Drohan, Shane",Cutter,138,0.6416784417247365,0.7857309934300085,1.0144576958211684,2026,-0.7747756758646346,58.0
"Drohan, Shane",Four-Seam,376,0.71967057115869,0.772862006730439,1.056049910013384,2026,-0.33042453759687324,53.0
"Drohan, Shane",Sinker,265,0.7129012326578699,0.6706983888507744,0.9788076911897122,2026,-0.8459576416357971,58.0
"Drohan, Shane",Slider,258,0.7266010894267089,0.7683059057332493,1.0574701451770017,2026,-0.9907020411409105,60.0
"Duran, Jhoan",Four-Seam,158,0.6861422034369654,0.7765885011118192,1.0362822122358541,2026,-0.6046259715892947,56.0
"Duran, Jhoan",Offspeed,298,0.6676611071037807,0.7799675021568229,1.02670378316231,2026,-0.946689571220421,59.0
"Early, Connelly",Curveball,166,0.9488540080985216,0.9307178866518043,1.329119901746351,2026,0.2841020012226243,47.0
"Early, Connelly",Four-Seam,536,0.7942803503361737,0.7402941035243592,1.0857792752871505,2026,0.08195704985422278,49.0
"Early, Connelly",Offspeed,279,0.728063972199572,0.8969626793397629,1.155257198957611,2026,0.038241914912364734,50.0
"Early, Connelly",Sinker,304,0.8511077354072593,0.7321406057953314,1.1226817197783296,2026,1.1669483683283792,38.0
"Early, Connelly",Slider,123,0.7572760134052174,0.6928692039596545,1.0264183816916883,2026,-1.255139211121014,63.0
"Early, Connelly",Sweeper,120,1.008392573938911,0.8192749741718347,1.299256351333101,2026,0.5127662282356631,45.0
"Eisert, Brandon",Four-Seam,241,0.7087505300944953,0.9465828105143419,1.1825169474770578,2026,1.4238233983833535,36.0
"Eisert, Brandon",Offspeed,130,0.7073557115845598,0.9036129187511193,1.14754887026445,2026,-0.02081661409198502,50.0
"Eisert, Brandon",Slider,227,0.7858767861165067,0.8544200547619335,1.160877234222549,2026,-0.11008609815208767,51.0
"Elder, Bryce",Cutter,253,0.5789479650591649,0.7973002071898638,0.9853265279241942,2026,-1.1347167293147473,61.0
"Elder, Bryce",Four-Seam,395,0.6327138190635577,0.8388207415838408,1.0506888280291444,2026,-0.40478910874589236,54.0
"Elder, Bryce",Offspeed,152,0.5438097695807771,0.903800178848322,1.05479089338966,2026,-0.7314959177009454,57.0
"Elder, Bryce",Sinker,467,0.6958011504745389,0.7741242116173284,1.040868644937411,2026,0.02232183874246187,50.0
"Elder, Bryce",Slider,439,0.6761424710879388,0.8558505373381232,1.090710219751726,2026,-0.7076291891070773,57.0
"Englert, Mason",Curveball,105,0.7434678696538735,0.8571139260284661,1.1346315505042153,2026,-1.1707002224155767,62.0
"Englert, Mason",Four-Seam,100,0.613106581025453,0.8755442631690153,1.0688673614929471,2026,-0.15263127024838408,52.0
"Englert, Mason",Offspeed,161,0.7447923165052265,0.9041000308994578,1.1713720419224722,2026,0.1617082275885728,48.0
"Englert, Mason",Sinker,114,0.6297901585997864,0.6748662172026015,0.9230818246452982,2026,-1.625604481152926,66.0
"Enns, Dietrich",Four-Seam,160,0.6287338171416295,0.7468663547506131,0.9762763771985639,2026,-1.436978135220649,64.0
"Eovaldi, Nathan",Curveball,403,0.8675716583196632,0.9413501225283059,1.2801643001988403,2026,-0.08209328778054811,51.0
"Eovaldi, Nathan",Cutter,353,0.7326643237698383,0.7554419884615585,1.0523733221893588,2026,-0.3062949563324522,53.0
"Eovaldi, Nathan",Four-Seam,245,0.6098963523338862,0.7672734031899145,0.9801438852703275,2026,-1.3833312072278352,64.0
"Eovaldi, Nathan",Offspeed,680,0.6210492175720302,0.7529438425896866,0.9760259016750292,2026,-1.334965843916344,63.0
"Eovaldi, Nathan",Sinker,132,0.6158883096946732,0.6552386129237947,0.8992530510845432,2026,-1.9589869684652603,70.0
"Erceg, Lucas",Four-Seam,213,0.7083279854397962,0.8031930734267811,1.0709097292292935,2026,-0.12430120529349545,51.0
"Erceg, Lucas",Sinker,196,0.7181886265225634,0.6634760813263061,0.9777501796258987,2026,-0.8607530248143233,59.0
"Erceg, Lucas",Slider,213,0.9286833990731325,0.9781131131259568,1.3487616979225714,2026,1.4899401254008,35.0
"Estrada, Jeremiah",Four-Seam,186,0.5453317707297166,0.8079554919155851,0.9747711613931567,2026,-1.4578572652516568,65.0
"Estrada, Jeremiah",Offspeed,103,0.6308695218883859,1.2579310859141504,1.407262225229127,2026,1.969016632200029,30.0
"Fairbanks, Pete",Cutter,145,0.8397896098588838,1.0222552079566514,1.3229710121621838,2026,3.037176130527138,20.0
"Fairbanks, Pete",Four-Seam,306,0.6937707801334003,0.8692493123186227,1.1121655732548572,2026,0.44796632528541597,46.0
"Fairbanks, Pete",Slider,137,0.7595990595298836,1.0068119551830252,1.2612141151835201,2026,0.7443839179711191,43.0
"Falter, Bailey",Four-Seam,100,0.5988199775811512,0.9572300666634143,1.1291035231876372,2026,0.6829157975370332,43.0
"Farris, Mitch",Four-Seam,331,0.7575207184184181,0.7251654528162805,1.0486670457258573,2026,-0.43283362930771446,54.0
"Farris, Mitch",Offspeed,178,0.8807327268157066,1.1986743599534633,1.4874509596265937,2026,2.583394778845053,24.0
"Faucher, Calvin",Curveball,125,0.9775136603047546,1.0952438301711331,1.4680231618098991,2026,1.3231193527526484,37.0
"Faucher, Calvin",Cutter,320,0.7873629463742247,0.9496427983156798,1.2335971196934334,2026,1.9328835350531188,31.0
"Faucher, Calvin",Sinker,113,0.8354807740692217,0.7241538678988357,1.1056341837299308,2026,0.9284405006921647,41.0
"Faucher, Calvin",Sweeper,182,0.9524805472954286,0.7851825276496817,1.2343949103518461,2026,-0.04593423211697874,50.0
"Fedde, Erick",Cutter,307,0.7050860489678945,0.8219981084484478,1.082971480114773,2026,0.07177204174524744,49.0
"Fedde, Erick",Offspeed,212,0.7663956400636801,0.8569015391443857,1.1496271242871035,2026,-0.004893755796622198,50.0
"Fedde, Erick",Sinker,499,0.7215936103293265,0.845688397638647,1.111704189237737,2026,1.0133644490033296,40.0
"Fedde, Erick",Sweeper,619,0.8898824459540969,0.749967700623389,1.163762140471832,2026,-0.6543474966226335,57.0
"Feltner, Ryan",Four-Seam,315,0.6758355070992621,0.9774190351795646,1.1883188136975142,2026,1.5043021701343922,35.0
"Feltner, Ryan",Offspeed,183,0.7294574744901895,1.0887351348167984,1.3105160818830717,2026,1.227781386493483,38.0
"Feltner, Ryan",Sinker,156,0.639902907072245,0.8978560034183998,1.1025521000632903,2026,0.8853198291112483,41.0
"Feltner, Ryan",Slider,299,0.6961796420634214,1.0119830334664481,1.2283223331225024,2026,0.46427712893378503,45.0
"Feltner, Ryan",Sweeper,120,0.8502263811173791,0.9824831831365137,1.2992913854459327,2026,0.5130680034455718,45.0
"Ferguson, Caleb",Four-Seam,101,0.6957542145946477,0.8189434882402548,1.0745893932369384,2026,-0.07325989745574481,51.0
"Ferguson, Caleb",Sinker,125,0.6303025774227947,0.6904182980041741,0.9348576176749049,2026,-1.4608522684435297,65.0
"Fermin, José",Sinker,184,0.7141800243072941,0.8462954828576761,1.1073703768048313,2026,0.9527311493186662,40.0
"Fermin, José",Slider,346,0.7427570299299132,0.8659420725744275,1.1408521720910212,2026,-0.28061975435623654,53.0
"Fernandez, Ryan",Slider,107,0.6061409940581022,1.0126463875219491,1.1801947342870995,2026,0.0544219514656502,49.0
"Ferrer, José A.",Offspeed,114,1.043316191855822,0.8689089815519685,1.3577597336827358,2026,1.589745787746553,34.0
"Ferrer, José A.",Sinker,510,0.8194706130837364,0.6252066539882539,1.0307353908249308,2026,-0.11945001753764485,51.0
"Festa, Matt",Four-Seam,320,0.7300614029549879,0.7816533228868937,1.0695660658719162,2026,-0.1429394110948176,51.0
"Festa, Matt",Sweeper,286,0.864762014426704,0.8868293127101872,1.2386603939245633,2026,-0.009192408320735283,50.0
"Finnegan, Kyle",Four-Seam,377,0.6834685274386327,0.8720565178795843,1.1079764430597785,2026,0.38985811665136666,46.0
"Finnegan, Kyle",Offspeed,227,0.724230280663512,0.8779319804696145,1.1381010771285867,2026,-0.0932023136582911,51.0
"Finnegan, Kyle",Slider,113,0.671162393604327,0.972764332721204,1.1818330701089805,2026,0.06837403790415948,49.0
"Fisher, Braydon",Curveball,243,0.635391397795669,1.047600198016435,1.225229938940772,2026,-0.4930106018611448,55.0
"Fisher, Braydon",Four-Seam,147,0.8001627724239102,0.9711204686662902,1.258306571164497,2026,2.4751154471956585,25.0
"Fisher, Braydon",Slider,424,0.6776370382114751,1.0072221233991427,1.2139556669914673,2026,0.3419304372382623,47.0
"Flaherty, Jack",Curveball,321,0.8632277433944623,0.8429708626569745,1.2065496310780337,2026,-0.6327421243065365,56.0
"Flaherty, Jack",Four-Seam,806,0.79136021051973,0.7841376425003166,1.114056921875981,2026,0.47420157584055417,45.0
"Flaherty, Jack",Slider,397,0.7841973608193086,0.6804902364604634,1.0382834211495366,2026,-1.1540964005437773,62.0
"Fluharty, Mason",Cutter,363,0.8207200273009518,0.741249273932602,1.1059077037974212,2026,0.355169142187531,46.0
"Fluharty, Mason",Sweeper,315,0.7985028063742509,0.8095081703120164,1.137062095749156,2026,-0.8843350986912696,59.0
"Foster, Cameron",Four-Seam,110,0.7314397248938022,0.8371856254951984,1.1117031270480926,2026,0.4415516474374295,46.0
"Franco, Jose",Four-Seam,160,0.7518589517751048,0.7283982631254915,1.046831368028582,2026,-0.45829665806329317,55.0
"Franco, Jose",Slider,141,0.8507440822002087,0.9186458988410765,1.2520686006989412,2026,0.6665006129067246,43.0
"Freeland, Kyle",Curveball,339,0.7951550925857571,0.96540591042078,1.2507118745500256,2026,-0.30240187722449774,53.0
"Freeland, Kyle",Cutter,354,0.7181715101496898,0.7406879791934726,1.0316922993375477,2026,-0.5618270784235787,56.0
"Freeland, Kyle",Four-Seam,414,0.683185969385918,0.8038794354931647,1.0549716657686052,2026,-0.3453810652330093,53.0
"Freeland, Kyle",Offspeed,231,0.6648253355900459,0.8220117615801945,1.0572114561517916,2026,-0.7129504090978892,57.0
"Freeland, Kyle",Sinker,100,0.7831805253485112,0.654477498644153,1.020643195008264,2026,-0.2606474373387559,53.0
"Freeland, Kyle",Sweeper,191,0.8594464029131469,0.8943232616706881,1.2403476189543177,2026,0.005340932082767327,50.0
"Fried, Max",Curveball,128,0.6862745396223937,1.0801794460090954,1.2797501237798121,2026,-0.0851913899112539,51.0
"Fried, Max",Cutter,215,0.5866474697813736,0.7937999719023312,0.9870530123519352,2026,-1.1133845044659498,61.0
"Fried, Max",Four-Seam,158,0.6531495253319477,0.8578518103908422,1.0781994393581338,2026,-0.023184272344975963,50.0
"Fried, Max",Offspeed,132,0.6499499678626468,0.925103128544111,1.130597523067673,2026,-0.15069193077014933,52.0
"Fried, Max",Sinker,214,0.7203120325968045,0.863876487482305,1.1247808719606256,2026,1.196317088208009,38.0
"Fuentes, Didier",Four-Seam,532,0.8088214494515564,0.6566437534366291,1.0418124380234004,2026,-0.527915175101362,55.0
"Fuentes, Didier",Slider,180,0.9141260876125613,0.7157855883348339,1.1610234763008422,2026,-0.10884069895490053,51.0
"Funderburk, Kody",Cutter,165,0.740290346315765,0.7357725173968048,1.043738949261139,2026,-0.412980184286781,54.0
"Funderburk, Kody",Sinker,183,0.7796395245316177,0.697888487238213,1.0463680656592727,2026,0.09926287619689485,49.0
"Funderburk, Kody",Sweeper,103,1.1319227504186535,1.1161874071320774,1.589692876236023,2026,3.014514843616865,20.0
"Gaddis, Hunter",Four-Seam,185,0.6363160125980519,0.7661590195808795,0.9959406162888522,2026,-1.1642117960338976,62.0
"Gaddis, Hunter",Offspeed,131,0.8840393886803952,1.090425231966504,1.4037638075002543,2026,1.9422129743470284,31.0
"Gaddis, Hunter",Slider,276,0.7122480618201777,0.8815605452118177,1.1333341503902354,2026,-0.3446433124174423,53.0
"Gage, Matt",Four-Seam,174,0.6712889382391856,0.7728351490147913,1.0236713369802868,2026,-0.7795537814886736,58.0
"Gage, Matt",Slider,236,0.6392605712849837,0.8959507155499331,1.1006278947464674,2026,-0.623170156381536,56.0
"Gallen, Zac",Curveball,304,0.6090243565159684,0.7938410824609691,1.0005470159030472,2026,-2.173672780141757,72.0
"Gallen, Zac",Four-Seam,605,0.6819969960871659,0.819079451832838,1.0658381917939985,2026,-0.19464944983641166,52.0
"Gallen, Zac",Offspeed,288,0.5679350399709286,0.7157932327952127,0.913734185494995,2026,-1.8122232719776643,68.0
"Gallen, Zac",Slider,353,0.5821976883219526,0.78718892603129,0.9790916982355233,2026,-1.6581737841368644,67.0
"Garcia, Brandyn",Sinker,187,0.7287206521793355,0.684662767177421,0.9998984416788134,2026,-0.5508821590721199,56.0
"Garcia, Brandyn",Sweeper,114,1.0971961520822375,0.8009395059375605,1.3584342046325144,2026,1.0225096656443162,40.0
"Garcia, Julian",Sweeper,153,0.7021318728452561,0.9350463467334809,1.1693163974753864,2026,-0.6065044962535914,56.0
"Garcia, Rico",Curveball,117,0.6985657634890718,1.043438059249524,1.2556898938071785,2026,-0.2651655417917212,53.0
"Garcia, Rico",Four-Seam,224,0.7179317198467744,0.7877239788468515,1.0658025244915037,2026,-0.19514419766191915,52.0
"Garcia, Rico",Offspeed,189,0.7216450950600228,0.9763346967805172,1.214084463026232,2026,0.48895591784864884,45.0
"Garcia, Rico",Slider,133,0.6547071010374272,0.9349609571428196,1.1413997457202492,2026,-0.27595661112003145,53.0
"García, Luis",Sinker,124,0.696481310765084,0.7416377760568541,1.0174049376328023,2026,-0.30595309671884874,53.0
"Gasser, Robert",Cutter,156,0.822203674560046,0.6752939621737422,1.0639740682029584,2026,-0.16295759492937756,52.0
"Gasser, Robert",Four-Seam,238,0.7395507654375858,0.7280877981313605,1.0378088342498786,2026,-0.583449912033906,56.0
"Gasser, Robert",Sinker,230,0.7785973414886204,0.7112117843277738,1.0545311860442266,2026,0.2134710779420347,48.0
"Gasser, Robert",Sweeper,250,0.9306344720060473,0.7216797037676457,1.1776680836789843,2026,-0.5345651304905105,55.0
"Gausman, Kevin",Four-Seam,1060,0.6445195650598852,0.7155176940530344,0.9630010593181896,2026,-1.6211225530719586,66.0
"Gausman, Kevin",Offspeed,773,0.6666710830361446,0.7108599364243741,0.9745625593925981,2026,-1.346177462682281,63.0
"Gausman, Kevin",Slider,213,0.7979829886264753,0.9243151787737959,1.221120550907598,2026,0.4029466699206245,46.0
"Gibson, Cade",Curveball,118,0.9928439425450033,0.963395986374383,1.3834272372664116,2026,0.6903290681387696,43.0
"Gibson, Cade",Sinker,122,0.7693594877705044,0.8741218118333278,1.1644754026364286,2026,1.751673465893763,32.0
"Gibson, Cade",Sweeper,143,1.015529156898621,0.6201568545033365,1.1899134391621504,2026,-0.429086657577708,54.0
"Gibson, Trey",Cutter,119,0.795074867192998,0.6984747545484282,1.0583057342674898,2026,-0.23299481744154169,52.0
"Gibson, Trey",Four-Seam,119,0.7713622089277388,0.8796703425745315,1.1699656272587986,2026,1.2497216875479702,38.0
"Gibson, Trey",Sinker,157,0.8610024611577259,0.7915135809591033,1.1695379373762804,2026,1.822502139445665,32.0
"Gibson, Trey",Slider,130,0.666936982466725,0.8936036685976655,1.1150481851081715,2026,-0.5003668001295161,55.0
"Gil, Luis",Four-Seam,152,0.7427816157109737,0.9706048946784357,1.2222104525047812,2026,1.97441943244247,30.0
"Gilbert, Logan",Curveball,156,0.7256592438205255,0.9189367659127541,1.170908244863093,2026,-0.8993450729555771,59.0
"Gilbert, Logan",Cutter,139,0.6482299508740277,0.8024444843070442,1.0315615442642976,2026,-0.5634426716938533,56.0
"Gilbert, Logan",Four-Seam,780,0.6488981368321094,0.7311652894410601,0.977584509118067,2026,-1.4188327926412636,64.0
"Gilbert, Logan",Offspeed,416,0.9421420218108774,0.9055958176040808,1.3068034948391787,2026,1.1993368379615217,38.0
"Gilbert, Logan",Slider,468,0.6394766054272455,0.8514640974997179,1.0648574731952452,2026,-0.9277914719623522,59.0
"Ginkel, Kevin",Four-Seam,316,0.6713258712532729,0.8179462537144939,1.0581656294642825,2026,-0.30107699728686954,53.0
"Ginkel, Kevin",Slider,346,0.6413854872799265,0.8691847988820304,1.08021181159109,2026,-0.7970337520591195,58.0
"Ginn, J.T.",Cutter,308,0.820394832689511,0.8247949681888491,1.1633290252775845,2026,1.064659781806354,39.0
"Ginn, J.T.",Four-Seam,221,0.7689342739824917,0.7952346212753929,1.106190770427958,2026,0.36508871751361055,46.0
"Ginn, J.T.",Offspeed,350,0.6910023309775627,0.7411278704837502,1.0132890712053513,2026,-1.04946842079101,60.0
"Ginn, J.T.",Sinker,578,0.7891233365771738,0.7440877101720437,1.0846115252751867,2026,0.6343176769685326,44.0
"Ginn, J.T.",Slider,271,0.9103172955031612,0.7705603730218433,1.1926612540716464,2026,0.1605869753260741,48.0
"Giolito, Lucas",Four-Seam,229,0.5935750908945118,1.042427865150581,1.1995779435171463,2026,1.6604796662087846,33.0
"Giolito, Lucas",Offspeed,191,0.5741920107228288,1.1534087683662162,1.2884285979913659,2026,1.0585547797961374,39.0
"Glasnow, Tyler",Curveball,177,0.736357713524391,1.288400882220502,1.4839809687369434,2026,1.4424861572609047,36.0
"Glasnow, Tyler",Four-Seam,174,0.5100525306659912,0.932715498610924,1.0630671593967178,2026,-0.2330869586209463,52.0
"Glasnow, Tyler",Sinker,152,0.6901721803356119,0.8526697260557843,1.0969882862826106,2026,0.8074778842702198,42.0
"Gordon, Tanner",Four-Seam,376,0.6568891442646915,0.7432045040970742,0.9918952982865563,2026,-1.2203251588376214,62.0
"Gordon, Tanner",Offspeed,202,0.5586471328314887,0.7905550488880466,0.9680206115280938,2026,-1.3962995881235007,64.0
"Gordon, Tanner",Slider,239,0.7336668932351222,0.8714791359772408,1.1391852328190155,2026,-0.2948154281003819,53.0
"Gore, MacKenzie",Curveball,402,0.7415326973615253,1.0483736618150175,1.2841176254703803,2026,-0.05252181802891654,51.0
"Gore, MacKenzie",Cutter,169,0.6339158104919905,0.9346220742022586,1.1293217771644402,2026,0.6444704933413371,44.0
"Gore, MacKenzie",Four-Seam,892,0.6966069182276783,0.8169911439545071,1.0736553114583645,2026,-0.08621672055338937,51.0
"Gore, MacKenzie",Offspeed,209,0.7964363501593271,1.129139400002108,1.3817621519249363,2026,1.7736439543088092,32.0
"Gore, MacKenzie",Sinker,105,0.7063350097347515,0.8167380254387482,1.0798009761870828,2026,0.5670144724523144,44.0
"Gore, MacKenzie",Slider,196,0.7516256420195486,1.0373387225243493,1.2810201914840171,2026,0.913052688354824,41.0
"Graceffo, Gordon",Curveball,100,0.7231265597006558,1.3148546221591315,1.5005847855945156,2026,1.566685213559163,34.0
"Graceffo, Gordon",Four-Seam,320,0.5830680673918804,0.8320190567501861,1.0159842922051363,2026,-0.8861822176491134,59.0
"Graceffo, Gordon",Slider,230,0.6176504011618644,1.0244130565647094,1.1962082295803111,2026,0.19079305898195664,48.0
"Granillo, Andre",Slider,118,0.8245025939641867,1.1597069395361137,1.4229282178177125,2026,2.121543049905242,29.0
"Gray, Peyton",Four-Seam,253,0.6744141950530115,0.6816109831992888,0.9588681029771001,2026,-1.6784515636683768,67.0
"Gray, Peyton",Offspeed,278,0.804621216258669,0.8239250171461026,1.151636980794202,2026,0.010505064563019625,50.0
"Gray, Peyton",Slider,133,0.8009430100614781,0.8476529602988813,1.1662012032534514,2026,-0.06474711750902643,51.0
"Gray, Sonny",Curveball,256,0.7949612842767226,0.9182007403373554,1.2145188524905506,2026,-0.5731311452553502,56.0
"Gray, Sonny",Cutter,315,0.5870425112979587,0.7065742279063653,0.9186218207796341,2026,-1.9589117167799783,70.0
"Gray, Sonny",Four-Seam,279,0.6228807745532979,0.7851888592182089,1.0022484741562387,2026,-1.0767143194879012,61.0
"Gray, Sonny",Sinker,324,0.7072463912732636,0.787805413257825,1.058694869699191,2026,0.2717241479011141,47.0
"Gray, Sonny",Sweeper,300,0.7126403888776102,0.8709586975187193,1.1253556667308053,2026,-0.9851713919140519,60.0
"Greene, Hunter",Four-Seam,190,0.7409765820545945,0.7864237852891807,1.0805131490277535,2026,0.008909627328713948,50.0
"Greene, Hunter",Slider,120,0.7566492988382103,0.9505769330860324,1.2149545946855802,2026,0.35043731680955964,46.0
"Griffin, Foster",Curveball,200,0.7374852481164921,1.0545374850777454,1.2868309129887812,2026,-0.03222601784381977,50.0
"Griffin, Foster",Cutter,649,0.6744692694585697,0.7294630076935016,0.9934913562971881,2026,-1.0338331349388399,60.0
"Griffin, Foster",Four-Seam,317,0.779083349636401,0.8442026241221247,1.148759738263557,2026,0.955570834119355,40.0
"Griffin, Foster",Offspeed,324,0.7732519258575632,0.9883096928198516,1.2548603865626247,2026,0.8013668383883745,42.0
"Griffin, Foster",Sinker,198,0.6268838905961571,0.7290952313254202,0.9615421304500613,2026,-1.087515838894718,61.0
"Griffin, Foster",Sweeper,288,0.8526126952785016,0.9007074460344857,1.2402509066685004,2026,0.004507876298152478,50.0
"Guerrero, Tyron",Sinker,306,0.692134231150949,0.7478767546968025,1.0190041384345485,2026,-0.283579073161207,53.0
"Gusto, Ryan",Four-Seam,151,0.6611570657356343,0.7962745308448996,1.0349791273472229,2026,-0.6227013058592626,56.0
"Gusto, Ryan",Offspeed,102,0.6690954047712216,1.0239635495319388,1.2231884611359005,2026,0.5587075796962345,44.0
"Gómez, Yoendrys",Cutter,122,0.7388991953134842,0.7449089085219707,1.0492193778377847,2026,-0.34526469679886496,53.0
"Gómez, Yoendrys",Four-Seam,326,0.7942405845368384,0.8049630697640513,1.130833166213913,2026,0.7069079995343213,43.0
"Gómez, Yoendrys",Sweeper,184,1.0680765894764164,0.9072203138419422,1.4013694369562386,2026,1.3923431707547702,36.0
"Hader, Josh",Sinker,223,0.6183350206000482,0.6874975556834976,0.9246572807106673,2026,-1.60356266433911,66.0
"Hader, Josh",Slider,130,0.8587600700564626,0.8973830099481209,1.2420809653428113,2026,0.5814457969502207,44.0
"Hall, DL",Sinker,203,0.6992859564282154,0.919313891217251,1.1550492974080058,2026,1.6197951550479643,34.0
"Halvorsen, Seth",Four-Seam,235,0.7393135228026981,0.8983139679890941,1.1634227391981158,2026,1.1589640632215572,38.0
"Halvorsen, Seth",Slider,110,0.798301683311396,1.1278641934551938,1.381797096702748,2026,1.771269956047161,32.0
"Hancock, Emerson",Cutter,191,0.9374333538360873,0.6411836955787376,1.1357366879520896,2026,0.7237323257148638,43.0
"Hancock, Emerson",Four-Seam,628,0.7326581484255424,0.6016302155936197,0.9480226151150455,2026,-1.8288913547655063,68.0
"Hancock, Emerson",Sinker,387,0.6956677032851611,0.5468781236103096,0.8848893916629265,2026,-2.159945380893689,72.0
"Hancock, Emerson",Sweeper,293,1.4463665414276072,0.6774011368379683,1.5971375871698188,2026,3.0786417480300146,20.0
"Hanifee, Brenan",Sinker,184,0.7424451909395535,0.6473767360937924,0.9850489835458549,2026,-0.7586372613220912,58.0
"Harris, Hogan",Curveball,241,0.8147359108348254,1.0368629168304102,1.3186657319813535,2026,0.20590323341326072,48.0
"Harris, Hogan",Four-Seam,530,0.6716678185327093,0.7612037732215238,1.0151693665685413,2026,-0.8974862036097621,59.0
"Harrison, Kyle",Curveball,448,0.8186507713373201,0.8779535602660636,1.200413070319982,2026,-0.67864452503793,57.0
"Harrison, Kyle",Four-Seam,844,0.6304237973164784,0.7412669301612249,0.9730934312662759,2026,-1.481129373709624,65.0
"Harrison, Kyle",Offspeed,140,0.8758390658264166,0.9528439678468317,1.2942201112213425,2026,1.1029273365054946,39.0
"Hart, Kyle",Offspeed,121,0.7829450155413453,1.0029865031543497,1.2723933443989826,2026,0.9356982531643533,41.0
"Hart, Kyle",Sinker,157,0.866040152278036,0.7415863783985938,1.1401648573711198,2026,1.4115506296175457,36.0
"Hart, Kyle",Slider,102,0.6534160223837361,0.6851072293011603,0.9467441121805278,2026,-1.9336461938155176,69.0
"Hart, Kyle",Sweeper,176,0.7771519856210166,0.7506905476451041,1.0805098366412011,2026,-1.3714623151021335,64.0
"Headrick, Brent",Four-Seam,390,0.6085372312443889,0.7483538589225196,0.964547075043418,2026,-1.5996774797203046,66.0
"Headrick, Brent",Slider,278,0.7111595058212272,0.9173532460730901,1.1607259886815353,2026,-0.11137410689454456,51.0
"Helsley, Ryan",Four-Seam,123,0.6324819523033687,0.9939882839125862,1.1781536947889986,2026,1.3632999040745164,36.0
"Helsley, Ryan",Slider,106,0.6494702937636062,1.0409431955178097,1.2269369986988794,2026,0.45247960527197606,45.0
"Henderson, Logan",Cutter,134,0.7356274828445524,0.7003753733555742,1.0157132750531384,2026,-0.759261896498024,58.0
"Henderson, Logan",Four-Seam,300,0.6967738354416425,0.7650670529721135,1.0348049928848873,2026,-0.6251167575632136,56.0
"Henderson, Logan",Offspeed,218,0.6904832403645054,0.8103092704793305,1.064597679430597,2026,-0.6563597395626171,57.0
"Henriquez, Edgardo",Four-Seam,210,0.8003835564934975,0.9359118058298037,1.2314807127181424,2026,2.1030089461326256,29.0
"Henriquez, Edgardo",Sinker,176,0.7884565436303368,0.8321173857611669,1.1463346216875314,2026,1.4978702787884033,35.0
"Henriquez, Edgardo",Slider,144,0.8294604070794512,1.0448211875561602,1.334037436085912,2026,1.3645481446209051,36.0
"Henry, Cole",Four-Seam,135,0.8757461039084703,0.7382676067384184,1.1454127193593309,2026,0.9091437087420242,41.0
"Hentges, Sam",Four-Seam,119,0.7423257153820682,0.9927816927885307,1.239622102599643,2026,2.215939688261657,28.0
"Hentges, Sam",Sinker,104,0.7664833519474477,0.9191242781611004,1.1967815872237335,2026,2.203661317716124,28.0
"Hentges, Sam",Slider,105,0.6569893492329627,0.966948806742173,1.1690273734458334,2026,-0.04067942010082338,50.0
"Herget, Jimmy",Sinker,125,1.0622874744670219,0.7255511634701882,1.2864210699543395,2026,3.4577851876637813,20.0
"Herget, Jimmy",Slider,157,0.887877604453807,0.6242241290455156,1.0853489778745191,2026,-0.7532855857319564,58.0
"Herget, Jimmy",Sweeper,166,1.1159438218372735,0.5552603163396097,1.2464528199648568,2026,0.05792962828702535,49.0
"Hernández, Jonathan",Sinker,125,0.8376544038951981,0.7632561833373178,1.1332364721308916,2026,1.3146173024130985,37.0
"Hernández, Jonathan",Slider,139,0.8719692090972997,0.8109797744151793,1.1908058179754857,2026,0.1447860604897968,49.0
"Herrin, Tim",Curveball,163,1.072316431017263,0.9902979412476621,1.4596412369719345,2026,1.2604212897850735,37.0
"Herrin, Tim",Four-Seam,115,0.829577144156789,0.6215726294367442,1.0366054079408624,2026,-0.6001428635020092,56.0
"Herrin, Tim",Sinker,135,0.7773628371135415,0.6796375340494891,1.0325696868560905,2026,-0.09378683467277783,51.0
"Herrin, Tim",Slider,155,0.7683951053354326,0.7637728392793628,1.0834112736741806,2026,-0.769787096676365,58.0
"Hicks, Jordan",Sinker,265,0.7855003429231708,0.7825183163743142,1.1087586320717915,2026,0.9721538859837995,40.0
"Hicks, Jordan",Sweeper,179,1.009301701550967,1.164898231680839,1.5413233972553662,2026,2.5978720776733764,24.0
"Hill, Jaden",Four-Seam,146,0.7343443575242891,0.7466580082983584,1.047263012229417,2026,-0.4523092406019608,55.0
"Hill, Jaden",Slider,143,0.998984320207926,0.9790976319822046,1.3987858467165204,2026,1.9159463438235342,31.0
"Hill, Tim",Sinker,436,0.779780911502277,0.5776012758514356,0.9704027534011475,2026,-0.9635490509675821,60.0
"Hoffman, Jeff",Four-Seam,264,0.7699006580555733,0.8563500899254282,1.151556555185065,2026,0.9943660048631884,40.0
"Hoffman, Jeff",Offspeed,192,0.7645572334301144,0.8932896952169314,1.175803658257223,2026,0.1956617280502544,48.0
"Hoffman, Jeff",Slider,363,0.8668126720499159,0.9712471784686625,1.3018007874132098,2026,1.090020478947936,39.0
"Hoffmann, Andrew",Four-Seam,118,0.7266647042133377,0.7465064682917816,1.041783806531339,2026,-0.5283123278840961,55.0
"Holderman, Colin",Sinker,317,0.8093483601913417,0.6733998035667195,1.0528589951119334,2026,0.1900758674899456,48.0
"Holderman, Colin",Sweeper,207,1.1780613667766724,0.7555261570429256,1.3995171874142072,2026,1.376388349891015,36.0
"Holmes, Clay",Offspeed,121,0.7198037466793971,0.7575834941656919,1.0450120498664102,2026,-0.8064180100034232,58.0
"Holmes, Clay",Sinker,418,0.6887658233459409,0.7766795876353751,1.0380893705548035,2026,-0.01656230291236137,50.0
"Holmes, Clay",Sweeper,157,0.8873432652776305,0.9174633991901883,1.2763687395448002,2026,0.31561798346891845,47.0
"Holmes, Grant",Curveball,115,0.7492014582533493,1.0736140948443669,1.3091791511086,2026,0.13494217656711938,49.0
"Holmes, Grant",Cutter,139,0.6173972078034821,0.8033060938912816,1.0131534892040814,2026,-0.7908902890971391,58.0
"Holmes, Grant",Four-Seam,492,0.7451667900531843,0.8081270048438713,1.0992464696127493,2026,0.26876302177328776,47.0
"Holmes, Grant",Sinker,180,0.6240807725868441,0.6884737484318972,0.9292324321677864,2026,-1.5395528499558355,65.0
"Holmes, Grant",Slider,584,0.7311336296364513,0.8936543865823536,1.1546317798515917,2026,-0.16327245840106228,52.0
"Holton, Tyler",Cutter,244,0.7080339274947711,0.6803626450744056,0.9819395965619843,2026,-1.176565228035723,62.0
"Holton, Tyler",Four-Seam,100,0.8169653619804317,0.7480533501507421,1.1077076407371966,2026,0.38612950934757523,46.0
"Holton, Tyler",Offspeed,127,0.8313273092327458,0.6834269270245046,1.0761865357168872,2026,-0.5675699600455149,56.0
"Holton, Tyler",Sinker,135,0.6586398405242029,0.5723069371084623,0.8725489497949194,2026,-2.3325974560833753,73.0
"Holton, Tyler",Sweeper,125,0.9439607219334272,0.7902162443702062,1.2310579017331518,2026,-0.07467840158438353,51.0
"Hoppe, Alex",Four-Seam,152,0.5829142266629763,0.9433592120040992,1.10892542513872,2026,0.40302162460294216,46.0
"Hoppe, Alex",Slider,201,0.679797579244959,1.1359434617781534,1.3238173201404495,2026,1.2775135213292241,37.0
"Houser, Adrian",Curveball,110,0.8169365638079155,1.0646450468393225,1.3419591741352594,2026,0.38014169666960657,46.0
"Houser, Adrian",Four-Seam,262,0.7310432994206448,0.8618937874644415,1.1301704325001705,2026,0.6977150962074651,43.0
"Houser, Adrian",Offspeed,231,0.6723416967748016,0.9132528810226126,1.1340521072323448,2026,-0.12422411041523215,51.0
"Houser, Adrian",Sinker,648,0.7873781866728232,0.7226961515883146,1.0687628999777001,2026,0.41258347362458836,46.0
"Houser, Adrian",Slider,149,0.7346890030404385,0.7291635580572101,1.0351074463973313,2026,-1.1811430375503569,62.0
"Hudson, Bryan",Four-Seam,495,0.7377243406892274,0.5916119353004303,0.945643635221681,2026,-1.8618906299234443,69.0
"Hudson, Bryan",Sweeper,194,1.032144380538141,0.6268980537531282,1.2076105299623396,2026,-0.27664828082586107,53.0
"Hughes, Gabriel",Four-Seam,186,0.6408013238955123,0.7572035996532255,0.9919594891093303,2026,-1.2194347559261711,62.0
"Hurt, Kyle",Four-Seam,280,0.6268909412173165,0.842668501821619,1.0502773234449199,2026,-0.41049716581752016,54.0
"Hurt, Kyle",Offspeed,180,0.630131415724561,0.9698388544975776,1.1565694984635437,2026,0.04829629654534863,50.0
"Hurter, Brant",Sinker,208,0.8539656051597109,0.6660295652223907,1.0829832115716835,2026,0.6115363419906935,44.0
"Iglesias, Raisel",Four-Seam,221,0.658580940288378,0.6986298788318429,0.9601107032565149,2026,-1.6612152227282484,67.0
"Iglesias, Raisel",Offspeed,195,0.6217724875461201,0.6932973589949809,0.9312691631632101,2026,-1.6778763819536684,67.0
"Iglesias, Raisel",Sinker,112,0.7373008606937107,0.6552238721160889,0.9863725877022776,2026,-0.7401190423814443,57.0
"Imai, Tatsuya",Four-Seam,492,0.8224471308318071,0.8385785660665329,1.1745779218424268,2026,1.3136996885807424,37.0
"Imai, Tatsuya",Slider,522,0.7495318715782124,0.9298358870281765,1.1943168772637411,2026,0.1746862812053695,48.0
"Imanaga, Shota",Four-Seam,775,0.6930800696789579,0.7834207074092452,1.0459961700617222,2026,-0.4698818453095697,55.0
"Imanaga, Shota",Offspeed,624,0.6882105730878602,0.8675677160903781,1.1073877075858283,2026,-0.3285174511110619,53.0
"Imanaga, Shota",Sinker,128,0.6256707723581086,0.7432361984972162,0.9715266142210338,2026,-0.9478253917296736,59.0
"Imanaga, Shota",Sweeper,267,0.895300627825305,1.0051821705236903,1.3460885595394914,2026,0.9161673227596475,41.0
"Irvin, Jake",Curveball,243,0.9575075731830354,0.7880194375644688,1.240078782449844,2026,-0.3819390111078283,54.0
"Irvin, Jake",Cutter,101,0.709616320642805,0.7088977545316554,1.0030410504573855,2026,-0.9158383127503051,59.0
"Irvin, Jake",Four-Seam,261,0.8217993891790978,0.7576267809989771,1.117744414140375,2026,0.525351470892173,45.0
"Irvin, Jake",Sinker,228,0.7781590874369563,0.7092715929528458,1.0528996903459438,2026,0.19064522446090149,48.0
"Jansen, Kenley",Cutter,389,0.6539378405293951,0.9606242610213818,1.1620816107912233,2026,1.0492468850114942,40.0
"Javier, Cristian",Four-Seam,204,0.651612801651259,0.8061152600846365,1.0365428383897717,2026,-0.6010107774506352,56.0
"Jax, Griffin",Curveball,120,0.5676734394402158,1.105693577493455,1.2429044296148275,2026,-0.3608027438065694,54.0
"Jax, Griffin",Four-Seam,228,0.6628992313026653,0.928607903382104,1.1409417290490218,2026,0.8471257657195181,42.0
"Jax, Griffin",Offspeed,310,0.5728741591586409,0.7568982173972002,0.9492521865820375,2026,-1.5400967214795374,65.0
"Jax, Griffin",Sinker,275,0.6051440157295231,0.7401208296370296,0.9560220302042512,2026,-1.164746198462719,62.0
"Jax, Griffin",Sweeper,337,0.7006101736846181,0.9908688949237158,1.2135385376648475,2026,-0.22558588408813923,52.0
"Johnson, Pierce",Curveball,336,0.8067777424224842,0.9763799424501917,1.2665733763534428,2026,-0.18375544957740397,52.0
"Johnson, Pierce",Four-Seam,195,0.7444453102732069,0.8965558031924985,1.1653373452463958,2026,1.1855219218997535,38.0
"Johnson, Ryan",Cutter,220,0.8042704936597811,0.6479178070177709,1.0327867696782649,2026,-0.5483039402919089,55.0
"Johnson, Ryan",Offspeed,200,0.8140193495053246,0.7272229498589643,1.0915496874492912,2026,-0.44986284371673,54.0
"Johnson, Ryan",Sinker,210,0.8004814444726436,0.6709054917371302,1.0444542698404993,2026,0.07248743143286314,49.0
"Johnson, Ryan",Sweeper,122,0.858953008625829,0.7829629281126143,1.1622526480185116,2026,-0.6673498924345402,57.0
"Johnson, Seth",Four-Seam,147,0.6873032484233896,0.9299790127192262,1.1563938426814502,2026,1.0614649246802514,39.0
"Jones, Jared",Four-Seam,332,0.7496376860370763,0.8335483024447892,1.1210528233921948,2026,0.5712430345579221,44.0
"Jones, Jared",Offspeed,100,0.7220850092541562,0.959245215136075,1.2006490508683334,2026,0.38601847055003546,46.0
"Jones, Jared",Slider,237,0.6991652392575735,0.9076083320715858,1.145680983621473,2026,-0.2394975406022928,52.0
"Jump, Gage",Curveball,134,0.8406827381006786,1.109725579127475,1.3922062803730861,2026,0.755997635697888,42.0
"Jump, Gage",Four-Seam,523,0.6920466670062776,0.7353530917974772,1.0097884723696378,2026,-0.9721255936948335,60.0
"Jump, Gage",Slider,247,0.7101866074332569,0.8962725391964045,1.1435337694598833,2026,-0.25778324075264125,53.0
"Junis, Jakob",Four-Seam,108,0.8241810305121402,0.7174445192008485,1.0927035321565453,2026,0.17800471227235898,48.0
"Junis, Jakob",Offspeed,112,0.6814672940123132,0.7292881087533205,0.9981276563533642,2026,-1.1656298994235301,62.0
"Junis, Jakob",Sinker,110,0.6805205472814867,0.6475826951791906,0.9393995754564927,2026,-1.3973068585787447,64.0
"Junis, Jakob",Sweeper,254,0.8165894180129736,0.715484093717894,1.0856959822961874,2026,-1.3267901351279938,63.0
"Junk, Janson",Four-Seam,423,0.658728251460164,0.7993708408046412,1.0358169000361426,2026,-0.6110804041616155,56.0
"Junk, Janson",Offspeed,223,0.6998059992945831,0.9519030828377508,1.1814600779394553,2026,0.23899924506094847,48.0
"Junk, Janson",Slider,253,0.6111846312333398,0.8513333092643115,1.048005275234222,2026,-1.0713049809089594,61.0
"Junk, Janson",Sweeper,163,0.7033923630392352,0.7850528879233506,1.054072508520506,2026,-1.599186941136805,66.0
"Kahnle, Tommy",Offspeed,106,0.7033346991369123,0.7424580400665044,1.0227040824546492,2026,-0.9773338846189512,60.0
"Kay, Anthony",Cutter,314,0.6461795710285686,0.7283029674858837,0.9736391787841167,2026,-1.279124148076551,63.0
"Kay, Anthony",Four-Seam,435,0.7536604673651505,0.8143684927947539,1.109594584578465,2026,0.41230366037729577,46.0
"Kay, Anthony",Offspeed,271,0.6770128337549304,0.7393647793512418,1.0025002015032174,2026,-1.1321289818011995,61.0
"Kay, Anthony",Sinker,341,0.7131123459226925,0.6628502104313938,0.9736013657428326,2026,-0.9187980554662784,59.0
"Kay, Anthony",Slider,109,0.7817893338904338,0.9654548677653194,1.2422953208784933,2026,0.583271251122964,44.0
"Kay, Anthony",Sweeper,424,1.082762654424448,0.8350813377911757,1.3673828310108973,2026,1.0995909268912134,39.0
"Keller, Brad",Four-Seam,170,0.8594806705901128,0.9120433139503916,1.2532078956181383,2026,2.404390764837208,26.0
"Keller, Brad",Sinker,106,0.6749525329332501,0.887937475789997,1.115344737121811,2026,1.0642984555596362,39.0
"Keller, Brad",Slider,120,0.8020248392216541,0.9310264252570644,1.2288425640640335,2026,0.46870742153148665,45.0
"Keller, Mitch",Curveball,162,0.9586244503458318,0.9465738577905131,1.3472055912344123,2026,0.4193856884728929,46.0
"Keller, Mitch",Cutter,140,0.7086418289769775,0.7539066561117267,1.0346731309478376,2026,-0.5249962972561474,55.0
"Keller, Mitch",Four-Seam,576,0.6560323523329052,0.7237242539654363,0.9768087034242029,2026,-1.4295941385577742,64.0
"Keller, Mitch",Offspeed,166,0.7194466676788814,0.8597479568247055,1.121057561813176,2026,-0.2237837903517168,52.0
"Keller, Mitch",Sinker,317,0.7707291317046437,0.7097964325630209,1.0477759159941524,2026,0.11895976261906172,49.0
"Keller, Mitch",Slider,167,0.7499889658970407,0.7474597832648702,1.0588576753113135,2026,-0.9788858187819752,60.0
"Keller, Mitch",Sweeper,290,0.9023090741689728,0.7290943874542761,1.1600604687450542,2026,-0.686232784191603,57.0
"Kelly, Kevin",Offspeed,167,1.0370760153869267,0.5868998287750381,1.1916283274188282,2026,0.316904830137232,47.0
"Kelly, Kevin",Sinker,390,0.7609681939590934,0.5103719296138703,0.916270756247928,2026,-1.7208964573757164,67.0
"Kelly, Merrill",Curveball,199,0.8307942270907298,0.8116854555109559,1.1614871185059743,2026,-0.9698165201449722,60.0
"Kelly, Merrill",Cutter,255,0.7833002472265416,0.6444845582167997,1.0143567533590263,2026,-0.7760229082546909,58.0
"Kelly, Merrill",Four-Seam,461,0.7967961461367198,0.7505156892086311,1.0946039915177705,2026,0.2043663396078723,48.0
"Kelly, Merrill",Offspeed,467,0.6625230152931938,0.6182575294923366,0.9061893392482351,2026,-1.870029255432024,69.0
"Kelly, Merrill",Sinker,174,0.7709688707864354,0.6262227059637533,0.9932511652076109,2026,-0.6438825628978556,56.0
"Kelly, Merrill",Slider,188,0.6214387289112772,0.6215787883024856,0.878946121135107,2026,-2.511014654414127,75.0
"Kelly, Zack",Cutter,124,0.7239046158183564,0.8048352054804675,1.0824960049736483,2026,0.06589713059197606,49.0
"Kent, Zak",Four-Seam,108,0.6718569849171706,0.7997096661078227,1.0444746805204406,2026,-0.4909867113753652,55.0
"Kerkering, Orion",Four-Seam,243,0.7998383198824617,0.8753301078416208,1.1857251518148808,2026,1.468325000940821,35.0
"Kerkering, Orion",Sinker,136,0.7423734073467507,0.7793639920417157,1.0763486925837853,2026,0.5187144249639094,45.0
"Kerkering, Orion",Sweeper,330,0.8954565686003534,0.7804004676678696,1.187799375393736,2026,-0.4472966816345181,54.0
"Kikuchi, Yusei",Four-Seam,192,0.595572119949617,1.0115217975792201,1.173832397337532,2026,1.3033583787013985,37.0
"Kikuchi, Yusei",Offspeed,126,0.6078097049228183,1.1675329580326685,1.3162696705048234,2026,1.27186337806687,37.0
"Kikuchi, Yusei",Slider,134,0.6136106501060349,0.8612009350683393,1.057442707897753,2026,-0.9909356973221409,60.0
"Kilian, Caleb",Curveball,169,0.900163729767066,1.0329317376677627,1.3701250727833205,2026,0.5908268699577128,44.0
"Kilian, Caleb",Four-Seam,327,0.6607686077728642,0.8621162274981715,1.0862133964989422,2026,0.0879788263979303,49.0
"Kimbrel, Craig",Four-Seam,373,0.7569214038139899,0.8087818262859652,1.1077265249519856,2026,0.3863914558237529,46.0
"King, Bryan",Four-Seam,445,0.6653960044451822,0.7229348801559827,0.9825409323166939,2026,-1.3500813192106222,64.0
"King, Bryan",Sweeper,215,0.8207748806903894,0.8739230447781076,1.1989215541337812,2026,-0.35149297625610204,54.0
"King, John",Offspeed,115,0.7427914904771502,0.6889169642162716,1.0130872528613861,2026,-1.0510146826326012,61.0
"King, John",Sinker,191,0.7257481658237959,0.7270043883391122,1.0272515664923225,2026,-0.16819134358209734,52.0
"King, John",Slider,120,0.8283298165502823,0.7824437220164665,1.1394509480926356,2026,-0.292552593816918,53.0
"King, Michael",Four-Seam,387,0.7805407456288123,0.8200360928769507,1.1321232482409664,2026,0.7248029686787802,43.0
"King, Michael",Offspeed,574,0.9216457527254703,0.6442658281641755,1.1245040466165384,2026,-0.19737802448148098,52.0
"King, Michael",Sinker,570,0.8361154175478812,0.6920289432213644,1.0853538822510131,2026,0.6447038101215329,44.0
"King, Michael",Slider,103,0.9261350437217305,0.8686045427496327,1.2697243680794468,2026,0.8168573281424357,42.0
"King, Michael",Sweeper,396,0.9948317462895048,0.7697210385184271,1.2578396879425102,2026,0.15601330149632564,48.0
"Kinley, Tyler",Four-Seam,108,0.7586502751018629,1.0179027776859966,1.26951813879637,2026,2.6306331992657626,24.0
"Kinley, Tyler",Slider,402,0.6446990434602077,0.8428375656146985,1.0611371347049436,2026,-0.9594739167358574,60.0
"Kirby, George",Curveball,171,0.6926712961333005,0.9254570112249972,1.1559689459983304,2026,-1.0110932834229174,60.0
"Kirby, George",Four-Seam,533,0.6059329186447544,0.695035855217742,0.9220789239189933,2026,-2.188761148864666,72.0
"Kirby, George",Offspeed,131,0.6709482786216293,0.7297397489760761,0.9913080721052331,2026,-1.217879178112592,62.0
"Kirby, George",Sinker,375,0.7171972941819101,0.6841838514890731,0.9912010398603683,2026,-0.6725653604334977,57.0
"Kirby, George",Sweeper,542,0.7555863555784914,0.8606770009616814,1.1452840873428656,2026,-0.8135128903202177,58.0
"Kittredge, Andrew",Sinker,184,0.6713570198992713,0.6900455834038893,0.9627477111597018,2026,-1.0706488568567643,61.0
"Kittredge, Andrew",Slider,226,0.7083407925811868,0.7781104772991586,1.0522369473256812,2026,-1.0352680133892715,60.0
"Klein, Will",Curveball,121,0.847486326422758,1.3806564023700305,1.6200139428038567,2026,2.46003333629107,25.0
"Klein, Will",Four-Seam,364,0.6764934225793416,0.8895550256411932,1.1175649844356326,2026,0.5228625678901692,45.0
"Klein, Will",Sweeper,204,0.8421853713910888,0.9192432216875985,1.2467093889129661,2026,0.06013964994630826,49.0
"Kochanowicz, Jack",Four-Seam,245,0.8507381249552295,0.8027234395376668,1.169666737851223,2026,1.2455757366595714,38.0
"Kochanowicz, Jack",Offspeed,257,0.7651420403079492,0.8257107398924053,1.1257178011474611,2026,-0.18807866011573182,52.0
"Kochanowicz, Jack",Sinker,424,0.7429977041625456,0.8431320432964489,1.1237959026549522,2026,1.1825366258516707,38.0
"Kochanowicz, Jack",Slider,180,1.1926494848294111,1.170927085865653,1.6713716026299148,2026,4.2372897324113685,20.0
"Kolek, Stephen",Cutter,103,0.7351134125596924,0.851322160176957,1.1247849348802272,2026,0.5884138396262546,44.0
"Kolek, Stephen",Four-Seam,237,0.6976219379537815,0.7942393519895508,1.0571151860432104,2026,-0.3156478944964211,53.0
"Kolek, Stephen",Offspeed,100,0.5790302385679164,0.8535520396509239,1.0314199443331848,2026,-0.9105559873546452,59.0
"Kolek, Stephen",Sinker,182,0.7699740374238615,0.7205318893745467,1.0545265392167502,2026,0.21340606532616377,48.0
"Kolek, Stephen",Slider,137,0.8490121692951542,0.9276045866120043,1.2574863548821875,2026,0.7126382689707071,43.0
"Kremer, Dean",Four-Seam,128,0.677358354526928,0.7409018481570566,1.003867465878823,2026,-1.0542569824246515,61.0
"Kremer, Dean",Offspeed,179,0.7566214101146608,1.0542148658446815,1.2976305104350072,2026,1.129056627159035,39.0
"Kremer, Dean",Sinker,104,0.7694871811119423,0.6867766615969905,1.0313935741558167,2026,-0.11024153706764576,51.0
"Kuhnel, Joel",Cutter,178,0.900422373094737,0.8767084736842643,1.25673314502298,2026,2.218749359561666,28.0
"Kuhnel, Joel",Sinker,289,0.7099024388961473,0.7457797653183525,1.0296353388986779,2026,-0.13484057242339595,51.0
"Lambert, Peter",Cutter,169,0.6816800538199999,0.7884839710869207,1.0423025800778956,2026,-0.4307277815952175,54.0
"Lambert, Peter",Four-Seam,519,0.6760095172919531,0.8307177851478628,1.0710186301041968,2026,-0.12279062088464901,51.0
"Lambert, Peter",Offspeed,400,0.6646127179956063,0.9104079428092163,1.1271879556008468,2026,-0.1768148488691787,52.0
"Lambert, Peter",Sinker,160,0.6176576693068986,0.7035511779810188,0.9362079130685178,2026,-1.4419606189937046,64.0
"Lambert, Peter",Slider,250,0.6732648676086971,0.849066852053858,1.0836051408205871,2026,-0.7681361218590372,58.0
"Lambert, Peter",Sweeper,138,0.8222509809158624,0.848660865655317,1.1816606706292334,2026,-0.5001739709147193,55.0
"Lange, Alex",Offspeed,174,0.8493455154747089,0.8132529113536433,1.1759116048760536,2026,0.19648877743707927,48.0
"Lange, Alex",Sinker,198,0.7664825296625625,0.7867225135133906,1.0983750641501053,2026,0.8268799510042177,42.0
"Lange, Alex",Slider,262,0.8676168651650038,1.0565726943658287,1.3671521068257968,2026,1.6465530561751165,34.0
"Latz, Jacob",Four-Seam,423,0.6181118533289528,0.9070118738609863,1.0976032081542813,2026,0.24596903466323583,48.0
"Latz, Jacob",Offspeed,135,0.6831610650224628,1.0808218362619075,1.2786261699586736,2026,0.9834519911987287,40.0
"Latz, Jacob",Slider,142,0.5779978423854343,0.83535210256768,1.0158221503129674,2026,-1.3453768377076203,63.0
"Lauer, Eric",Curveball,172,0.7440024957521275,0.8516440752240115,1.1308569071945205,2026,-1.1989351241220978,62.0
"Lauer, Eric",Cutter,253,0.7524164958243788,0.7381462653897279,1.054035337309637,2026,-0.28575930615328154,53.0
"Lauer, Eric",Four-Seam,581,0.6885194391571234,0.7536545198979614,1.0208105374945275,2026,-0.8192364663510271,58.0
"Lauer, Eric",Offspeed,210,0.8231342448663974,0.803512146705989,1.150296377015872,2026,0.00023382545562628375,50.0
"Lauer, Eric",Slider,103,0.7507506992686123,0.9655566388053095,1.223080633152744,2026,0.41963875254838906,46.0
"Laweryson, Cody",Four-Seam,203,0.7389283143426064,0.6695625798913177,0.9971605197398877,2026,-1.1472902870463175,61.0
"Lawrence, Justin",Sinker,292,0.9517201717917253,0.6016938953117901,1.1259692842394708,2026,1.2129438709697735,38.0
"Lawrence, Justin",Sweeper,299,1.254092414678687,0.731173550951497,1.451675771708559,2026,1.825669534763524,32.0
"Leahy, Kyle",Curveball,269,0.7777193709274406,1.0439006169919889,1.3017587787574274,2026,0.0794366713388429,49.0
"Leahy, Kyle",Four-Seam,463,0.7006148505036556,0.9415055401080552,1.1735816336328804,2026,1.2998799884415635,37.0
"Leahy, Kyle",Offspeed,223,0.703956754515421,0.9110727853937252,1.1513508294663992,2026,0.008312672779355122,50.0
"Leahy, Kyle",Sinker,224,0.7125645347949136,0.7203281365053857,1.0132229964271504,2026,-0.36446160356161483,54.0
"Leahy, Kyle",Slider,272,0.7201218331500493,0.8720486996022213,1.1309484466841593,2026,-0.36495999223320247,54.0
"Leahy, Kyle",Sweeper,220,0.8913270072300967,0.9160944218564541,1.2781599366175862,2026,0.33104691341571135,47.0
"Leasure, Jordan",Four-Seam,164,0.6743510280015347,0.9384734021562782,1.1556304061080713,2026,1.0508751531479947,39.0
"Leasure, Jordan",Slider,129,0.6929709989530842,0.959123813234424,1.1832697471427964,2026,0.08060879581661658,49.0
"Lee, Dylan",Four-Seam,213,0.6703514048082381,0.8556156288805115,1.086944851550883,2026,0.09812497626325062,49.0
"Lee, Dylan",Offspeed,124,0.5876226789762155,0.7700671279748317,0.9686608252812695,2026,-1.39139449338559,64.0
"Lee, Dylan",Slider,386,0.5563927468139216,0.8885289106426728,1.0483589622619705,2026,-1.0682929781697035,61.0
"Legumina, Casey",Four-Seam,278,0.7124745897900443,0.6665531018064358,0.9756603295329132,2026,-1.4455234476404455,64.0
"Legumina, Casey",Sinker,143,0.7857321713605847,0.6225852382800529,1.0024906104474243,2026,-0.5146157658643667,55.0
"Leiter Jr., Mark",Curveball,106,0.8534042995992286,0.9024897109567036,1.2420896010180442,2026,-0.36689778470189005,54.0
"Leiter Jr., Mark",Offspeed,181,0.8976722252543063,0.957887874601547,1.31276982152306,2026,1.245048754452844,38.0
"Leiter Jr., Mark",Sinker,144,0.6694485419248238,0.7923128967004771,1.0372661551227695,2026,-0.028079706761353254,50.0
"Leiter, Jack",Curveball,122,0.887715945940521,1.1042072522363926,1.4167968296719606,2026,0.9399386561857872,41.0
"Leiter, Jack",Cutter,137,0.6947161804891678,0.7930525400174478,1.0543068351583347,2026,-0.28240471281822166,53.0
"Leiter, Jack",Four-Seam,538,0.6709202468887219,0.8272710237295461,1.0651344161127059,2026,-0.20441165397324323,52.0
"Leiter, Jack",Offspeed,243,0.7668136253835272,1.111547536621152,1.3503855235607274,2026,1.5332471588334915,35.0
"Leiter, Jack",Sinker,102,0.6652118185785852,0.8660325374621739,1.0920252375837292,2026,0.7380410953533794,43.0
"Leiter, Jack",Slider,255,0.7155506087858027,0.9674307753424917,1.2033016989988452,2026,0.25120112499291763,47.0
"Liberatore, Matthew",Curveball,290,0.8773225178948119,1.2932926064454413,1.5627861550102546,2026,2.031960845551634,30.0
"Liberatore, Matthew",Four-Seam,551,0.5988665702114315,0.9067500236976996,1.0866631374959685,2026,0.09421726790475962,49.0
"Liberatore, Matthew",Offspeed,260,0.6798706902847486,0.875355805223559,1.1083645344591488,2026,-0.3210333439165393,53.0
"Liberatore, Matthew",Sinker,152,0.6801705824018304,0.7270931888857689,0.9956387530067928,2026,-0.6104784115201786,56.0
"Liberatore, Matthew",Slider,409,0.7300010315492127,1.037963409850744,1.26896396570269,2026,0.8103817328787147,42.0
"Littell, Zack",Four-Seam,433,0.6337661252286595,0.8227577787396148,1.0385518109193657,2026,-0.5731439436561494,56.0
"Littell, Zack",Offspeed,327,0.6692490393655289,0.8982625651739172,1.120165127418502,2026,-0.2306213117756657,52.0
"Littell, Zack",Sinker,239,0.6123544328819571,0.7156141994789403,0.9418501122610051,2026,-1.3630220032102631,64.0
"Littell, Zack",Slider,467,0.6734028696147465,0.8641321129040643,1.095534451013485,2026,-0.6665459809732631,57.0
"Littell, Zack",Sweeper,141,0.9268176975747132,0.9216108557832097,1.3070415502328734,2026,0.5798260120369009,44.0
"Lodolo, Nick",Curveball,260,1.259445089053456,0.7890855336000059,1.4862226992202998,2026,1.4592546396463828,35.0
"Lodolo, Nick",Four-Seam,292,0.7198583636667966,0.7034577996714892,1.0065033232233715,2026,-1.0176945120849716,60.0
"Lodolo, Nick",Offspeed,259,0.7468734992270705,0.6288896073914596,0.976382180364161,2026,-1.3322361607212838,63.0
"Lodolo, Nick",Sinker,276,0.7547587745833036,0.5277116744945217,0.9209453942597803,2026,-1.6554947511694518,67.0
"Lopez, Jacob",Cutter,228,0.8326008101331381,0.5780150311472401,1.0135706612104076,2026,-0.7857357641581462,58.0
"Lopez, Jacob",Four-Seam,435,0.8433673169618838,0.7026866565394272,1.0977417586108518,2026,0.24789089396620057,48.0
"Lopez, Jacob",Offspeed,112,0.8502094557830133,0.6541047652652261,1.0727111273057273,2026,-0.594197328522232,56.0
"Lopez, Jacob",Slider,391,0.8883255806902862,0.661331569860274,1.1074663798971907,2026,-0.5649335392868732,56.0
"Lord, Brad",Four-Seam,376,0.7585762266822248,0.7387314847418768,1.0588494218898077,2026,-0.29159198462923513,53.0
"Lord, Brad",Sinker,236,0.6783532167329669,0.5960089985051082,0.9029893758793763,2026,-1.9067129707988548,69.0
"Lord, Brad",Slider,216,0.9348700855648067,0.8748561706954089,1.2803731472847215,2026,0.9075424526158876,41.0
"Lord, Brad",Sweeper,148,1.0130321364487773,0.8082789193974356,1.2959741205055988,2026,0.4844939011555555,45.0
"Lorenzen, Michael",Curveball,218,0.8701914777882018,1.1110337446185947,1.4112509308044516,2026,0.8984544955509949,41.0
"Lorenzen, Michael",Cutter,284,0.7096632806967325,0.835984152551981,1.0965817230317598,2026,0.23993849461722516,48.0
"Lorenzen, Michael",Four-Seam,374,0.7324346793800857,0.8637960368824557,1.1325211489824132,2026,0.7303223243022442,43.0
"Lorenzen, Michael",Offspeed,393,0.8274850717900845,1.0482511096068767,1.3355006300363508,2026,1.4192042902780813,36.0
"Lorenzen, Michael",Sinker,367,0.7106301744596224,0.7298016201994743,1.018629299450144,2026,-0.2888233528403009,53.0
"Lorenzen, Michael",Slider,156,0.7447179009703259,0.8803631952006228,1.1531019501715787,2026,-0.17630050530492172,52.0
"Lorenzen, Michael",Sweeper,141,0.886388519729084,0.9766627588206598,1.3189218143524273,2026,0.6821596779606041,43.0
"Lovelady, Richard",Four-Seam,116,0.8722470065227544,0.8169938881404544,1.1951124857714286,2026,1.5985384664247515,34.0
"Lovelady, Richard",Sinker,160,0.8507554696782033,0.6658922437280282,1.080369080196452,2026,0.5749626753765117,44.0
"Lovelady, Richard",Sweeper,231,0.9060494059646386,0.8065549546863466,1.2130360344927802,2026,-0.22991432251496707,52.0
"Lowder, Rhett",Four-Seam,287,0.7287931899348009,0.7803155445362069,1.0677227461940575,2026,-0.16850844319272001,52.0
"Lowder, Rhett",Offspeed,266,0.8256299946496297,0.7463313117297911,1.1129579124717421,2026,-0.2858404818340792,53.0
"Lowder, Rhett",Sinker,400,0.7410103307794038,0.6544305604861607,0.9886231176844045,2026,-0.7086324330811605,57.0
"Lowder, Rhett",Slider,365,0.8259818924717883,0.7581486873823512,1.1211759535732377,2026,-0.4481826543897145,54.0
"Loáisiga, Jonathan",Curveball,105,0.7519973999432297,0.7797082196179785,1.0832566626895104,2026,-1.5549921378678548,66.0
"Loáisiga, Jonathan",Offspeed,189,0.7567925984521079,0.788648882092016,1.0930242889784654,2026,-0.43856496052476635,54.0
"Loáisiga, Jonathan",Sinker,210,0.6482382657439333,0.6451057881973427,0.9145350333040375,2026,-1.7451805285153372,67.0
"Lugo, Seth",Curveball,390,0.9228021533580835,0.8374240402868949,1.2461311477901285,2026,-0.3366664048099096,53.0
"Lugo, Seth",Cutter,312,0.70239623847271,0.7108152873014679,0.9993091856287926,2026,-0.9619487660794581,60.0
"Lugo, Seth",Four-Seam,307,0.7628064509783228,0.7615381397813744,1.077874770089652,2026,-0.027687820506874614,50.0
"Lugo, Seth",Offspeed,172,0.8153996062468077,0.7991302128714629,1.141702945161936,2026,-0.06560605561260904,51.0
"Lugo, Seth",Sinker,399,0.7508685280302623,0.7047891996305904,1.029821034113336,2026,-0.13224255652522585,51.0
"Lugo, Seth",Slider,179,0.8618726909195421,0.7631821790792207,1.151204401406197,2026,-0.19246005210985873,52.0
"Lugo, Seth",Sweeper,208,0.8972448664634614,0.7943956426588898,1.1983792335777792,2026,-0.35616439181075477,54.0
"Luzardo, Jesús",Four-Seam,511,0.6626189880961648,0.7946686199042786,1.034679727667531,2026,-0.6268543348276482,56.0
"Luzardo, Jesús",Offspeed,389,0.7868596193830072,0.7482374556981005,1.0858210491260232,2026,-0.4937536747953687,55.0
"Luzardo, Jesús",Sinker,363,0.5970036311094512,0.6367415291418573,0.8728419733787901,2026,-2.3284978354720614,73.0
"Luzardo, Jesús",Sweeper,768,0.9692059459793035,1.007567705247609,1.3980532344583911,2026,1.3637782200823758,36.0
"Lynch IV, Daniel",Four-Seam,101,0.8192079000982075,0.818580261780962,1.1580912004504236,2026,1.0850092918336045,39.0
"Lynch IV, Daniel",Offspeed,159,0.7445758405482745,0.7618837716852915,1.0652981103360575,2026,-0.650993281982469,57.0
"Lynch IV, Daniel",Sinker,195,0.7089039697735151,0.78127086013775,1.0549544991425122,2026,0.21939354697966768,48.0
"Lynch IV, Daniel",Slider,155,0.789752414949819,0.8223620468663908,1.1401702561658724,2026,-0.28642695810799745,53.0
"López, Reynaldo",Curveball,134,0.7393176959371749,0.9715685530705221,1.2208751405616387,2026,-0.5255851510564926,55.0
"López, Reynaldo",Four-Seam,672,0.6836032712231455,0.7299078031105599,1.0000394159575257,2026,-1.1073565790305568,61.0
"López, Reynaldo",Slider,377,0.7728147421737521,0.8499777145155747,1.1487840270887313,2026,-0.2130719872453912,52.0
"Macko, Adam",Four-Seam,154,0.6459619694860317,0.7838040939642432,1.0156848545377553,2026,-0.8903357735518429,59.0
"Macko, Adam",Slider,165,0.7075948632739301,0.9141950269513033,1.1560462957140367,2026,-0.151226425275316,52.0
"Madden, Ty",Four-Seam,149,0.8212378965524763,0.7706568986986704,1.1262076798911418,2026,0.6427470134199988,44.0
"Mahle, Tyler",Cutter,248,0.8333202933041505,0.6886480870439033,1.081045280745327,2026,0.04797216414867069,50.0
"Mahle, Tyler",Four-Seam,710,0.7071212142025232,0.7873038286330312,1.0582380309530932,2026,-0.300072702690781,53.0
"Mahle, Tyler",Offspeed,369,0.6471217624494644,0.7159938026398944,0.9650977675108554,2026,-1.4186934007174572,64.0
"Mahle, Tyler",Slider,135,0.6237318309097865,0.9720749038183506,1.154976629860332,2026,-0.16033571181589656,52.0
"Manaea, Sean",Cutter,127,0.8637232695106482,0.5973374603686494,1.0501570967497347,2026,-0.3336783596426945,53.0
"Manaea, Sean",Four-Seam,538,0.7738867474256669,0.6695149997620107,1.02330397866294,2026,-0.7846494774336008,58.0
"Manaea, Sean",Sinker,321,0.8102366595679023,0.5943822465706857,1.0048749671208692,2026,-0.48125682036907647,55.0
"Manaea, Sean",Sweeper,475,1.0121216989884554,0.7830704527154435,1.2796834247106772,2026,0.34416986421783274,47.0
"Mantiply, Joe",Sinker,121,0.8844703131209559,0.5757653744886548,1.0553641557549427,2026,0.22512495149563339,48.0
"Marinaccio, Ron",Cutter,175,0.9168488053350421,0.6859422282463087,1.1450451835346083,2026,0.838746928557323,42.0
"Marinaccio, Ron",Four-Seam,380,0.7827735934371507,0.7361732824937971,1.0745629811417299,2026,-0.07362626456952893,51.0
"Marinaccio, Ron",Offspeed,262,1.040939499308206,0.8750793381175127,1.3598966465214195,2026,1.6061180694546668,34.0
"Martin, Chris",Cutter,104,0.6947385938210681,0.7201682291294318,1.0006517835850275,2026,-0.9453597942800349,59.0
"Martin, Davis",Curveball,240,0.9279778630340655,0.9297552134511773,1.3136162572155214,2026,0.16813239998996846,48.0
"Martin, Davis",Cutter,237,0.7912144098334166,0.8329674300779824,1.148849416546294,2026,0.8857515540717724,41.0
"Martin, Davis",Four-Seam,454,0.8495981084050105,0.7431270745083549,1.1287403575104054,2026,0.6778782584874942,43.0
"Martin, Davis",Offspeed,247,0.8117721771822523,0.7953078934668539,1.1364368495688173,2026,-0.1059530454343867,51.0
"Martin, Davis",Sinker,326,0.7496235463571058,0.7193985157419845,1.0389753056279896,2026,-0.004167404050154405,50.0
"Martin, Davis",Slider,244,0.7545513324335057,0.8343750073986069,1.1249574953075356,2026,-0.41597900209626737,54.0
"Martinez, Nick",Curveball,100,0.6254855713931845,1.153851661635764,1.312480802557002,2026,0.1596390277571101,48.0
"Martinez, Nick",Cutter,345,0.5526987825795027,0.7461901763075272,0.9285880267819109,2026,-1.8357705265590072,68.0
"Martinez, Nick",Four-Seam,187,0.5992953194788988,0.8389434742068436,1.0310097152129867,2026,-0.6777617641667392,57.0
"Martinez, Nick",Offspeed,451,0.551725180318122,1.0481868721772762,1.184523699046096,2026,0.26247164266970646,47.0
"Martinez, Nick",Sinker,511,0.644972893032251,0.7172344774996054,0.9645803898382568,2026,-1.0450083019728487,60.0
"Maton, Phil",Curveball,158,1.186575854846025,0.7158102395364662,1.3857656938778748,2026,0.7078210765624657,43.0
"Maton, Phil",Cutter,201,0.7334842286756595,0.7375408072194392,1.0401757332440653,2026,-0.4570068340727328,55.0
"Maton, Phil",Sinker,104,0.7369410383982983,0.7124558392084077,1.0250245933136037,2026,-0.1993483754623231,52.0
"Matsui, Yuki",Four-Seam,240,0.7155690444571001,0.8736363598698804,1.1292827576262479,2026,0.685401991965994,43.0
"Matsui, Yuki",Offspeed,161,0.6575393155693937,0.9083708903262646,1.1213811242889713,2026,-0.22130476738550198,52.0
"Matsui, Yuki",Slider,191,0.7372904054523395,1.0604541576511428,1.2915727476420638,2026,1.002918376266874,40.0
"Matthews, Zebby",Curveball,153,0.8461058880741203,1.1156418882385772,1.4001971277738838,2026,0.8157703804056722,42.0
"Matthews, Zebby",Cutter,142,0.7129955242688008,0.7637310026730071,1.0448194399374748,2026,-0.3996297771332212,54.0
"Matthews, Zebby",Four-Seam,444,0.7566788206783432,0.7461938768870093,1.0627173375676306,2026,-0.2379394026565176,52.0
"Matthews, Zebby",Offspeed,154,0.8012090367071372,0.8203846835027034,1.146720083292784,2026,-0.027166491134462078,50.0
"Matthews, Zebby",Slider,254,0.831862972169168,0.8300128711826052,1.175124406518269,2026,0.01124298268678503,50.0
"Mattson, Isaac",Four-Seam,458,0.6619519152341404,0.8309103977889261,1.0623523084343998,2026,-0.2430027900528332,52.0
"Matz, Steven",Curveball,114,0.8043675258536759,0.8339069002396123,1.158623249773283,2026,-0.9912386905419042,60.0
"Matz, Steven",Offspeed,277,0.7905468825562529,0.8261236727561881,1.1434354796872377,2026,-0.05233197966351953,51.0
"Matz, Steven",Sinker,453,0.7065439952267069,0.7008830524851949,0.9952092596292907,2026,-0.6164873473183534,56.0
"Maxwell, Zach",Four-Seam,138,0.807207150204789,0.885055121053014,1.1978755989850958,2026,1.6368661267318703,34.0
"May, Dustin",Curveball,112,1.0371924865948805,1.1598378751913756,1.555953775334382,2026,1.9808536142870468,30.0
"May, Dustin",Cutter,372,0.6463941838514067,0.8181393717987202,1.0426780292132998,2026,-0.42608877921150723,54.0
"May, Dustin",Four-Seam,448,0.6654413635811733,0.8508918729579834,1.080198679794933,2026,0.00454756576968401,50.0
"May, Dustin",Offspeed,114,0.7856169911418918,0.8316179216211783,1.1440202901751209,2026,-0.04785136544278201,50.0
"May, Dustin",Sinker,308,0.7423367539410886,0.7781927318601493,1.0754756083574162,2026,0.5064993191265077,45.0
"May, Dustin",Sweeper,326,1.0517145550699205,0.9781172866214124,1.436250998862509,2026,1.6928043446051104,33.0
"Mayza, Tim",Sinker,453,0.702945841966907,0.723259216051785,1.008581553639767,2026,-0.429398883578586,54.0
"Mayza, Tim",Slider,255,0.7331643459923596,0.9481951960234428,1.1985842014628507,2026,0.21102686247811653,48.0
"McClanahan, Shane",Curveball,208,0.6568557098910144,0.9595090261199936,1.1628056565145213,2026,-0.9599536568190475,60.0
"McClanahan, Shane",Four-Seam,560,0.6912131902942256,0.8794548277615356,1.1185778777133908,2026,0.5369126000369726,45.0
"McClanahan, Shane",Offspeed,439,0.6988144137367069,0.9437357057163955,1.1742992238310475,2026,0.1841352755947089,48.0
"McClanahan, Shane",Slider,291,0.6104719195178259,0.8237826135891811,1.0253261719919184,2026,-1.2644404813103405,63.0
"McCullers Jr., Lance",Curveball,116,0.8033111792278682,0.9131902174137263,1.216234033339224,2026,-0.5603013336154474,56.0
"McCullers Jr., Lance",Cutter,219,0.8439716056181972,0.7328969306772394,1.1177772506568007,2026,0.50182777309619,45.0
"McCullers Jr., Lance",Offspeed,118,0.8902411621093671,0.8581498702461352,1.2365073904014061,2026,0.6607525756538712,43.0
"McCullers Jr., Lance",Sinker,174,0.8254873337770429,0.7419733302166992,1.109934124612443,2026,0.9885999118785155,40.0
"McCullers Jr., Lance",Sweeper,137,0.9915390339816174,0.7473076611012351,1.2416192638042458,2026,0.01629456728284324,50.0
"McDonald, Trevor",Offspeed,167,0.9364824582873216,0.8386854360939836,1.2571366892251694,2026,0.8188070763660119,42.0
"McDonald, Trevor",Sinker,655,0.8038408698177986,0.6661260240651603,1.0439751069476195,2026,0.06578358170896813,49.0
"McDonald, Trevor",Slider,295,1.1147670580777604,0.8865303305856203,1.424303907466238,2026,2.1332584385529456,29.0
"McGreevy, Michael",Curveball,219,0.7357771759292242,0.8422351724265373,1.118359574685505,2026,-1.2924170576545913,63.0
"McGreevy, Michael",Cutter,213,0.6750717910715295,0.6469004076667836,0.9349877328286043,2026,-1.7566965620559523,68.0
"McGreevy, Michael",Four-Seam,462,0.6424330131141005,0.6717009111696394,0.9294634422100666,2026,-2.0863291141611993,71.0
"McGreevy, Michael",Offspeed,363,0.6867506451774062,0.7066775316535499,0.9854032587705085,2026,-1.2631198007528157,63.0
"McGreevy, Michael",Sinker,315,0.7116524523210829,0.6342765417829841,0.9532869160702839,2026,-1.2030125049824516,62.0
"McGreevy, Michael",Sweeper,190,0.8056133250422866,0.6554059522164614,1.0385421472845748,2026,-1.7329616436517432,67.0
"McLean, Nolan",Curveball,278,1.0789670925174968,0.84763181945029,1.3720968216857983,2026,0.6055758493668166,44.0
"McLean, Nolan",Cutter,195,0.7889842440915298,0.7503962191782119,1.0888483012714112,2026,0.14438530618899761,49.0
"McLean, Nolan",Four-Seam,402,0.7303784245358222,0.7748910194471583,1.0648515084495518,2026,-0.20833591909492444,52.0
"McLean, Nolan",Offspeed,126,0.8898702885633795,0.8792342899145154,1.2509684516523005,2026,0.7715481889853787,42.0
"McLean, Nolan",Sinker,657,0.760770062353772,0.6694395261970532,1.0133707944324708,2026,-0.3623937981620678,54.0
"McLean, Nolan",Sweeper,298,1.1392928485804157,0.8166557496581025,1.4017541896766763,2026,1.3956573358238533,36.0
"Mears, Nick",Four-Seam,125,0.7424759456709153,0.7777877782581569,1.0752787349834831,2026,-0.06369790912808641,51.0
"Medina, Luis",Curveball,102,0.9916549337825658,1.0268698729699104,1.4275297698151674,2026,1.0202226685021512,40.0
"Medina, Luis",Four-Seam,259,0.7088980759879177,0.8893921671612082,1.137345553975168,2026,0.7972425485014061,42.0
"Medina, Luis",Offspeed,121,0.8019317450317383,1.2605951823926256,1.4940531240759634,2026,2.63397826278114,24.0
"Medina, Luis",Sinker,235,0.7056696884814025,0.854719440343914,1.1083839727022642,2026,0.9669121192521035,40.0
"Medina, Luis",Slider,131,0.9227572296043061,0.975803080378204,1.343008770061687,2026,1.4409481264970512,36.0
"Megill, Trevor",Curveball,214,0.6176963768034157,1.1082837169744293,1.2687953385896105,2026,-0.16713483666474485,52.0
"Megill, Trevor",Four-Seam,383,0.6421701138867778,0.8238816344538232,1.0445876711696631,2026,-0.48941939694182635,55.0
"Mejia, Juan",Four-Seam,441,0.8642376118535002,0.8198663703029999,1.1912545970094122,2026,1.5450249696770115,35.0
"Mejia, Juan",Sweeper,326,0.988735814391067,0.9150268024971908,1.3471720602609747,2026,0.9255003308261829,41.0
"Melton, Troy",Cutter,211,0.7699139440605347,0.7209335590859005,1.0547571653585064,2026,-0.2768404893987053,53.0
"Melton, Troy",Four-Seam,350,0.7525502920754682,0.8365033400473155,1.1251976626411855,2026,0.6287368751928801,44.0
"Melton, Troy",Slider,170,0.8060356138207351,0.7374468844475118,1.0924840127565763,2026,-0.6925235477622642,57.0
"Messick, Parker",Curveball,204,0.8141507737467085,0.9999417398272233,1.2894669307279882,2026,-0.01250820727030214,50.0
"Messick, Parker",Cutter,137,0.6882313687352135,0.9889226071371662,1.204836229459471,2026,1.5775175859230548,34.0
"Messick, Parker",Four-Seam,705,0.6397554052596622,0.7909740495422176,1.0173135827306,2026,-0.8677433800881214,59.0
"Messick, Parker",Offspeed,449,0.7294733724969716,0.9348206862048911,1.1857576128951013,2026,0.27192546070746204,47.0
"Messick, Parker",Sinker,324,0.6738188933587098,0.7193201307838206,0.9856233315004312,2026,-0.7506017009021976,58.0
"Mey, Luis",Sinker,115,0.8642621871138509,0.7545029663618965,1.1472679958596066,2026,1.5109288863699533,35.0
"Meyer, Max",Four-Seam,430,0.6994875101745022,0.8998463257367869,1.1397395258707665,2026,0.8304497805270213,42.0
"Meyer, Max",Offspeed,183,0.7893326442562333,0.9527838761861526,1.237272459084436,2026,0.6666142653671194,43.0
"Meyer, Max",Sinker,173,0.6918238988474492,0.7621162053383628,1.02929170668758,2026,-0.13964824584243973,51.0
"Meyer, Max",Slider,466,0.6458567942857882,0.9369088259575931,1.1379495361756384,2026,-0.3053386347286657,53.0
"Meyer, Max",Sweeper,537,0.852173068368764,0.9657627993935652,1.2879816470530665,2026,0.41564870546253097,46.0
"Mikolas, Miles",Curveball,229,0.763662361403685,1.1101063656668233,1.3474109786248052,2026,0.4209220171544952,46.0
"Mikolas, Miles",Four-Seam,409,0.6136259266997476,0.7504141721543234,0.9693596895312815,2026,-1.5329208038202453,65.0
"Mikolas, Miles",Offspeed,119,0.6802950365890815,0.9366407167980885,1.1576256602079003,2026,0.05638823988291094,49.0
"Mikolas, Miles",Sinker,392,0.6604147157941874,0.7343711728906315,0.9876480225314478,2026,-0.7222747486048723,57.0
"Mikolas, Miles",Slider,361,0.6409868132328976,0.7682647524030675,1.0005472625135767,2026,-1.475457955430449,65.0
"Miles, Spencer",Curveball,282,0.8656108292306952,0.8722625133692162,1.2288710265567473,2026,-0.46577471690273053,55.0
"Miles, Spencer",Four-Seam,181,0.6831006455551291,0.8116187779109579,1.06082587290069,2026,-0.2641762629048895,53.0
"Miles, Spencer",Sinker,442,0.6917434226792903,0.6730882112753402,0.9651718515258806,2026,-1.0367333075394496,60.0
"Miles, Spencer",Slider,174,0.6760673011388462,0.8206037263529687,1.063229735933651,2026,-0.941653300941266,59.0
"Miller, Bryce",Four-Seam,439,0.6144527092143334,0.8163978343929602,1.0217913465391795,2026,-0.8056314806039262,58.0
"Miller, Bryce",Offspeed,233,0.665650124609061,0.8532852160688775,1.0822133562074392,2026,-0.5213945610824333,55.0
"Miller, Bryce",Slider,114,0.5941824480412979,0.7993599985183653,0.9960066208573267,2026,-1.5141261112677311,65.0
"Miller, Erik",Sinker,272,0.7869682984130295,0.7299968799644753,1.073412570946031,2026,0.4776358720895708,45.0
"Miller, Erik",Slider,255,0.7587599907235907,0.9219965176723822,1.1940662888310947,2026,0.17255226727118106,48.0
"Miller, Mason",Four-Seam,316,0.6517580991992469,0.9082624177760458,1.1179128943778238,2026,0.5276884917849335,45.0
"Miller, Mason",Slider,372,0.8474193042700585,1.1064572778594288,1.3936883385383,2026,1.8725359063700684,31.0
"Milner, Hoby",Sinker,239,0.8494353026758799,0.5139072536779652,0.9927945400811248,2026,-0.6502710922969506,57.0
"Milner, Hoby",Sweeper,162,0.869255172933634,0.5655214914113871,1.037024162167903,2026,-1.7460371931718053,67.0
"Minter, A.J.",Cutter,174,0.67143843584962,0.8792126435874676,1.1062750317078696,2026,0.35970779973521355,46.0
"Minter, A.J.",Four-Seam,102,0.7128066764552253,0.9255090500802428,1.168186782915976,2026,1.2250470048843314,38.0
"Misiorowski, Jacob",Curveball,193,1.0455101428355091,0.9871814133986299,1.4379216257263965,2026,1.0979553192795848,39.0
"Misiorowski, Jacob",Cutter,252,0.7853343256128673,0.7182523854041654,1.064253960351847,2026,-0.15949928267496663,52.0
"Misiorowski, Jacob",Four-Seam,1150,0.7271045534713289,0.7038064843842172,1.0119410057607172,2026,-0.9422674003334661,59.0
"Misiorowski, Jacob",Slider,185,0.8823608375610149,0.8274250091586963,1.209625063167362,2026,0.30505096596143566,47.0
"Mize, Casey",Four-Seam,454,0.7270587696751247,0.8920878281957628,1.150841061040376,2026,0.9844412517283085,40.0
"Mize, Casey",Offspeed,313,0.6898429167192797,0.8295994753143187,1.078943251144172,2026,-0.5464489668315781,55.0
"Mize, Casey",Sinker,141,0.6813572144760134,0.7599134166027267,1.0206449208472754,2026,-0.26062329155127417,53.0
"Mize, Casey",Slider,346,0.7988226724728615,0.7549830642846777,1.0991437983327597,2026,-0.6358087382709062,56.0
"Mlodzinski, Carmen",Curveball,176,0.8034230185369736,0.8773550240325668,1.1896387623603428,2026,-0.7592379748653251,58.0
"Mlodzinski, Carmen",Four-Seam,420,0.708718755394426,0.7533314540180479,1.0343067987114705,2026,-0.6320273021443248,56.0
"Mlodzinski, Carmen",Offspeed,396,0.8031207524472235,0.8330127076436518,1.1571141318414542,2026,0.05246908774645539,49.0
"Mlodzinski, Carmen",Sinker,251,0.8034431719205171,0.6561951171745382,1.0373586469054024,2026,-0.026785677067736734,50.0
"Mlodzinski, Carmen",Sweeper,154,0.938524926692979,0.7348391536671588,1.1919805450536212,2026,-0.4112811170949406,54.0
"Moll, Sam",Offspeed,116,1.1471669115656598,0.7415254995248732,1.3659619282530193,2026,1.652588145047454,33.0
"Moll, Sam",Sinker,310,0.7974501381974121,0.6290851593344742,1.0157139659401915,2026,-0.32961106415137287,53.0
"Moll, Sam",Sweeper,294,1.1192618062478488,0.6989492935675484,1.3195745927774496,2026,0.6877825503644663,43.0
"Montero, Keider",Curveball,227,0.8597406709003222,0.9846815549646928,1.307192329340951,2026,0.12008044985141605,49.0
"Montero, Keider",Four-Seam,491,0.7331027950289862,0.7892010025663566,1.0771619797092051,2026,-0.037575069222135514,50.0
"Montero, Keider",Offspeed,214,0.7565488285651807,0.8592628516187778,1.1448575361918971,2026,-0.04143667814364966,50.0
"Montero, Keider",Sinker,367,0.7057765354794943,0.679415083441714,0.9796557424123787,2026,-0.8340927663722852,58.0
"Montero, Keider",Slider,295,0.7879221553450796,0.8479318523920695,1.1575015115258735,2026,-0.1388337909189956,51.0
"Montgomery, Mason",Curveball,112,0.5662344024385049,1.2010344100055093,1.3278196611446045,2026,0.2743760052614028,47.0
"Montgomery, Mason",Four-Seam,433,0.6230121987255736,0.9172761007071375,1.1088460870154,2026,0.4019211106518777,46.0
"Montgomery, Mason",Slider,135,0.6408938228037038,1.0643654068983501,1.242424489258738,2026,0.5843712505139478,44.0
"Morales, Luis",Four-Seam,128,0.7909814056263322,0.879649965380238,1.1829774493370795,2026,1.4302111058339222,36.0
"Morejon, Adrian",Four-Seam,129,0.6713560446637868,0.6595221309279946,0.9411101847766856,2026,-1.9247749691591618,69.0
"Morejon, Adrian",Offspeed,196,0.7097738012895366,0.882821392527395,1.1327631968337457,2026,-0.13409929285616926,51.0
"Morejon, Adrian",Sinker,410,0.6896937598005486,0.6759863385161902,0.9657302999121141,2026,-1.0289201940544683,60.0
"Morejon, Adrian",Slider,173,0.7481536318068296,0.7485082313686524,1.058299782298181,2026,-0.983636842008537,60.0
"Morgan, David",Curveball,103,0.8961406501688617,1.162954238827643,1.4681725465667352,2026,1.3242367732821292,37.0
"Morgan, David",Four-Seam,113,0.6569129201424468,0.8396565694821855,1.0660946202493795,2026,-0.19109248275945373,52.0
"Morgan, David",Sinker,113,0.8946926002848435,0.7906564734904478,1.193990162470699,2026,2.1646071832287097,28.0
"Morgan, Eli",Four-Seam,126,0.630347882466815,0.9302955249239576,1.1237385001075382,2026,0.6084965587100518,44.0
"Morgan, Eli",Offspeed,112,0.8306278142025876,0.8273009450391039,1.1723350286456353,2026,0.1690862963742474,48.0
"Morgan, Eli",Slider,101,0.7871335730503074,1.0151561459209446,1.2845704583338393,2026,0.943286801109328,41.0
"Morillo, Juan",Four-Seam,322,0.6886999714213529,0.8691412743107125,1.1089247969750797,2026,0.40301291122757255,46.0
"Morillo, Juan",Offspeed,143,0.6556887763578179,0.9105835718629918,1.122091891419048,2026,-0.21585911725329873,52.0
"Morillo, Juan",Sinker,117,0.6927430193029132,0.8979013824159836,1.1340722125761882,2026,1.3263099406300882,37.0
"Morillo, Juan",Slider,109,0.7276175389712208,1.0836534088037184,1.3052708506016883,2026,1.1195715764128964,39.0
"Morris, Andrew",Cutter,168,0.5883023098553571,1.0453843413834727,1.1995532622567893,2026,1.5122419063828203,35.0
"Morris, Andrew",Four-Seam,385,0.5978010072589712,0.7901359620480494,0.99079810395531,2026,-1.2355445466683115,62.0
"Morris, Andrew",Sinker,103,0.5375142143346311,0.769635662174772,0.938754804569849,2026,-1.406327688853025,64.0
"Morris, Andrew",Sweeper,104,0.7566462774645919,1.463084408819177,1.647158030223811,2026,3.509505511438926,20.0
"Morán, Jovani",Four-Seam,252,0.6945967466862696,0.8490816895898035,1.0969978833634206,2026,0.23757246124567702,48.0
"Morán, Jovani",Offspeed,246,0.7238687117994421,1.0192871331581455,1.250172856745792,2026,0.7654526179826218,42.0
"Murphy, Chris",Curveball,108,0.8315055143644046,0.8136579958916496,1.1633747266881933,2026,-0.9556969260237232,60.0
"Murphy, Chris",Four-Seam,153,0.8145744057983831,0.7564723341615548,1.111657256052251,2026,0.4409153622726136,46.0
"Murphy, Chris",Slider,134,0.847427297192909,0.7600117526153879,1.138310541171078,2026,-0.3022643120935632,53.0
"Murray, Jayden",Four-Seam,162,0.7568575969600251,0.6853328736208878,1.0210360276413206,2026,-0.8161086503403987,58.0
"Muñoz, Andrés",Four-Seam,250,0.7499446778623196,0.7853959169676182,1.0859391171900126,2026,0.08417424679187979,49.0
"Muñoz, Andrés",Slider,322,0.9064110355414736,0.8170614444340739,1.2203156842932332,2026,0.39609241670519135,46.0
"Myers, Tobias",Four-Seam,340,0.6417766026199232,0.8437509510044577,1.0600909748655054,2026,-0.2743701710348948,53.0
"Myers, Tobias",Offspeed,163,0.654117164270449,1.0863617298660182,1.2680895365512252,2026,0.9027239768038454,41.0
"Myers, Tobias",Slider,115,0.6589130320760868,0.987392320481347,1.1870593828386349,2026,0.11288137637833177,49.0
"Márquez, Germán",Curveball,276,0.8195308505573122,1.185268376404833,1.4410037956648625,2026,1.1210104156464038,39.0
"Márquez, Germán",Four-Seam,310,0.7387061405413922,0.8663831374315183,1.13855456737885,2026,0.8140129996048464,42.0
"Márquez, Germán",Sinker,105,0.6420519067574362,0.7173356978339953,0.962705123263528,2026,-1.0712446935967306,61.0
"Márquez, Germán",Slider,103,0.7882295228722432,0.9168762292632043,1.2091186048172926,2026,0.3007379609088088,47.0
"Nance, Tommy",Curveball,201,0.9001698275487341,1.1356504896195923,1.4491403496564221,2026,1.1818730676462463,38.0
"Nance, Tommy",Sinker,178,0.7941378726899309,0.7820986925283363,1.1146000743293631,2026,1.0538800622956161,39.0
"Nance, Tommy",Slider,243,0.7025672929059084,0.769510187502798,1.04199171289014,2026,-1.1225165460273172,61.0
"Nardi, Andrew",Four-Seam,181,0.7010022377874306,0.7741215825053722,1.044350689128708,2026,-0.49270661916626823,55.0
"Natera Jr., Samy",Four-Seam,300,0.7296210964283375,0.8476001384937966,1.1183796042167402,2026,0.5341623112721332,45.0
"Nelson, Ryne",Curveball,123,0.7950270937117588,1.019276976910647,1.2926691902400524,2026,0.011445177233521538,50.0
"Nelson, Ryne",Cutter,128,0.6167045303672196,0.8368545296747809,1.0395431600528433,2026,-0.4648228290111437,55.0
"Nelson, Ryne",Four-Seam,734,0.6537126047426509,0.804812881545493,1.03685290369511,2026,-0.5967098035935937,56.0
"Nelson, Ryne",Slider,259,0.6374174666057117,0.867513545989739,1.076513250828681,2026,-0.8285307374549234,58.0
"Newcomb, Sean",Curveball,320,1.149169822335301,0.8506655158919112,1.4297633022615313,2026,1.0369298283335016,40.0
"Newcomb, Sean",Four-Seam,343,0.7614814862617564,0.7774838281971904,1.088271637518672,2026,0.11652907263618853,49.0
"Newcomb, Sean",Sinker,209,0.7652963468950148,0.6601915980407574,1.0107083875651097,2026,-0.39964287526690534,54.0
"Nola, Aaron",Curveball,665,0.7860977199193618,0.6930996717131505,1.0480156392875521,2026,-1.8186003122444565,68.0
"Nola, Aaron",Cutter,145,0.8206760305485198,0.8592747147004998,1.1882180702381613,2026,1.3721856968043487,36.0
"Nola, Aaron",Four-Seam,463,0.726675731761619,0.8293941860090583,1.1027022875268342,2026,0.31669931857037414,47.0
"Nola, Aaron",Offspeed,301,0.684634979831567,0.5848877102544958,0.900454712473491,2026,-1.9139659679396044,69.0
"Nola, Aaron",Sinker,380,0.8533875055136917,0.6054210998550555,1.0463292706966514,2026,0.09872010545374721,49.0
"Nunez, Anthony",Four-Seam,206,0.6936227847303067,0.9505649327128183,1.1767269261814102,2026,1.3435089298002734,37.0
"Nunez, Anthony",Offspeed,164,0.7730251353529028,1.0913634584964664,1.3374012331491032,2026,1.433766049192155,36.0
"Nunez, Anthony",Sinker,107,0.6947602136221359,0.7871445808477597,1.0498992073481488,2026,0.148666207689735,49.0
"Nunez, Anthony",Sweeper,205,0.9178032454879462,0.9074890256814899,1.2906971485056233,2026,0.43903936543985445,46.0
"O'Brien, Riley",Sinker,418,0.8560651649992475,0.782740214523865,1.1599697453632378,2026,1.6886359274789806,33.0
"O'Brien, Riley",Sweeper,207,1.124187775415909,0.8506614981483243,1.4097599578745745,2026,1.4646170491755028,35.0
"Ober, Bailey",Four-Seam,408,0.6826605325856805,0.7178538162156013,0.9906258144251376,2026,-1.237934406973078,62.0
"Ober, Bailey",Offspeed,455,0.7728191598503682,0.8274308574505869,1.1322063759285417,2026,-0.1383654606454849,51.0
"Ober, Bailey",Slider,207,0.8012465665736643,0.7066621900320111,1.0683480290930123,2026,-0.8980658583526946,59.0
"Ober, Bailey",Sweeper,152,0.9672573677259761,0.946224539927267,1.353117768481647,2026,0.9767151954631279,40.0
"Ohtani, Shohei",Curveball,133,1.0113075710189607,1.194489490648695,1.5651032382786922,2026,2.049292978143375,30.0
"Ohtani, Shohei",Four-Seam,602,0.8214235975757491,0.7267723868879852,1.0967838570097326,2026,0.23460366165384272,48.0
"Ohtani, Shohei",Offspeed,114,0.8540370826264888,1.1236873184318432,1.4114009097721707,2026,2.0007257913258023,30.0
"Ohtani, Shohei",Sweeper,393,0.9258868329417456,0.8143973908808579,1.2330894280985645,2026,-0.057179334366579515,51.0
"Okert, Steven",Four-Seam,219,0.7587492223929553,0.6994383367618197,1.0319468830390714,2026,-0.6647621339267368,57.0
"Okert, Steven",Slider,545,0.821562816723306,0.7953419256626151,1.1434746348472489,2026,-0.25828683178444556,53.0
"Orze, Eric",Four-Seam,177,0.6550608425704372,0.8939605784596013,1.1082735327115396,2026,0.3939791027901677,46.0
"Orze, Eric",Offspeed,340,0.7263162445987978,0.9392820770826553,1.1873441402966571,2026,0.2840808809406591,47.0
"Paddack, Chris",Curveball,115,0.8105499853052804,1.2569015111432273,1.4955910829476482,2026,1.529331564004049,35.0
"Paddack, Chris",Cutter,133,0.6700123892831472,0.6460953741107917,0.9307823774869588,2026,-1.808657404723065,68.0
"Paddack, Chris",Four-Seam,350,0.6025082783541779,0.7393256495932832,0.9537392943733868,2026,-1.7495942273026546,67.0
"Paddack, Chris",Offspeed,276,0.5976164986595306,0.6901412598002973,0.9129295909043688,2026,-1.8183877954248027,68.0
"Pagán, Emilio",Four-Seam,223,0.7530428738754856,0.7096934753722077,1.0347649002940393,2026,-0.6256728893913451,56.0
"Painter, Andrew",Curveball,102,0.6359812337980303,0.9743248968882886,1.163521007304827,2026,-0.9546027249315,60.0
"Painter, Andrew",Four-Seam,378,0.7298989181781759,0.8858956467804945,1.1478517011105145,2026,0.9429752808948572,41.0
"Painter, Andrew",Offspeed,164,0.6726226414656457,1.0601051707745486,1.2554856394699054,2026,0.8061573083371272,42.0
"Painter, Andrew",Sinker,123,0.6216669968291157,0.907838853776925,1.1002914338362964,2026,0.8536914061117746,41.0
"Painter, Andrew",Slider,244,0.7860653618407201,0.9342741759441293,1.2209696920570403,2026,0.40166195423847695,46.0
"Painter, Andrew",Sweeper,130,0.75128660224288,0.8509089168055917,1.1351112471510962,2026,-0.9011392275130339,59.0
"Palencia, Daniel",Four-Seam,191,0.749197202455182,0.8741220601482521,1.1512540224487797,2026,0.9901695166806654,40.0
"Pallante, Andre",Curveball,327,0.6753976709607472,1.376300230030018,1.5330898007357177,2026,1.8098276331683492,32.0
"Pallante, Andre",Four-Seam,561,0.594179559805701,0.7952684013585893,0.9927241205341708,2026,-1.2088284103857583,62.0
"Pallante, Andre",Sinker,337,0.6319659209983755,0.8728024692878505,1.0775736984996869,2026,0.535853180266373,45.0
"Pallante, Andre",Slider,547,0.6783574877632899,0.9463745784282467,1.1643855563771666,2026,-0.08020918689761607,51.0
"Pallette, Peyton",Curveball,106,0.8719577695128401,1.1272154045024314,1.4251052311886963,2026,1.0020867536128546,40.0
"Pallette, Peyton",Four-Seam,231,0.7175590112165368,0.7618013145558666,1.0465334096134247,2026,-0.46242969498168895,55.0
"Palmquist, Carson",Sweeper,109,1.0585845823357034,0.7401281618699139,1.291662112919549,2026,0.4473513309794413,46.0
"Paredes, Mike",Four-Seam,204,0.7094316115791466,0.809424775108195,1.0763185764757277,2026,-0.04927407325669907,50.0
"Paredes, Mike",Offspeed,141,0.713110748236763,0.8282895658687665,1.092973258674642,2026,-0.4389559369346246,54.0
"Paredes, Mike",Sweeper,121,1.0542518840931832,0.7415570994747048,1.2889352066319564,2026,0.4238624325651004,46.0
"Parker, Mitchell",Curveball,103,0.7500110955079561,1.0346312941127664,1.2778804944682824,2026,-0.09917649936599052,51.0
"Parker, Mitchell",Four-Seam,225,0.585702083735979,0.8709663939259236,1.049585342047513,2026,-0.4200957692361101,54.0
"Parker, Mitchell",Slider,331,0.7502287403418976,0.9065756150225657,1.1767423288845071,2026,0.02502122790554223,50.0
"Patrick, Chad",Curveball,116,0.9552178890745178,1.2796827127401713,1.596881041560085,2026,2.2869957432747996,27.0
"Patrick, Chad",Cutter,532,0.7869401270240399,0.8285760621985537,1.1427217746980556,2026,0.8100391806502802,42.0
"Patrick, Chad",Four-Seam,319,0.7619368589327769,0.8460964380164518,1.1386074650310676,2026,0.8147467528347946,42.0
"Patrick, Chad",Sinker,273,0.7678306539766563,0.6977238581812556,1.0374885519665056,2026,-0.024968207432774964,50.0
"Pearson, Nate",Four-Seam,147,0.850192523439276,0.839212578346046,1.194615033626424,2026,1.591638214658565,34.0
"Pearson, Nate",Slider,130,0.8139059488703979,0.8654479171584376,1.1880416621148018,2026,0.12124647783360126,49.0
"Peralta, Freddy",Curveball,306,0.7667552786691962,0.9524611857082319,1.2227411695235455,2026,-0.511626972760377,55.0
"Peralta, Freddy",Four-Seam,1117,0.7518438604967967,0.8151121796226767,1.108908046654887,2026,0.4027805644025477,46.0
"Peralta, Freddy",Offspeed,436,0.8655303398100604,0.7368965404449694,1.1367318419273225,2026,-0.10369291675353584,51.0
"Peralta, Freddy",Slider,117,0.9632809415509295,1.061529311787802,1.433441541235613,2026,2.2110746313572927,28.0
"Peralta, Freddy",Sweeper,117,0.9995138940649643,0.7702192094187262,1.2618500921212934,2026,0.19055793428568754,48.0
"Peralta, Wandy",Offspeed,290,0.6572337539920794,0.6738903694964862,0.9413205816758878,2026,-1.6008659150424018,66.0
"Peralta, Wandy",Sinker,323,0.7074068571399387,0.8461302550579449,1.1028875146872543,2026,0.8900125322977112,41.0
"Peralta, Wandy",Slider,145,0.7207853844154593,0.872977771045539,1.132087346067687,2026,-0.3552611121675146,54.0
"Perkins, Jack",Cutter,103,0.6705865824898469,0.8895792545510888,1.1140186779148198,2026,0.45538732014208805,45.0
"Perkins, Jack",Four-Seam,426,0.7262220145871859,0.8521664629269301,1.11963659059914,2026,0.551598204538102,44.0
"Perkins, Jack",Offspeed,222,0.6746982118333033,0.9753732109647689,1.1859892822950722,2026,0.2737004309405996,47.0
"Perkins, Jack",Sweeper,342,0.8297222306497161,0.8438483960042116,1.1834352941640796,2026,-0.4848878013373626,55.0
"Petersen, Michael",Four-Seam,443,0.6779353819006186,0.9040971938095035,1.1300389895428196,2026,0.6958918263558391,43.0
"Petersen, Michael",Slider,197,0.6720151722423987,1.0356179622059865,1.2345480773820277,2026,0.5172956376502835,45.0
"Peterson, David",Curveball,171,0.8549518759426873,1.029873871405104,1.3385002432502044,2026,0.35426837155347146,46.0
"Peterson, David",Four-Seam,370,0.7463766129055541,0.6666029100635681,1.0007184858878069,2026,-1.097937072987931,61.0
"Peterson, David",Offspeed,183,0.803472193134893,0.8071303246324827,1.1388708996555896,2026,-0.08730420164867424,51.0
"Peterson, David",Sinker,470,0.7542306455141784,0.6942484580063705,1.025107208089455,2026,-0.19819253253185004,52.0
"Peterson, David",Slider,360,0.8165640315591802,0.7120132022517296,1.0833926424971438,2026,-0.7699457599912946,58.0
"Petty, Chase",Sinker,137,0.6459125477477256,0.7058794284625913,0.9568013309274984,2026,-1.1538431944613579,62.0
"Pfaadt, Brandon",Curveball,186,0.8520360110566272,0.8118052068226272,1.176857280200797,2026,-0.8548453906737362,59.0
"Pfaadt, Brandon",Cutter,146,0.686997439868896,0.7295823578645668,1.0021256903670508,2026,-0.9271483871134916,59.0
"Pfaadt, Brandon",Four-Seam,256,0.6906037114027835,0.7384814490983013,1.0110827547068668,2026,-0.954172361262138,60.0
"Pfaadt, Brandon",Offspeed,149,0.792264070348357,0.5588521858835477,0.9695350034071827,2026,-1.384696845132731,64.0
"Pfaadt, Brandon",Sinker,228,0.6899398176120854,0.6669525155657982,0.9596054449335644,2026,-1.1146115277678916,61.0
"Pfaadt, Brandon",Sweeper,152,0.8992809241097165,0.6859457620134365,1.131029517250465,2026,-0.9362982424842999,59.0
"Phillips, Connor",Four-Seam,267,0.8836665221697254,0.8381432712107154,1.217928842535284,2026,1.9150284195564433,31.0
"Phillips, Connor",Sweeper,263,0.88765098053383,0.8227610248659447,1.2103139953256468,2026,-0.25336129675371216,53.0
"Phillips, Tyler",Curveball,234,0.6737135814361356,0.9628673267982978,1.1751610437838742,2026,-0.8675334951046448,59.0
"Phillips, Tyler",Four-Seam,123,0.6790081144128366,0.8754990069519571,1.1079487942194526,2026,0.38947459441468973,46.0
"Phillips, Tyler",Offspeed,316,0.7541208123330451,0.855930434099565,1.1407519921576825,2026,-0.07289192623632912,51.0
"Phillips, Tyler",Sinker,345,0.6622597305313748,0.7895985966473394,1.0305599907385,2026,-0.12190399683876346,51.0
"Phillips, Tyler",Sweeper,327,0.815999950052731,0.7515575317776425,1.1093667752631506,2026,-1.1228957607896797,61.0
"Pintaro, Jonathan",Cutter,106,0.8960943191038719,0.742107985959404,1.1634901338451284,2026,1.0666504190415889,39.0
"Pivetta, Nick",Four-Seam,163,0.6633782454686187,0.8438495620416426,1.0733837989828685,2026,-0.08998292089526472,51.0
"Pomeranz, Drew",Curveball,129,0.797000480812682,0.9025170947243282,1.2040543478951804,2026,-0.6514072191558549,57.0
"Pomeranz, Drew",Four-Seam,349,0.7402969503128413,0.7564451551009364,1.0584180872028657,2026,-0.29757510876545157,53.0
"Poulin, PJ",Four-Seam,189,0.8046944326267252,0.6980607303563001,1.065280204061832,2026,-0.20238940205705566,52.0
"Poulin, PJ",Sinker,147,0.7544511278830877,0.5817541022027781,0.952698451659193,2026,-1.2112455652599388,62.0
"Poulin, PJ",Sweeper,224,0.8398101954086473,0.7065362886497514,1.097485622453103,2026,-1.2252370816741793,62.0
"Povich, Cade",Four-Seam,131,0.6998621878215711,0.7643404671633266,1.0363510176025537,2026,-0.6036715594757694,56.0
"Prielipp, Connor",Curveball,213,0.7547418994806417,1.0055253110757676,1.2572654795410818,2026,-0.2533799226809839,53.0
"Prielipp, Connor",Four-Seam,364,0.7093299874261163,0.7831670909979135,1.0566455051170511,2026,-0.3221629264905949,53.0
"Prielipp, Connor",Offspeed,148,0.7694077228761563,0.8814072551577344,1.1699858945586326,2026,0.151088049395567,48.0
"Prielipp, Connor",Sinker,146,0.7924487690453318,0.7749935270138177,1.1084177996021078,2026,0.9673853830555968,40.0
"Prielipp, Connor",Slider,357,0.7106664949245097,0.9064721671540976,1.1518414200024822,2026,-0.18703519451985345,52.0
"Pérez, Cionel",Curveball,345,0.8197609998466944,0.9357878687167842,1.2440687409091,2026,-0.35209351958261614,54.0
"Pérez, Cionel",Four-Seam,139,0.8105409016415913,0.8841780598326612,1.1994779675856546,2026,1.6590928813596704,33.0
"Pérez, Cionel",Sinker,202,0.766981572092118,0.7590558136852489,1.0790859373647088,2026,0.5570105408391267,44.0
"Pérez, Eury",Four-Seam,679,0.745338541222429,0.7946693906918725,1.089508596356252,2026,0.13368716008123152,49.0
"Pérez, Eury",Offspeed,153,0.7896591901166009,1.093954348591323,1.349184106539012,2026,1.5240423201651236,35.0
"Pérez, Eury",Sinker,215,0.8154011114340528,0.7571571163223352,1.1127290197192858,2026,1.0277025992291948,40.0
"Pérez, Eury",Slider,242,0.7808129064682424,0.8102500814180037,1.1252439688108824,2026,-0.41353939049304445,54.0
"Pérez, Eury",Sweeper,226,0.920959497525344,0.8070132672359281,1.224514928278517,2026,-0.13103796168475199,51.0
"Pérez, Martín",Curveball,115,0.6803170717045777,0.9209152669469387,1.1449525085996548,2026,-1.0934978980016652,61.0
"Pérez, Martín",Cutter,341,0.8248637148689083,0.8894539958694645,1.213065768569657,2026,1.6792007380440157,33.0
"Pérez, Martín",Offspeed,431,0.6764353741939088,0.6294621179742023,0.9240061544304896,2026,-1.733523024562563,67.0
"Pérez, Martín",Sinker,482,0.8070311552516072,0.7081061078804568,1.0736449811573436,2026,0.4808874659715079,45.0
"Quantrill, Cal",Cutter,259,0.719904909806694,0.9559259181229532,1.196686024027604,2026,1.4768146707719694,35.0
"Quantrill, Cal",Four-Seam,183,0.6320793816216936,0.8850031534517107,1.0875453674632314,2026,0.10645484482732556,49.0
"Quantrill, Cal",Offspeed,199,0.6659471597379487,1.0661942690364064,1.2570822721242703,2026,0.8183901514968588,42.0
"Quantrill, Cal",Sinker,256,0.7194529359948063,0.7503565365019562,1.039541946716321,2026,0.0037603315070127746,50.0
"Quintana, Jose",Curveball,206,0.8499926462419488,0.8092409401723804,1.1736091333644556,2026,-0.8791420192894512,59.0
"Quintana, Jose",Four-Seam,204,0.6435866010589505,0.7476694746023026,0.9865157658723432,2026,-1.2949456593524902,63.0
"Quintana, Jose",Offspeed,144,0.7477033315185653,0.792068833261512,1.0892351943396865,2026,-0.46759568359487746,55.0
"Quintana, Jose",Sinker,133,0.7416360337026483,0.7274208440930771,1.0388287110526357,2026,-0.006218372558178765,50.0
"Ragans, Cole",Four-Seam,358,0.7272519114813407,0.8714293666730479,1.1350262040382386,2026,0.7650704116246887,42.0
"Ragans, Cole",Offspeed,105,0.6746599155400189,0.8791139231882892,1.1081549041447096,2026,-0.322639458354353,53.0
"Raley, Brooks",Cutter,173,0.7606425916958512,0.7837247739171002,1.0921546014888146,2026,0.18523753660706233,48.0
"Raley, Brooks",Sinker,131,0.8563388412743703,0.7572149592151222,1.1431057280646835,2026,1.4526956253591197,35.0
"Raley, Brooks",Sweeper,230,1.0749452470637784,0.6546019444740918,1.2585749838187115,2026,0.16234695887911121,48.0
"Ramírez, Yohan",Curveball,137,1.063169224602321,1.0780656554757881,1.514118343346365,2026,1.6679182683173595,33.0
"Ramírez, Yohan",Four-Seam,228,0.8633276119136308,0.7243835904510454,1.1269721166059259,2026,0.6533506581007933,43.0
"Ramírez, Yohan",Sinker,232,0.8168677715572858,0.6685557460987535,1.0555755500439687,2026,0.22808251679791142,48.0
"Ramírez, Yohan",Sweeper,331,1.0579352868069576,0.8846492744745968,1.3790690373943395,2026,1.2002530273229948,38.0
"Rangel, Alan",Four-Seam,157,0.6904019451548317,0.903783676308855,1.137312524962213,2026,0.7967843968836725,42.0
"Rangel, Alan",Offspeed,152,0.7167673418333892,0.9897449609217523,1.2220272132767354,2026,0.549810503157115,45.0
"Rasmussen, Drew",Cutter,526,0.6214557969408758,0.8122297444770998,1.0227044858436645,2026,-0.6728793736368264,57.0
"Rasmussen, Drew",Four-Seam,472,0.5955475563405702,0.7854712804302615,0.9857190392013229,2026,-1.3059972040570094,63.0
"Rasmussen, Drew",Offspeed,215,0.6760819986702986,1.0847425137556685,1.278183551010962,2026,0.9800607990218186,40.0
"Rasmussen, Drew",Sinker,385,0.7330325381065775,0.7021197913312255,1.015041330834353,2026,-0.3390217358364365,53.0
"Ray, Robbie",Curveball,206,0.793590860842394,1.1105315825494815,1.3649420684602067,2026,0.5520572152908128,44.0
"Ray, Robbie",Four-Seam,688,0.6951887998536975,0.775105676504523,1.0411898372494608,2026,-0.5365513869121824,55.0
"Ray, Robbie",Offspeed,334,0.6923614286567505,0.8149108024964151,1.069319392846201,2026,-0.620183616332027,56.0
"Ray, Robbie",Sinker,241,0.7931055581170928,0.7093223146736659,1.0640275242728603,2026,0.34633200135251374,47.0
"Ray, Robbie",Slider,506,0.7929761202739737,0.8699511545891566,1.1771262203756105,2026,0.028290452197258883,50.0
"Rea, Colin",Four-Seam,780,0.7659940637233567,0.6903679315333937,1.0311909554244152,2026,-0.6752477472877844,57.0
"Rea, Colin",Offspeed,342,0.6964340503610045,0.8266266373781777,1.0808940670229379,2026,-0.5315024951975319,55.0
"Rea, Colin",Sinker,156,0.8751420306483406,0.7584347199952662,1.1580573380889216,2026,1.6618799094976031,33.0
"Rea, Colin",Slider,207,0.7548867287633325,0.7556292969630785,1.0680962539452712,2026,-0.9002099783660867,59.0
"Rea, Colin",Sweeper,171,0.9345789955650899,0.8651304562339087,1.2735339042424207,2026,0.29119941113221887,47.0
"Ribalta, Orlando",Four-Seam,153,0.6287762804938793,0.7415537399884949,0.9722456275050261,2026,-1.4928894182881647,65.0
"Ribalta, Orlando",Sinker,100,0.6283555530360878,0.8705936517075773,1.0736684811545985,2026,0.4812162486307022,45.0
"Ribalta, Orlando",Slider,215,0.7075323738590894,0.8406809706350407,1.098793226429137,2026,-0.6387942125777805,56.0
"Richards, Trevor",Four-Seam,434,0.6244479524253502,0.8230401515269063,1.0331168067133771,2026,-0.6485339037723405,56.0
"Richards, Trevor",Offspeed,212,0.6447419600002082,1.209518478379858,1.3706301997720747,2026,1.68835481508488,33.0
"Ritchie, JR",Curveball,256,0.9582739659763113,0.8645823248313621,1.2906554886098658,2026,-0.003617614911249031,50.0
"Ritchie, JR",Four-Seam,166,0.7996725658880408,0.733868108563168,1.085374872290696,2026,0.07634750023511117,49.0
"Ritchie, JR",Offspeed,158,0.8855469623333195,0.8001523314922324,1.1934978743551348,2026,0.3312286474467892,47.0
"Ritchie, JR",Sinker,198,0.7465037142480054,0.7608225378156196,1.0658887040560414,2026,0.3723713081540298,46.0
"Rivera, Eduardo",Four-Seam,114,0.6968195342458144,0.9461870159717305,1.1750860957819396,2026,1.3207486643643749,37.0
"Roberts, Ethan",Cutter,196,0.7239100765409789,0.8196156000710235,1.0935335069385619,2026,0.20227511923833366,48.0
"Roberts, Ethan",Sweeper,169,0.9352353805772416,0.80940418865701,1.2368509844354616,2026,-0.024778215531211976,50.0
"Rocker, Kumar",Cutter,248,0.7021934262083054,0.9396864251519623,1.1730669995465022,2026,1.1849809693818225,38.0
"Rocker, Kumar",Four-Seam,207,0.7767812158315794,0.9554749405497936,1.2313900354020324,2026,2.1017511441170456,29.0
"Rocker, Kumar",Sinker,494,0.7122613915744704,0.8013063700879104,1.0721045605122033,2026,0.4593358210714967,45.0
"Rocker, Kumar",Slider,645,0.7044428273133008,1.0423638241147268,1.2580787092929575,2026,0.7176827658503556,43.0
"Rodriguez, Bradgley",Four-Seam,176,0.9454676036880577,0.8331681287020961,1.2601897159985835,2026,2.501236901486047,25.0
"Rodriguez, Bradgley",Offspeed,324,0.705223750689593,0.7807381874142231,1.0520896614944677,2026,-0.7521918154214492,58.0
"Rodriguez, Bradgley",Sinker,187,0.7728839734724123,0.7182466267673232,1.0550961346309364,2026,0.22137513412691176,48.0
"Rodriguez, Eduardo",Curveball,255,0.7406302918005176,0.8140013943439897,1.10051419760332,2026,-1.4259031718358122,64.0
"Rodriguez, Eduardo",Cutter,237,0.6663972696504047,0.8516291639286496,1.0813683710241044,2026,0.05196422707295573,49.0
"Rodriguez, Eduardo",Four-Seam,765,0.6350783244883695,0.8245343349734094,1.0407599856763314,2026,-0.5425139384992442,55.0
"Rodriguez, Eduardo",Offspeed,523,0.6406138073709814,0.7514080734073488,0.987420955305329,2026,-1.247660912832092,62.0
"Rodriguez, Eduardo",Sinker,172,0.7941814590008309,0.7452423277704867,1.0890869189010866,2026,0.6969318041664829,43.0
"Rodriguez, Grayson",Curveball,105,0.7963645351029909,1.001519177854389,1.2795456757693078,2026,-0.08672069188949848,51.0
"Rodriguez, Grayson",Four-Seam,397,0.7257936796839587,0.7789417123491937,1.0646720888173387,2026,-0.21082468237899063,52.0
"Rodriguez, Grayson",Offspeed,164,0.8472177206216327,1.0049014196317247,1.3143837831140381,2026,1.2574143658878172,37.0
"Rodríguez, Elmer",Sinker,132,0.8100540851344712,0.7272907627029598,1.0886411136623941,2026,0.6906946531459652,43.0
"Rodón, Carlos",Four-Seam,368,0.6972380207770861,0.9096491191202645,1.1461249397571895,2026,0.9190230511221719,41.0
"Rodón, Carlos",Offspeed,129,0.6830322321277514,1.0831668280345397,1.2805402795226024,2026,0.9981172318363117,40.0
"Rodón, Carlos",Sinker,117,0.7092960158992284,0.9819830741892923,1.2113594000810708,2026,2.407615897986971,26.0
"Rodón, Carlos",Slider,201,0.864653485782135,1.0720648613287596,1.3772976139422624,2026,1.7329523098329664,33.0
"Rogers, Taylor",Sinker,255,0.7868200742785649,0.7232934325154207,1.0687559210632078,2026,0.4124858333550943,46.0
"Rogers, Taylor",Sweeper,339,0.8517226593935023,0.804212467524655,1.1714047897488018,2026,-0.5885156001251306,56.0
"Rogers, Trevor",Cutter,164,0.7435235196201547,0.5629947642234251,0.9326255029599677,2026,-1.785883977761887,68.0
"Rogers, Trevor",Four-Seam,757,0.7240188747425353,0.6889049617657897,0.9993965065623209,2026,-1.1162744955262613,61.0
"Rogers, Trevor",Offspeed,379,0.7155297382711677,0.720745579893113,1.0156067138838072,2026,-1.0317114500135771,60.0
"Rogers, Trevor",Sinker,173,0.8039775685552449,0.7248071770497531,1.0824626435322542,2026,0.6042532030847916,44.0
"Rogers, Trevor",Sweeper,216,0.8311088481960229,0.6858939354445,1.0775863808666402,2026,-1.3966442423359093,64.0
"Rogers, Tyler",Sinker,512,0.762166715346148,0.6133253760400746,0.9782975615201313,2026,-0.8530947398864943,59.0
"Rogers, Tyler",Slider,147,1.0711236252884018,0.7499585011680625,1.3075716325024858,2026,1.1391650611718562,39.0
"Rojas, Kendry",Four-Seam,195,0.7091129545703787,0.8442470458240108,1.1025399116232035,2026,0.31444697203399835,47.0
"Rojas, Kendry",Slider,120,0.8102197472667327,1.028870977788238,1.309592122683965,2026,1.156371578470485,38.0
"Rolison, Ryan",Curveball,114,0.7409301237231701,1.0418654265291112,1.278460408161754,2026,-0.0948386574058288,51.0
"Rolison, Ryan",Four-Seam,265,0.7126797406263744,0.9381652181460695,1.1781622932509503,2026,1.363419174948841,36.0
"Rolison, Ryan",Slider,112,0.6664835181642983,0.9650266790959906,1.172807218323496,2026,-0.008490218257724667,50.0
"Romano, Jordan",Four-Seam,149,0.6986703544064478,1.1189456382596485,1.3191586733622014,2026,3.319206340927896,20.0
"Romano, Jordan",Slider,166,0.8515168808811114,1.00335893890024,1.3159825829761245,2026,1.2107928107888402,38.0
"Romero, JoJo",Offspeed,129,0.8253499016666489,0.7881665588333662,1.1412313458034602,2026,-0.0692192856005427,51.0
"Romero, JoJo",Sinker,318,0.7265245544187514,0.768937487972341,1.057876546947979,2026,0.2602751963414488,47.0
"Romero, JoJo",Sweeper,260,0.936103741497189,0.7319988809574265,1.1883234309597537,2026,-0.44278259620016736,54.0
"Roupp, Landen",Curveball,517,0.9052022797619472,0.5479216019095728,1.0581158958854078,2026,-1.743048868345469,67.0
"Roupp, Landen",Cutter,279,0.9006871654902008,0.6809791126812801,1.1291456602170316,2026,0.6422944144486247,44.0
"Roupp, Landen",Offspeed,410,0.7912903642556393,0.5821694326642803,0.9823755335371868,2026,-1.2863171766856791,63.0
"Roupp, Landen",Sinker,703,0.8706754461516112,0.7280458635105581,1.1349566123452215,2026,1.3386833594309777,37.0
"Roycroft, Chris",Sinker,168,0.8689428225220825,0.6636540319848288,1.0933884501778697,2026,0.7571134661663934,42.0
"Rucker, Michael",Curveball,103,0.8203673131936613,0.7790434718319136,1.1313316311146384,2026,-1.195384117544115,62.0
"Rucker, Michael",Four-Seam,108,0.6732343517446366,0.728335141802176,0.9918248691946663,2026,-1.2213020939470292,62.0
"Ryan, Joe",Curveball,215,0.7964289990526441,0.8739598819995771,1.1824149127428625,2026,-0.8132734603821643,58.0
"Ryan, Joe",Four-Seam,865,0.646063922689413,0.684934680153782,0.941559402416117,2026,-1.918543787243441,69.0
"Ryan, Joe",Offspeed,227,0.6854145620152415,0.7394621734144218,1.0082645623710702,2026,-1.0879644570310418,61.0
"Ryan, Joe",Sinker,194,0.7784029288250706,0.6210792728074608,0.9958165406913525,2026,-0.6079910279231637,56.0
"Ryan, Joe",Slider,116,0.7527764007425207,0.7296148410722512,1.0483368379618025,2026,-1.0684813889608316,61.0
"Ryan, Joe",Sweeper,280,0.8265575488448031,0.7438381836156096,1.111976899470892,2026,-1.1004127944173452,61.0
"Sabrowski, Erik",Curveball,109,0.7169247677076203,1.3496702703978678,1.5282640352205108,2026,1.7737301787067243,32.0
"Sabrowski, Erik",Four-Seam,365,0.6779177567199507,0.8863188202671181,1.1158555175451284,2026,0.49915023284670035,45.0
"Sale, Chris",Four-Seam,725,0.7505275972614139,0.6975852107943035,1.0246544786267828,2026,-0.765916439785012,58.0
"Sale, Chris",Offspeed,204,0.7565512356946192,0.5428341962822975,0.9311491485710026,2026,-1.678795891948243,67.0
"Sale, Chris",Sinker,146,0.7269099393454213,0.5908057366633409,0.9367227329330046,2026,-1.4347579013841394,64.0
"Sale, Chris",Slider,697,0.899755079921211,0.6588136621798543,1.115165747913222,2026,-0.49936563394849776,55.0
"Samaniego, Tyler",Sinker,128,0.7063894669758669,0.74814578904354,1.028935469656883,2026,-0.14463227018022945,51.0
"Sanders, Cam",Slider,101,0.704028881449571,0.9802418685814768,1.206868172931592,2026,0.2815732574494022,47.0
"Sandlin, David",Four-Seam,111,0.709900815293591,0.8311138673156044,1.0930276428337964,2026,0.18250051211079726,48.0
"Santana, Dennis",Four-Seam,214,0.8056583392303233,0.8098674946387122,1.1423531496186927,2026,0.866703844488513,41.0
"Santana, Dennis",Offspeed,106,0.7259797685869399,0.7115817486331619,1.0165604799446883,2026,-1.0244040267299943,60.0
"Santana, Dennis",Slider,247,0.7490660847434841,0.8115603431041278,1.1044139576319298,2026,-0.5909280019134997,56.0
"Santillan, Tony",Curveball,165,0.9401627483486678,0.8271774378430408,1.2522493789413904,2026,-0.29090111230399995,53.0
"Santillan, Tony",Four-Seam,321,0.7148716006274847,0.7571180839662296,1.0412824777419414,2026,-0.5352663533098974,55.0
"Sasaki, Roki",Four-Seam,685,0.7062329014997202,0.7905941568290458,1.0600962371279992,2026,-0.2742971772073854,53.0
"Sasaki, Roki",Offspeed,579,0.7662136210921039,1.0481985102032412,1.2983849313433087,2026,1.1348367373318071,39.0
"Sasaki, Roki",Slider,346,0.7135315420886953,0.892193313265266,1.1424255642232122,2026,-0.26722072911561434,53.0
"Scherzer, Max",Four-Seam,232,0.7209436757438008,0.7545567333907957,1.0436070369158934,2026,-0.5030219581319005,55.0
"Scherzer, Max",Slider,109,0.7541375310895471,1.0046199491380716,1.2561785931960547,2026,0.70150135562107,43.0
"Schlittler, Cam",Curveball,155,0.8897523809923655,1.1734814069722947,1.4726567529438963,2026,1.3577793138357517,36.0
"Schlittler, Cam",Cutter,542,0.6435613120465593,0.8693383244761422,1.0816285336316138,2026,0.05517876359090229,49.0
"Schlittler, Cam",Four-Seam,893,0.6810691222746131,0.8111573991390048,1.0591654618112631,2026,-0.2872081357543072,53.0
"Schlittler, Cam",Sinker,398,0.7165738115389717,0.771397226791525,1.0528683245710952,2026,0.1902063936495373,48.0
"Scholtens, Jesse",Four-Seam,132,0.6939863714639692,0.775258463691173,1.040501210620403,2026,-0.5461034557113952,55.0
"Scholtens, Jesse",Sinker,147,0.686282734197828,0.7679408497734902,1.0299112291886505,2026,-0.13098065949661872,51.0
"Scholtens, Jesse",Slider,195,0.6579314674016521,0.7400481149486791,0.9902247362272791,2026,-1.5633647063460554,66.0
"Schreiber, John",Four-Seam,184,0.8257158787579858,0.7079973117640997,1.0876887909224149,2026,0.1084442984611712,49.0
"Schreiber, John",Sinker,161,0.7679852732611654,0.6413555674263421,1.0005690100211941,2026,-0.5415004029642857,55.0
"Schreiber, John",Sweeper,188,1.129386103454723,0.6382040141605516,1.2972344947492276,2026,0.4953504541318535,45.0
"Schultz, Noah",Cutter,217,0.8408140414190418,0.7384861219561916,1.1190755133454209,2026,0.5178689438947515,45.0
"Schultz, Noah",Four-Seam,248,0.8825177236502054,0.7274215834129764,1.1436693982842165,2026,0.884961775970423,41.0
"Schultz, Noah",Offspeed,108,0.8503970606918017,0.8266056190598983,1.1859392945233973,2026,0.2733174420488646,47.0
"Schultz, Noah",Sinker,263,0.8563366310274785,0.6699243662952885,1.0872493192435835,2026,0.6712224010811461,43.0
"Schultz, Noah",Sweeper,196,0.9686438350990004,0.7430730484412499,1.2208310426078917,2026,-0.16277004455136182,52.0
"Schultz, Paxton",Cutter,252,0.8128687865431109,0.6405158844406924,1.0348991556460523,2026,-0.5222035644598226,55.0
"Schultz, Paxton",Four-Seam,199,0.7544340318436428,0.8409338722948316,1.1297524002969124,2026,0.691916493311043,43.0
"Schweitzer, Tyler",Four-Seam,132,0.5923770182324705,0.8150031076214642,1.0075418587645064,2026,-1.0032887913057429,60.0
"Schweitzer, Tyler",Slider,116,0.6178884029908598,1.039264353003589,1.2090725677040908,2026,0.30034590833070307,47.0
"Scott, Christian",Cutter,202,0.6351118920271509,0.7489017566098011,0.9819475324311138,2026,-1.1764671734330165,62.0
"Scott, Christian",Four-Seam,575,0.755007292257594,0.6698483495808069,1.0093229526758394,2026,-0.9785829044564501,60.0
"Scott, Christian",Sweeper,264,1.0217843715489385,0.8340423539966627,1.3189654848410377,2026,0.6825358447820832,43.0
"Scott, Tanner",Four-Seam,286,0.7296109738703878,0.8344174510798119,1.1084153805584918,2026,0.39594670081198835,46.0
"Scott, Tanner",Slider,320,0.6963571474895716,0.824154863050761,1.0789552887631775,2026,-0.8077343147110836,58.0
"Seabold, Connor",Four-Seam,252,0.7383833751181742,0.829298394691493,1.1103809418793145,2026,0.42321136960828415,46.0
"Seabold, Connor",Offspeed,100,0.9015702422396144,0.990351009954658,1.3392624927960195,2026,1.448026372177546,36.0
"Sears, JP",Four-Seam,162,0.7598331754733619,0.686443380471574,1.0239877778290007,2026,-0.7751643712767379,58.0
"Senga, Kodai",Cutter,135,0.6800260424749175,0.9610531151906259,1.177309860937937,2026,1.2374052320916784,38.0
"Senga, Kodai",Four-Seam,292,0.6985432487174247,0.9191790906454597,1.1544924733442432,2026,1.035090674897659,40.0
"Senga, Kodai",Offspeed,193,0.7961847425683156,1.064576431383599,1.329373206648913,2026,1.3722581069672954,36.0
"Senzatela, Antonio",Cutter,237,0.7557804776620539,0.8607106936287002,1.145437483471656,2026,0.8435941373307162,42.0
"Senzatela, Antonio",Four-Seam,316,0.6669293386261468,0.6746178647305933,0.9486327034917016,2026,-1.8204287047582117,68.0
"Severino, Luis",Cutter,225,0.692606313554192,0.7708215438037748,1.0362766802196999,2026,-0.5051830437602858,55.0
"Severino, Luis",Four-Seam,230,0.6688810910274446,0.7916065563994265,1.036360388122116,2026,-0.6035415792458939,56.0
"Severino, Luis",Sinker,259,0.7144111680392958,0.7107714408726685,1.0077595735985247,2026,-0.4408990033800428,54.0
"Severino, Luis",Sweeper,267,0.8732699776492223,0.8228904122777848,1.1998954473128798,2026,-0.3431041005347945,53.0
"Sewald, Paul",Four-Seam,354,0.8214951908439042,0.5293974856239464,0.9773003869663713,2026,-1.422773904160711,64.0
"Sewald, Paul",Sweeper,238,0.9172940008148508,0.6559058275271207,1.1276704919944267,2026,-0.9652320578373553,60.0
"Seymour, Ian",Four-Seam,318,0.6982880413358271,0.8003268825283615,1.0621343171040993,2026,-0.24602658857702137,52.0
"Seymour, Ian",Offspeed,372,0.7260555810150285,0.9341291836914005,1.1831120143701663,2026,0.25165580648820685,47.0
"Seymour, Ian",Sinker,161,0.7439510152771065,0.803450084827269,1.0949863706643947,2026,0.7794695771498991,42.0
"Seymour, Ian",Sweeper,290,0.7483296625286759,0.7902150743255786,1.0883184954376461,2026,-1.304200453535238,63.0
"Sheehan, Emmet",Curveball,175,0.8139167512577141,1.030307769995401,1.3130097405925092,2026,0.16359556410135923,48.0
"Sheehan, Emmet",Four-Seam,698,0.6458882030268737,0.8352843402899003,1.055874755803366,2026,-0.33285413441169864,53.0
"Sheehan, Emmet",Offspeed,273,0.74753915764567,0.96247756427404,1.2186787328678903,2026,0.5241556128147081,45.0
"Sheehan, Emmet",Slider,494,0.7338091420162932,0.8311356747017051,1.1087210499799067,2026,-0.5542487546340124,56.0
"Shugart, Chase",Cutter,174,0.7219984424838309,0.9196022711735575,1.1691664073589538,2026,1.1367857419872058,39.0
"Shugart, Chase",Sinker,165,0.7725453994971394,0.7785000400637535,1.096762830635439,2026,0.8043235899780242,42.0
"Shugart, Chase",Sweeper,123,0.9463685011424086,0.8570198415035807,1.2767522659801123,2026,0.3189215856202824,47.0
"Silseth, Chase",Four-Seam,280,0.6329294709456437,0.8451460349047086,1.0558747726443147,2026,-0.33285390080774957,53.0
"Silseth, Chase",Offspeed,216,0.7083095998617784,1.0032375264391793,1.2280830687344222,2026,0.5962083579231247,44.0
"Silseth, Chase",Sinker,117,0.6623823781725618,0.8119684373883443,1.0478755452001007,2026,0.12035365023997988,49.0
"Silseth, Chase",Sweeper,116,0.8027000574562836,0.8982869864952712,1.204677090488184,2026,-0.30191620518636036,53.0
"Singer, Brady",Cutter,123,0.8069976922310645,0.8443960401092193,1.1680111077461526,2026,1.1225110050060847,39.0
"Singer, Brady",Sinker,845,0.8001725071222988,0.7288559001184313,1.0823617529697886,2026,0.602841668136283,44.0
"Singer, Brady",Slider,517,0.803730413411762,0.7532474982300926,1.1015281980198852,2026,-0.6155031634953174,56.0
"Singer, Brady",Sweeper,232,0.8171736575836424,0.7619503416817611,1.1172918642134564,2026,-1.0546309985844877,61.0
"Sisk, Evan",Curveball,169,1.0649613205653192,0.7171994456641105,1.2839461278266842,2026,-0.053804646289860994,51.0
"Sisk, Evan",Four-Seam,109,0.8871306249641824,0.7268041385792137,1.1468413149190317,2026,0.9289600250108039,41.0
"Sisk, Evan",Sinker,184,0.9194686568816454,0.6531675453104799,1.1278521415658413,2026,1.2392864629256375,38.0
"Sisk, Evan",Sweeper,118,1.1867207521729481,0.6623619646199925,1.3590546404810897,2026,1.027853947069061,40.0
"Skenes, Paul",Four-Seam,828,0.6816013825622991,0.6982039540242072,0.975740337449403,2026,-1.4444136428630168,64.0
"Skenes, Paul",Offspeed,528,0.7445695498455626,0.7064916606382802,1.0264084377618192,2026,-0.9489524047859724,59.0
"Skenes, Paul",Sinker,205,0.7656696403478144,0.7180333220708919,1.0496770216378526,2026,0.1455576622769825,49.0
"Skenes, Paul",Slider,126,0.7857813221416533,0.7903303800101721,1.1144839145513532,2026,-0.50517213459043,55.0
"Skenes, Paul",Sweeper,318,0.9156397699030279,0.7746978424048026,1.1993969048045463,2026,-0.34739842278076144,53.0
"Skubal, Tarik",Four-Seam,496,0.649203407013935,0.7413306949184669,0.9854117225336818,2026,-1.3102600510463405,63.0
"Skubal, Tarik",Offspeed,339,0.7042395778152167,0.8737160823040176,1.1222001494555398,2026,-0.21502968189284594,52.0
"Skubal, Tarik",Sinker,260,0.6697534077823705,0.7215360436743803,0.984471375692242,2026,-0.7667184301845024,58.0
"Skubal, Tarik",Slider,187,0.7431950679629035,0.8220129594987764,1.1081715637158,2026,-0.5589281858905345,56.0
"Slaten, Justin",Cutter,183,0.6015953634013694,0.922040576566888,1.1009431439006399,2026,0.29382766334660654,47.0
"Slaten, Justin",Four-Seam,112,0.6097144033401403,0.9206789691562632,1.1042651030830697,2026,0.3383774255208227,47.0
"Smith, Burch",Four-Seam,125,0.7144439627689608,0.8513964279974714,1.1114432300139625,2026,0.43794656705574453,46.0
"Smith, Cade",Four-Seam,504,0.6704589248984052,0.7841658962276127,1.0317128102250066,2026,-0.6680090017207284,57.0
"Smith, Cade",Offspeed,208,0.9096753104339133,0.8950913915312387,1.27620443879747,2026,0.9648975307290325,40.0
"Smith, Cade",Sweeper,105,0.8221403642937967,1.0171237253810546,1.307843817638089,2026,0.5867365456580931,44.0
"Smith, Dylan",Four-Seam,138,0.6722074884408983,1.0490726888455941,1.2459600370789365,2026,2.3038543631181168,27.0
"Sommers, Drew",Sinker,120,0.8213971147213448,0.6120376966544095,1.0243453334684476,2026,-0.2088517322394637,52.0
"Soriano, George",Four-Seam,201,0.763439240043932,0.8462528455742437,1.1397295082085754,2026,0.8303108236606747,42.0
"Soriano, George",Offspeed,198,0.7581916476202605,0.8268412920867069,1.1218382667839157,2026,-0.21780230084943553,52.0
"Soriano, George",Slider,164,0.8370209801642036,0.7863047688309044,1.14842470833802,2026,-0.21613194980126485,52.0
"Soriano, José",Curveball,527,0.8548919091577324,0.8504538614795719,1.2058656421214047,2026,-0.6378584649443829,56.0
"Soriano, José",Four-Seam,483,0.7947146041958402,0.7374172688403904,1.0841381510242003,2026,0.05919270818302389,49.0
"Soriano, José",Offspeed,390,0.8298446067589783,0.8541531116888085,1.1908902592492046,2026,0.3112500089512104,47.0
"Soriano, José",Sinker,544,0.6928650124613438,0.6755906977496253,0.9677214043199022,2026,-1.0010631439098407,60.0
"Soroka, Michael",Curveball,421,0.9099741041588282,0.7414662816790145,1.173807955803063,2026,-0.8776547974381279,59.0
"Soroka, Michael",Cutter,148,0.7034251013332997,0.611504109692341,0.9320644555803991,2026,-1.7928162087507562,68.0
"Soroka, Michael",Four-Seam,421,0.6603347999069615,0.7543238263100189,1.0025200660870357,2026,-1.0729470170066813,61.0
"Soroka, Michael",Offspeed,160,0.8081605206447903,0.7981726877484853,1.1358710607267444,2026,-0.11028792243172435,51.0
"Soroka, Michael",Sinker,131,0.6258431037267064,0.6022444735391977,0.8685493632435536,2026,-2.3885546839833176,74.0
"Soto, Gregory",Four-Seam,150,0.81188713767201,0.915995692383274,1.224013412010654,2026,1.999428621044218,30.0
"Soto, Gregory",Sinker,273,0.8554606171680127,0.8033634414379016,1.1735440709936826,2026,1.878550965729983,31.0
"Soto, Gregory",Slider,195,0.9290727504366796,0.8551368177845193,1.2627094490557245,2026,0.7571181981844839,42.0
"Soto, Gregory",Sweeper,139,0.9195005710431227,0.9258426681663273,1.3048624242984288,2026,0.5610555585236583,44.0
"Speier, Gabe",Four-Seam,169,0.7872185168446223,0.7044964646941065,1.0564223880766355,2026,-0.32525782469870407,53.0
"Speier, Gabe",Sinker,135,0.7517052229253153,0.6882412445798681,1.0191843566862884,2026,-0.2810576840989068,53.0
"Speier, Gabe",Slider,126,0.763060121692124,0.8040342688041929,1.1084817791593564,2026,-0.5562863876552437,56.0
"Springs, Jeffrey",Four-Seam,783,0.6505275956320065,0.8820849654846481,1.0960200906063775,2026,0.22400931498828153,48.0
"Springs, Jeffrey",Offspeed,415,0.6566370335628581,0.7371294043907183,0.9871838494746787,2026,-1.2494775351031406,62.0
"Springs, Jeffrey",Slider,448,0.7168233832345229,0.7973743741627659,1.0722134373916652,2026,-0.8651479974461206,59.0
"Springs, Jeffrey",Sweeper,110,0.867170447345456,0.8300211760895828,1.2003831627886374,2026,-0.33890303967791874,53.0
"Sproat, Brandon",Curveball,165,0.9389365942322877,0.8978463461255541,1.29912662556024,2026,0.05974776812295227,49.0
"Sproat, Brandon",Cutter,361,0.8212130333227363,0.7103906360544819,1.0858387089678747,2026,0.10719916150638815,49.0
"Sproat, Brandon",Four-Seam,401,0.8475969108152213,0.7765864791881328,1.1495682158451175,2026,0.9667853779023234,40.0
"Sproat, Brandon",Offspeed,132,0.902846947901348,0.7228025149533358,1.1565362454145771,2026,0.04804152326892873,50.0
"Sproat, Brandon",Sinker,408,0.8577876080321809,0.7118024411400232,1.1146579276650153,2026,1.0546894740301245,39.0
"Sproat, Brandon",Sweeper,160,0.9075105769693703,0.7205426300769635,1.15877397669671,2026,-0.6973143094981044,57.0
"Stanek, Ryne",Four-Seam,375,0.730579387596132,0.8350683778018325,1.1095428956038262,2026,0.4115866729401629,46.0
"Stanek, Ryne",Offspeed,110,0.6869190447185818,0.9683599635907424,1.1872568353488442,2026,0.28341198084598496,47.0
"Stanek, Ryne",Slider,168,0.7137157793900752,1.1765745848860136,1.376124255854128,2026,1.7229599790480734,33.0
"Sterner, Justin",Cutter,224,0.6980936451355552,0.8108550464241545,1.0699629169696323,2026,-0.08896013139981121,51.0
"Sterner, Justin",Four-Seam,287,0.7048664455647984,0.7489310706958338,1.0284621795363993,2026,-0.713099108127003,57.0
"Sterner, Justin",Sweeper,215,0.8619554032041679,0.9100962327477731,1.2534920302796297,2026,0.11856365034828824,49.0
"Strahm, Matt",Four-Seam,237,0.6987282349438464,0.7958838540454379,1.05908085406071,2026,-0.28838174569056035,53.0
"Strahm, Matt",Slider,174,0.6959794100531309,0.9451202647379057,1.1737289525423462,2026,-0.00064071919716961,50.0
"Strider, Spencer",Curveball,100,0.7508661599041119,1.0030102573702133,1.252928396389438,2026,-0.2858219593007496,53.0
"Strider, Spencer",Four-Seam,329,0.6782923940399486,0.7981749811129918,1.0474559046982215,2026,-0.4496335930810531,54.0
"Strider, Spencer",Slider,191,0.6769712529209585,0.8827888155518068,1.11247749197219,2026,-0.5222588520282024,55.0
"Suarez, José",Four-Seam,359,0.8556844399975567,0.8736216686013961,1.2228698543605612,2026,1.9835661189442058,30.0
"Suarez, José",Offspeed,232,0.7260946786651065,0.8201777162411629,1.095401738452315,2026,-0.4203497709166359,54.0
"Suarez, José",Slider,242,0.7952749023755609,0.7579111034485257,1.0985860963433953,2026,-0.6405581347368922,56.0
"Suarez, Ranger",Curveball,249,0.7794173437471555,0.8153428623518113,1.1279518513313929,2026,-1.2206653804715364,62.0
"Suarez, Ranger",Cutter,314,0.7349900536097438,0.6445048086914832,0.9775463300180198,2026,-1.2308478779285872,62.0
"Suarez, Ranger",Four-Seam,330,0.7754076398196704,0.7258677191575503,1.062139799464127,2026,-0.2459505417354425,52.0
"Suarez, Ranger",Offspeed,212,0.6608162922546108,0.8271077135439717,1.0586714985835162,2026,-0.7017640726384577,57.0
"Suarez, Ranger",Sinker,359,0.740627196567729,0.6362712823746177,0.9764065695551285,2026,-0.8795511415629339,59.0
"Suarez, Robert",Four-Seam,221,0.6693095544182237,0.8121599849736264,1.0524158497608644,2026,-0.3808332672157778,54.0
"Suarez, Robert",Offspeed,148,0.7175018917912293,0.7795348898521187,1.0594732697056344,2026,-0.695621181623382,57.0
"Sugano, Tomoyuki",Cutter,170,0.752552021636337,0.8449688873985673,1.1315065028273195,2026,0.6714646893645577,43.0
"Sugano, Tomoyuki",Four-Seam,323,0.7048662483623385,0.8268816963262906,1.0865402743570263,2026,0.0925130103193833,49.0
"Sugano, Tomoyuki",Offspeed,324,0.6741935462889911,0.8031494076691,1.0486114194004146,2026,-0.7788408945892902,58.0
"Sugano, Tomoyuki",Sinker,308,0.7116977428711927,0.6089704586736684,0.9366742746254796,2026,-1.4354358695998526,64.0
"Sugano, Tomoyuki",Slider,166,0.7209606631271605,0.8241135496276925,1.0949645749779808,2026,-0.6713990517542344,57.0
"Sugano, Tomoyuki",Sweeper,163,0.8512339490646285,0.6513482453095998,1.0718459650099248,2026,-1.4460907691666862,64.0
"Sullivan, Sean",Four-Seam,189,0.641078389041579,0.7492294835093983,0.9860660829051499,2026,-1.3011832959166507,63.0
"Sulser, Cole",Four-Seam,350,0.5087156382330451,0.7511991640976439,0.90724406017557,2026,-2.3945383191405427,74.0
"Sulser, Cole",Offspeed,304,0.6729891072660509,0.9493450282511812,1.1636882405369542,2026,0.10283761827051152,49.0
"Suter, Brent",Four-Seam,255,0.628606239643871,0.8433802584052983,1.0518726466578525,2026,-0.3883681390795268,54.0
"Suter, Brent",Offspeed,302,0.8151651578700676,1.0508366275044707,1.3299443042136396,2026,1.3766336575481424,36.0
"Suter, Brent",Sinker,311,0.6847225796238812,0.6814614157163711,0.9660407197199004,2026,-1.0245771871696645,60.0
"Suter, Brent",Slider,157,0.9617436846094294,0.9779089018563121,1.371589127696753,2026,1.6843387762297353,33.0
"Suárez, Albert",Cutter,142,0.6957857022064231,0.9900350551234193,1.2100773337965294,2026,1.642276013151051,34.0
"Suárez, Albert",Four-Seam,361,0.7214579215036768,0.7831742217745831,1.0648302184633143,2026,-0.20863123647693346,52.0
"Suárez, Albert",Offspeed,116,0.6220476499759521,0.7287808683619881,0.9581569980598471,2026,-1.4718711582122257,65.0
"Svanson, Matt",Cutter,171,0.7437771836207752,0.7590768553410933,1.0627333490529858,2026,-0.1782877649883421,52.0
"Svanson, Matt",Sinker,354,0.7674188815773175,0.7684494438698545,1.086023152416775,2026,0.6540674037608244,43.0
"Svanson, Matt",Sweeper,254,0.8917693511954882,0.9210097074482698,1.281995108003759,2026,0.3640821341349873,46.0
"Sánchez, Cristopher",Offspeed,810,0.8027290975202939,0.7640615170008696,1.1082256114020355,2026,-0.32209772398185527,53.0
"Sánchez, Cristopher",Sinker,893,0.7578934747764865,0.6040224674983937,0.9691468724355586,2026,-0.9811197714668435,60.0
"Sánchez, Cristopher",Slider,400,0.8775611613351463,0.8096651527695283,1.1940147618405705,2026,0.1721134628355413,48.0
"Taillon, Jameson",Curveball,142,0.6320119014029517,1.0198533172131838,1.1998082480737118,2026,-0.6831686867327573,57.0
"Taillon, Jameson",Cutter,234,0.6776542445680048,0.7807495757229652,1.0338206687683427,2026,-0.5355292129291118,55.0
"Taillon, Jameson",Four-Seam,355,0.6803239669176616,0.798173882474527,1.0487717800489502,2026,-0.43138083991850507,54.0
"Taillon, Jameson",Offspeed,211,0.6033502494609259,0.8685526509580173,1.057551526409357,2026,-0.7103449092587661,57.0
"Taillon, Jameson",Sinker,118,0.7431043467616204,0.7864257674495161,1.0819748416135075,2026,0.5974284868830597,44.0
"Taillon, Jameson",Sweeper,213,0.5900286220653919,0.8041989918071706,0.9974315982963716,2026,-2.0870777764045894,71.0
"Taylor, Grant",Curveball,236,0.5394071350700335,1.1699061048562083,1.2882702944430127,2026,-0.021459227303894053,50.0
"Taylor, Grant",Four-Seam,416,0.5414493689235433,0.9640364044233525,1.1056824174061959,2026,0.3580372576465931,46.0
"Taylor, Grant",Slider,130,0.5810573903872666,1.1721253678010586,1.3082452250118963,2026,1.1449013826207999,39.0
"Teng, Kai-Wei",Curveball,113,1.0837220050491794,1.0248220545409938,1.491547393716149,2026,1.4990841581922585,35.0
"Teng, Kai-Wei",Four-Seam,326,0.8014408355598374,0.7896228414582163,1.1250829501220778,2026,0.6271456763800392,44.0
"Teng, Kai-Wei",Offspeed,118,1.059107612362637,0.846651523048943,1.3559232043318608,2026,1.575674939673841,34.0
"Teng, Kai-Wei",Sinker,177,0.7728586086472935,0.7488040305452309,1.0761124035717706,2026,0.5154085637390681,45.0
"Teng, Kai-Wei",Sweeper,407,0.9251793966557889,0.744736588813366,1.1876824081856807,2026,-0.4483042083252294,54.0
"Thielbar, Caleb",Curveball,135,0.6754303044606411,0.8898646036121263,1.1171683440491684,2026,-1.3013276426204279,63.0
"Thielbar, Caleb",Four-Seam,221,0.6654998952570635,0.895326255098985,1.1155712499238832,2026,0.49520710349191893,45.0
"Thielbar, Caleb",Slider,123,0.7256035528707188,0.8775646426422455,1.138692328047582,2026,-0.2990130107236429,53.0
"Thompson, Ryan",Sinker,398,0.7879277632679079,0.5891104275647985,0.9838095628697395,2026,-0.7759776899755493,58.0
"Thompson, Ryan",Slider,201,1.0262778382260802,0.485114961714595,1.1351575781861079,2026,-0.3291149806294066,53.0
"Thornton, Trent",Cutter,109,0.6047259218819508,0.9441929244813767,1.1212465024412206,2026,0.5446934126196055,45.0
"Thornton, Trent",Four-Seam,145,0.7117200748952022,0.8291196548031656,1.0926961457741822,2026,0.17790225438076393,48.0
"Thornton, Zac",Cutter,164,0.6715052966094006,0.8784759768664129,1.1057302588361582,2026,0.35297665452235,46.0
"Thornton, Zac",Four-Seam,109,0.7636568327462978,0.7807777876371996,1.0921472940348966,2026,0.17028902922652267,48.0
"Tolle, Payton",Curveball,113,0.9411143877223495,0.8963163236688647,1.299645814386859,2026,0.06363137891315834,49.0
"Tolle, Payton",Cutter,280,0.7875381348075766,0.6994063162258107,1.0532737103681813,2026,-0.29516987302835723,53.0
"Tolle, Payton",Four-Seam,687,0.7378044182320714,0.7122616365067119,1.0255106037491688,2026,-0.7540409680494002,58.0
"Tolle, Payton",Sinker,322,0.7193325436207857,0.6814846155845208,0.9908887877003815,2026,-0.6769340033055135,57.0
"Topa, Justin",Sinker,153,0.7654645956282686,0.5827197534713566,0.962028252311785,2026,-1.08071462795597,61.0
"Treinen, Blake",Sinker,138,0.7235187537997033,0.6847090386839798,0.9961454987879108,2026,-0.6033886564174493,56.0
"Treinen, Blake",Sweeper,156,0.9504799544506785,0.7857339561752483,1.2332031437274926,2026,-0.05619981597675826,51.0
"Ureña, Walbert",Four-Seam,351,0.8080467504025867,0.8747011959409218,1.1908155747287903,2026,1.5389352094906747,35.0
"Ureña, Walbert",Offspeed,512,0.6909910955255708,0.7515575847545979,1.0209346195020488,2026,-0.9908908933128059,60.0
"Ureña, Walbert",Sinker,490,0.7232412954311881,0.7984297768792625,1.0772966536773667,2026,0.531977114562588,45.0
"Ureña, Walbert",Sweeper,248,0.8304872959293966,0.915462371522972,1.2360341833357948,2026,-0.03181393881297262,50.0
"Uribe, Abner",Sinker,427,0.7728431659401888,0.877130871635026,1.16903598110395,2026,1.8154793931778008,32.0
"Uribe, Abner",Slider,226,0.8288752344591737,0.9753086478994041,1.27994574610298,2026,0.9039026993052794,41.0
"Valdez, Framber",Curveball,518,0.9179532155642001,0.907732972174395,1.2909753114359763,2026,-0.0012252918974321365,50.0
"Valdez, Framber",Offspeed,348,0.7416945884747282,0.8944504111980656,1.1619605848156318,2026,0.0896009220178238,49.0
"Valdez, Framber",Sinker,842,0.6881067901186342,0.7776396439656905,1.0383710177361731,2026,-0.012621846739487134,50.0
"Varland, Gus",Four-Seam,328,0.6709667780192429,0.915905417866949,1.1353762159229663,2026,0.7699254919576056,42.0
"Varland, Gus",Slider,224,0.6718665080060886,0.9387387980388764,1.1543981702704529,2026,-0.1652618802432648,52.0
"Varland, Louis",Curveball,260,0.7321475357940288,0.9440157480624974,1.1946571670396764,2026,-0.7216995503788044,57.0
"Varland, Louis",Four-Seam,342,0.6706365556513544,0.7924636678402799,1.0381483779416032,2026,-0.5787400379645137,56.0
"Varland, Louis",Offspeed,142,0.672386477559629,0.8007777467975263,1.0456330976834889,2026,-0.801659757990821,58.0
"Vesia, Alex",Four-Seam,340,0.7067101805878335,0.7419792422355397,1.0246816458075718,2026,-0.76553959873788,58.0
"Vesia, Alex",Slider,220,0.7042668140901234,0.9336714701843917,1.1695016715101076,2026,-0.03664029240673793,50.0
"Vest, Will",Four-Seam,214,0.6735563596456932,0.7480744687278446,1.0066248458992084,2026,-1.0160088483141028,60.0
"Vest, Will",Slider,140,0.6352187068084236,0.7808850625264813,1.0066202294591307,2026,-1.4237405000522851,64.0
"Vodnik, Victor",Four-Seam,315,0.7224136218255267,0.9594383885732464,1.2010010251732106,2026,1.6802194980886862,33.0
"Vodnik, Victor",Offspeed,101,0.9333111835910403,1.0163669749244666,1.3798810068745855,2026,1.7592312762900184,32.0
"Vodnik, Victor",Slider,159,0.853537236778327,1.0164472134730063,1.3272869894428336,2026,1.3070612644557378,37.0
"Vásquez, Randy",Curveball,166,0.7282523367743599,0.7552173677910168,1.0491447653353219,2026,-1.8101542789752552,68.0
"Vásquez, Randy",Cutter,353,0.7341864280237044,0.7901734239293446,1.0786119556997456,2026,0.01790630536159097,50.0
"Vásquez, Randy",Four-Seam,496,0.7116746484423886,0.7833501611457904,1.05835640509364,2026,-0.29843071284194506,53.0
"Vásquez, Randy",Offspeed,123,0.8286854855073355,0.8937891737491113,1.2188431896686494,2026,0.5254156235283416,45.0
"Vásquez, Randy",Sinker,191,0.7457630584614873,0.6928538798635718,1.0179435338995169,2026,-0.2984177293363589,53.0
"Vásquez, Randy",Sweeper,104,0.8521204529757322,0.7082711156913652,1.1080420748790447,2026,-1.1343064032797716,61.0
"Wacha, Michael",Curveball,204,0.8993216310916571,1.166698873241829,1.4730803294366237,2026,1.360947729936588,36.0
"Wacha, Michael",Cutter,299,0.6679508203489363,0.811830888375709,1.0512980974612813,2026,-0.3195802980904115,53.0
"Wacha, Michael",Four-Seam,528,0.6596189166306187,0.8387021830770931,1.0670138082870497,2026,-0.17834225352818978,52.0
"Wacha, Michael",Offspeed,469,0.598201675388889,0.9358456212631613,1.1106990012039744,2026,-0.30314747300378364,53.0
"Wacha, Michael",Sinker,298,0.7550047077503991,0.8132557410969385,1.1096923038177728,2026,0.9852166568483968,40.0
"Wacha, Michael",Slider,172,0.5962454049877259,0.9090160407915754,1.0871148722123933,2026,-0.7382472095246851,57.0
"Waguespack, Jacob",Four-Seam,131,0.6747665728414932,0.8928416337491906,1.1191407913127722,2026,0.5447208798832821,45.0
"Waldron, Matt",Cutter,104,0.6907235728399,0.7593847458790479,1.0265301974859302,2026,-0.6256093608593255,56.0
"Waldron, Matt",Four-Seam,110,0.6821830787453949,0.8733930860601626,1.1082369943763113,2026,0.39347227270666196,46.0
"Walker, Ryan",Sinker,335,0.9077779987739346,0.6839757619359718,1.1366106360464443,2026,1.3618243966388424,36.0
"Walker, Ryan",Slider,141,1.037448119404823,0.6923531504368167,1.2472575858163337,2026,0.6255299556076438,44.0
"Warren, Austin",Four-Seam,101,0.8821314109512076,0.7480746401312134,1.1566207214961233,2026,1.064612003162834,39.0
"Warren, Austin",Sinker,163,0.8061126732494754,0.5922138343761653,1.0002673980491095,2026,-0.5457201815945368,55.0
"Warren, Austin",Sweeper,311,0.9964925530821621,0.7067027789019916,1.2216489782486633,2026,-0.15572454861225693,52.0
"Warren, Will",Four-Seam,665,0.7262127217742439,0.7780772206829142,1.0643256450036351,2026,-0.2156302693312199,52.0
"Warren, Will",Offspeed,188,0.6842070097742635,0.7288071101968053,0.999649456608494,2026,-1.1539703960364793,62.0
"Warren, Will",Sinker,481,0.8114200208734803,0.7050992408024188,1.0749732041564881,2026,0.49947030600023345,45.0
"Warren, Will",Sweeper,342,0.91345089215523,0.8484477818511134,1.2466981073649146,2026,0.06004247347297493,49.0
"Watson, Ryan",Curveball,126,0.7524604153155732,0.8566441562524344,1.140191162506678,2026,-1.12911348546145,61.0
"Watson, Ryan",Cutter,236,0.6402877332065416,0.7098872752044589,0.955985525409241,2026,-1.497250472962272,65.0
"Watson, Ryan",Four-Seam,172,0.6943245310563059,0.7654247203489409,1.0334222549121987,2026,-0.6442969746635552,56.0
"Watson, Ryan",Sinker,153,0.6251944335297029,0.7398218968341906,0.9686095801466481,2026,-0.9886368952178426,60.0
"Watson, Ryan",Sweeper,191,0.8303103891242056,0.9051497768833343,1.228296161713265,2026,-0.0984673491800891,51.0
"Way, Beck",Cutter,164,0.845687431411078,0.8840178395868582,1.223386599711834,2026,1.8067236319744633,32.0
"Weathers, Ryan",Four-Seam,463,0.7168681069595776,0.8502697446210302,1.112141412498303,2026,0.4476311869112819,46.0
"Weathers, Ryan",Offspeed,445,0.7310816231426589,0.9140924046878426,1.1704893267368597,2026,0.15494517135845484,48.0
"Weathers, Ryan",Sinker,326,0.7408375627615862,0.6988883992362243,1.0184720364278537,2026,-0.291023580955262,53.0
"Weathers, Ryan",Slider,216,0.71912078939581,0.7888185967588589,1.0674125202253664,2026,-0.9060326624786047,59.0
"Weathers, Ryan",Sweeper,363,0.9696954172627803,0.7991111375839046,1.25653802667133,2026,0.14480111224444353,49.0
"Weaver, Luke",Four-Seam,308,0.7433268528882885,0.6932524255776904,1.0164318648065684,2026,-0.8799738543632324,59.0
"Weaver, Luke",Offspeed,215,0.6428048034556242,0.7677293662659833,1.001302349529248,2026,-1.1413065063157366,61.0
"Webb, Jacob",Four-Seam,367,0.684639132897996,0.7401449545831814,1.0082387098749281,2026,-0.9936226391869034,60.0
"Webb, Jacob",Offspeed,287,0.6840750758470086,0.7824916981674835,1.0393517051971015,2026,-0.8497855988977024,58.0
"Webb, Logan",Cutter,206,0.7882032218151873,0.6128820752894856,0.9984431666805017,2026,-0.9726491874857673,60.0
"Webb, Logan",Four-Seam,200,0.7865836974968242,0.6573431910623699,1.025092183173706,2026,-0.7598449581293287,58.0
"Webb, Logan",Offspeed,415,0.7165840658218084,0.5517814912932304,0.9044089437436448,2026,-1.8836700255305214,69.0
"Webb, Logan",Sinker,480,0.7962321784446009,0.6824182423813673,1.0486564449453926,2026,0.1312790257639525,49.0
"Webb, Logan",Sweeper,306,0.9550960070585245,0.6676022220928685,1.1652901396830202,2026,-0.6411856881614848,56.0
"Weiss, Ryan",Four-Seam,196,0.7071928544788981,0.8266215336576803,1.087853341830868,2026,0.11072681489633711,49.0
"Weiss, Ryan",Sweeper,171,0.8632801420841534,0.8401665835127882,1.2046296077086878,2026,-0.30232521014157043,53.0
"Weissert, Greg",Four-Seam,191,0.7657975480677977,0.6269286483436366,0.9896895547294767,2026,-1.2509214403660789,63.0
"Weissert, Greg",Sinker,243,0.7390301724164974,0.6149437789178717,0.9614163754439333,2026,-1.0892752461352138,61.0
"Wells, Tyler",Cutter,219,0.618476312903078,0.8643731732929284,1.0628517922695868,2026,-0.17682429547321063,52.0
"Wells, Tyler",Four-Seam,228,0.614162559818163,0.8034074376179479,1.011266117647692,2026,-0.9516288996066036,60.0
"Wells, Tyler",Offspeed,185,0.6501392547859556,0.7891027002004523,1.0224304974311371,2026,-0.9794299977570141,60.0
"Wells, Tyler",Slider,120,0.4902030922329874,0.8332144748777945,0.9667189006017528,2026,-1.7635406690984314,68.0
"Wheeler, Zack",Curveball,134,0.9657233544978406,0.7283310560774439,1.2095816320817072,2026,-0.6100622991445356,56.0
"Wheeler, Zack",Cutter,176,0.815864294067052,0.6491810740063422,1.042626785183249,2026,-0.4267219440137138,54.0
"Wheeler, Zack",Four-Seam,576,0.7102010207865882,0.6873509882165277,0.9883505809825526,2026,-1.2694945957034773,63.0
"Wheeler, Zack",Offspeed,256,0.6518685533881342,0.6802925242404394,0.9421945284460994,2026,-1.5941700393563285,66.0
"Wheeler, Zack",Sinker,243,0.7873403881339067,0.6567957868677611,1.0253221895746196,2026,-0.19518477965411382,52.0
"Wheeler, Zack",Sweeper,229,0.9793248829131234,0.7325488496237299,1.2229902057571242,2026,-0.14417154554790398,51.0
"Whitlock, Garrett",Sinker,301,0.6405735773130853,0.7404119314989728,0.979052775011502,2026,-0.8425287343989237,58.0
"Whitlock, Garrett",Slider,150,0.6857019971939856,0.8022466157051604,1.0553610099706185,2026,-1.0086634604768894,60.0
"Wilcox, Cole",Four-Seam,112,0.6827306241419621,0.7190536759224376,0.9915438941362319,2026,-1.2251995515470937,62.0
"Wilcox, Cole",Sweeper,107,0.9470027799002833,0.8711158790521718,1.2867234123445885,2026,0.40481058191449765,46.0
"Williams, Devin",Four-Seam,337,0.7514979257947886,0.7260319230868388,1.0449265456552643,2026,-0.48471880555576624,55.0
"Williams, Devin",Offspeed,315,0.7870948072271315,0.6181496294147285,1.0008132692513032,2026,-1.1450536690186035,61.0
"Williams, Gavin",Curveball,443,0.7433804740191776,0.8554103477958542,1.133287868226428,2026,-1.1807511686707304,62.0
"Williams, Gavin",Cutter,158,0.6370977382403482,0.7187274025114722,0.960449169499279,2026,-1.4420982469452177,64.0
"Williams, Gavin",Four-Seam,504,0.6572219437715672,0.7666291033647132,1.0097825832824912,2026,-0.9722072823243684,60.0
"Williams, Gavin",Sinker,375,0.6627183272053118,0.7249756486085048,0.9822348356116927,2026,-0.7980093102260696,58.0
"Williams, Gavin",Sweeper,568,0.9414382345238659,0.8926482315139442,1.2973537738983865,2026,0.4963778953131988,45.0
"Williamson, Brandon",Cutter,137,0.7608793786324787,0.795328291361694,1.1006745749168818,2026,0.2905092586990559,47.0
"Williamson, Brandon",Four-Seam,106,0.699209520636355,0.9123825186835913,1.1494937207953488,2026,0.9657520431305263,40.0
"Williamson, Brandon",Offspeed,122,0.7665235748785795,0.989029309559022,1.2512942763440713,2026,0.7740445442622821,42.0
"Winn, Cole",Cutter,175,0.6851355489622856,0.8686704094313837,1.1063448832409992,2026,0.3605708765095027,46.0
"Winn, Cole",Four-Seam,170,0.6829324736974058,0.792955288123115,1.0465060212883968,2026,-0.4628096035619304,55.0
"Winn, Cole",Slider,127,0.7455066787447634,0.9758867732373357,1.2280615628838103,2026,0.46205640662384645,45.0
"Winn, Keaton",Four-Seam,125,0.7681784597505789,0.7653551967112043,1.0843738853170606,2026,0.062462622660214726,49.0
"Winn, Keaton",Offspeed,247,0.7974467361100468,0.8674693070293675,1.1783141752395996,2026,0.21489643455039895,48.0
"Winn, Keaton",Sinker,122,0.7249983813009341,0.6609813321798614,0.9810805137088591,2026,-0.8141591429543295,58.0
"Wolfram, Grant",Four-Seam,114,0.651753731693022,0.7903827484791761,1.024445125845829,2026,-0.7688204113751238,58.0
"Wolfram, Grant",Sinker,211,0.6978315435549102,0.7583726857102643,1.0305813862144162,2026,-0.12160465801798798,51.0
"Woo, Bryan",Four-Seam,838,0.6541486961458369,0.7364742441684162,0.9850405214978409,2026,-1.3154090500583921,63.0
"Woo, Bryan",Offspeed,116,0.8252375400021847,0.7548018092315233,1.1183661156562454,2026,-0.2444047131548341,52.0
"Woo, Bryan",Sinker,317,0.7897190259942896,0.6478039596303573,1.0214235703811319,2026,-0.2497293981798933,52.0
"Woo, Bryan",Slider,269,0.7828203030521282,0.7756858659420042,1.1020418274697303,2026,-0.611129089275677,56.0
"Woo, Bryan",Sweeper,215,0.8360146979447974,0.7580293102858361,1.1285074259534809,2026,-0.9580229150687966,60.0
"Woodford, Jake",Cutter,162,0.7509427309659963,0.8172933152132569,1.1099024048460047,2026,0.40452716685480655,46.0
"Woodford, Jake",Sinker,127,0.6509331835725465,0.5975003245375748,0.8835839786338352,2026,-2.178209092263423,72.0
"Woodruff, Brandon",Four-Seam,281,0.6291668240532203,0.7415735962132949,0.9725133886430226,2026,-1.48917525345054,65.0
"Woodruff, Brandon",Offspeed,136,0.6570733125849949,0.9410563222581497,1.1477509920594506,2026,-0.01926802731427756,50.0
"Woodruff, Brandon",Sinker,123,0.6593726459092543,0.7376499906142977,0.9893936500840524,2026,-0.6978521045302839,57.0
"Woods Richardson, Simeon",Four-Seam,444,0.6499989136176851,0.8695072052008673,1.0856064515285426,2026,0.07955977916688485,49.0
"Woods Richardson, Simeon",Offspeed,248,0.6856359103610713,1.0247502148533743,1.2329678034801606,2026,0.6336334937915129,44.0
"Woods Richardson, Simeon",Slider,240,0.6312725043559594,0.8452203033446368,1.054941863773471,2026,-1.0122329142450794,60.0
"Wrobleski, Justin",Four-Seam,802,0.6498535001314938,0.7634292613106007,1.0025636182599102,2026,-1.0723428966690434,61.0
"Wrobleski, Justin",Sinker,122,0.6497809793422995,0.6832316969192722,0.9428790340177398,2026,-1.3486266129634517,63.0
"Wrobleski, Justin",Slider,478,0.7675769835253597,0.845629734552248,1.1420438142194,2026,-0.2704717164772732,53.0
"Yamamoto, Yoshinobu",Curveball,239,0.6715815926585011,0.7744802336527914,1.0251055886671439,2026,-1.9899709489605792,70.0
"Yamamoto, Yoshinobu",Cutter,256,0.7744062825055434,0.6834605161241086,1.0328714186599843,2026,-0.5472580281004947,55.0
"Yamamoto, Yoshinobu",Four-Seam,495,0.7005838289152019,0.8031072342399785,1.0657386785821712,2026,-0.19602981621449653,52.0
"Yamamoto, Yoshinobu",Offspeed,511,0.5964645385267374,0.8315955986860857,1.023387114182108,2026,-0.9721007334790925,60.0
"Yamamoto, Yoshinobu",Sinker,236,0.7774087261233852,0.6795709355038164,1.032560402027076,2026,-0.09391673642299753,51.0
"Yamamoto, Yoshinobu",Slider,123,0.5582145240777587,0.6003420735500022,0.819764637054853,2026,-3.015004843982807,80.0
"Yarbrough, Ryan",Cutter,187,0.8084086998271098,0.5236821817510936,0.9632069629315101,2026,-1.4080232975059903,64.0
"Yarbrough, Ryan",Four-Seam,127,0.7218089012915495,0.6089830161719931,0.9443878461573146,2026,-1.8793099149669805,69.0
"Yarbrough, Ryan",Offspeed,147,0.6321886031883388,0.565823719004468,0.8484214229905266,2026,-2.3126269044987624,73.0
"Yarbrough, Ryan",Sweeper,147,1.043990788266756,0.5566822858062402,1.1831364812718366,2026,-0.48746170191573096,55.0
"Yates, Kirby",Four-Seam,277,0.7897211726918263,0.7158267503219763,1.0658646570152677,2026,-0.19428234580110132,52.0
"Yates, Kirby",Offspeed,147,0.8116172744777617,0.7035894412209113,1.0741325346661206,2026,-0.583307000519579,56.0
"Yesavage, Trey",Four-Seam,668,0.6901501199860041,0.9300843148034742,1.1581727076563944,2026,1.0861398935359081,39.0
"Yesavage, Trey",Offspeed,415,0.6476564309057107,1.3157877851539836,1.4665457197284881,2026,2.423226113754194,26.0
"Yesavage, Trey",Slider,342,0.619670965310303,1.0577308513731465,1.2258819923610773,2026,0.4434951593350679,46.0
"Yoho, Craig",Offspeed,140,0.9622291807123671,0.7016161973421458,1.1908611525225121,2026,0.3110270033515515,47.0
"Young, Brandon",Curveball,174,0.7978404109077407,0.9496082553661862,1.240284306091569,2026,-0.3804016632456968,54.0
"Young, Brandon",Four-Seam,608,0.6476741444940387,0.6996352246613282,0.9533998348190501,2026,-1.7543029342865983,68.0
"Young, Brandon",Offspeed,310,0.7104213213923531,1.0637719919693713,1.2791830614839073,2026,0.9877187000541084,40.0
"Young, Brandon",Sinker,204,0.6196705921288955,0.6544629547335695,0.9012843069020842,2026,-1.9305681698605874,69.0
"Young, Brandon",Slider,225,0.6084335619675585,0.8603461059887577,1.0537489366156199,2026,-1.0223918954496023,60.0
"Zeferjahn, Ryan",Four-Seam,295,0.9691258794847523,0.9606905035130671,1.3645992869070704,2026,3.9495215923914135,20.0
"Zeferjahn, Ryan",Sinker,150,0.8136632858466171,0.7918162325241578,1.1353505576796379,2026,1.3441949513355282,37.0
"Zeferjahn, Ryan",Slider,101,0.7154864570085769,0.8113714874719253,1.0817784250229299,2026,-0.7836924543075598,58.0
"Zeferjahn, Ryan",Sweeper,348,0.8877778164489355,0.854171749764197,1.2319735506390022,2026,-0.06679122767210723,51.0
"Zerpa, Angel",Sinker,147,0.7347056579617821,0.6617828261655491,0.9888118692899658,2026,-0.7059916559725198,57.0
"Zuber, Tyler",Four-Seam,113,0.7716552997316338,0.7046322702212057,1.0449681994400633,2026,-0.4841410181142737,55.0
"deGrom, Jacob",Curveball,115,0.8066956661379193,0.8144205288820973,1.1463152688638045,2026,-1.0833042455288622,61.0
"deGrom, Jacob",Four-Seam,757,0.7208625847328124,0.7253574884410013,1.0226369600719059,2026,-0.7939018170949798,58.0
"deGrom, Jacob",Offspeed,236,0.8593000130916654,1.1398100453139661,1.427432468419421,2026,2.12355400857523,29.0
"deGrom, Jacob",Slider,648,0.7484560307290415,0.6385037668360447,0.983805616063707,2026,-1.6180300064543758,66.0
